aa2026-03-10 15:44:32,0,0,0,0,0
2026-03-10 15:44:32,0,0,0,1,0
2026-03-10 15:44:32,1,0,1,1,0
2026-03-10 15:44:32,1,0,1,1,0
2026-03-10 15:44:33,1,0,1,1,0
2026-03-10 15:44:33,1,0,1,0,0
2026-03-10 15:44:33,1,0,1,0,0
2026-03-10 15:44:33,1,0,1,0,1
2026-03-10 15:44:34,1,0,1,0,1
2026-03-10 15:44:34,1,0,1,0,1
2026-03-10 15:44:34,1,0,1,0,0
2026-03-10 15:44:34,1,0,1,0,0
2026-03-10 15:44:34,1,0,1,1,0
2026-03-10 15:44:35,1,0,1,1,0
2026-03-10 15:44:35,1,0,1,0,0
2026-03-10 15:44:35,1,0,1,0,0
2026-03-10 15:44:35,1,0,1,0,1
2026-03-10 15:44:36,1,0,1,0,1
2026-03-10 15:44:36,1,0,1,0,1
2026-03-10 15:44:36,1,0,1,0,1
2026-03-10 15:44:36,1,0,1,0,1
2026-03-10 15:44:37,1,0,1,0,1
2026-03-10 15:44:37,1,0,1,0,1
2026-03-10 15:44:37,1,0,1,0,1
2026-03-10 15:44:37,1,0,1,0,1
2026-03-10 15:44:38,1,0,1,0,1
2026-03-10 15:44:38,1,0,1,0,1
2026-03-10 15:44:38,1,0,1,0,1
2026-03-10 15:44:38,1,0,1,0,1
2026-03-10 15:44:38,1,0,1,0,1
2026-03-10 15:44:39,1,0,1,0,1
2026-03-10 15:44:39,1,0,1,0,1
2026-03-10 15:44:39,1,0,1,0,1
2026-03-10 15:44:39,1,0,1,0,1
2026-03-10 15:44:39,1,0,1,0,1
2026-03-10 15:44:40,1,0,1,0,1
2026-03-10 15:44:40,1,0,1,0,1
2026-03-10 15:44:40,1,0,1,0,1
2026-03-10 15:44:40,1,0,1,0,1
2026-03-10 15:44:41,1,0,1,0,1
2026-03-10 15:44:41,1,0,1,0,1
2026-03-10 15:44:42,1,0,1,0,1
2026-03-10 15:44:42,1,0,1,0,1
2026-03-10 15:44:42,1,0,1,0,1
2026-03-10 15:44:43,1,0,1,0,1
2026-03-10 15:44:43,1,0,1,0,1
2026-03-10 15:44:43,1,0,1,0,1
2026-03-10 15:44:43,1,0,1,0,1
2026-03-10 15:44:44,1,0,1,0,1
2026-03-10 15:44:44,1,0,1,0,1
2026-03-10 15:44:44,1,0,1,0,1
2026-03-10 15:44:45,1,0,1,0,1
2026-03-10 15:44:45,1,0,1,0,1
2026-03-10 15:44:45,1,0,1,0,1
2026-03-10 15:44:45,1,0,1,0,1
2026-03-10 15:44:46,1,0,1,0,1
2026-03-10 15:44:46,1,0,1,0,1
2026-03-10 15:44:46,1,0,1,0,1
2026-03-10 15:44:46,1,0,1,0,1
2026-03-10 15:44:47,1,0,1,0,1
2026-03-10 15:44:47,1,0,1,0,1
2026-03-10 15:44:47,1,0,1,0,1
2026-03-10 15:44:47,1,0,1,0,1
2026-03-10 15:44:48,1,0,1,0,0
2026-03-10 15:44:48,1,0,1,0,0
2026-03-10 15:44:48,1,0,1,0,0
2026-03-10 15:44:48,1,0,1,0,0
2026-03-10 15:44:49,1,0,1,0,0
2026-03-10 15:44:49,1,0,1,0,0
2026-03-10 15:44:49,1,0,1,0,0
2026-03-10 15:44:49,1,0,1,0,0
2026-03-10 15:44:49,1,0,1,0,0
2026-03-10 15:44:50,1,0,1,0,0
2026-03-10 15:44:50,1,0,1,0,0
2026-03-10 15:44:50,1,0,1,0,0
2026-03-10 15:44:50,1,0,1,0,0
2026-03-10 15:44:51,1,0,1,0,0
2026-03-10 15:44:51,1,0,1,0,0
2026-03-10 15:44:51,1,0,1,0,0
2026-03-10 15:44:52,1,0,1,0,0
2026-03-10 15:44:52,1,0,1,0,0
2026-03-10 15:44:52,1,0,1,0,0
2026-03-10 15:44:52,1,0,1,0,0
2026-03-10 15:44:53,1,0,1,0,0
2026-03-10 15:44:53,1,0,1,0,0
2026-03-10 15:44:53,1,0,1,0,0
2026-03-10 15:44:53,1,0,1,0,0
2026-03-10 15:44:53,1,0,1,0,0
2026-03-10 15:44:53,1,0,1,0,0
2026-03-10 15:44:54,1,0,1,0,0
2026-03-10 15:44:54,1,0,1,0,0
2026-03-10 15:44:54,1,0,1,0,0
2026-03-10 15:44:54,1,0,1,0,0
2026-03-10 15:51:11,0,0,0,0,0
2026-03-10 15:51:11,0,0,0,0,0
2026-03-10 15:51:12,0,0,0,0,0
2026-03-10 15:51:12,0,0,0,0,0
2026-03-10 15:51:12,0,0,0,0,0
2026-03-10 15:51:13,0,0,0,0,0
2026-03-10 15:51:13,0,0,0,0,0
2026-03-10 15:51:13,0,0,0,0,0
2026-03-10 15:51:13,0,0,0,0,0
2026-03-10 15:51:14,0,0,0,1,0
2026-03-10 15:52:30,0,0,0,0,0
2026-03-10 15:52:30,0,0,0,0,0
2026-03-10 15:52:30,0,0,0,0,0
2026-03-10 15:52:30,0,0,0,0,0
2026-03-10 15:52:31,0,0,0,0,0
2026-03-10 15:52:31,0,0,0,0,0
2026-03-10 15:52:32,0,0,0,0,0
2026-03-10 15:52:33,0,0,0,0,0
2026-03-10 15:52:33,0,0,0,0,0
2026-03-10 15:52:34,0,0,0,0,0
2026-03-10 15:52:34,0,0,0,0,0
2026-03-10 15:52:35,0,0,0,0,0
2026-03-10 15:52:35,0,0,0,0,0
2026-03-10 15:52:35,0,0,0,0,0
2026-03-10 15:52:35,0,0,0,0,0
2026-03-10 15:52:36,0,0,0,0,0
2026-03-10 15:52:36,0,0,0,0,0
2026-03-10 15:52:36,1,0,1,0,0
2026-03-10 15:52:37,1,0,1,0,0
2026-03-10 15:52:37,1,0,1,0,0
2026-03-10 15:52:38,1,0,1,0,0
2026-03-10 15:52:38,1,0,1,0,0
2026-03-10 15:52:38,1,0,1,0,0
2026-03-10 15:52:38,1,0,1,0,0
2026-03-10 15:52:39,1,0,1,0,0
2026-03-10 15:52:39,1,0,1,0,0
2026-03-10 15:52:39,1,0,1,0,0
2026-03-10 15:52:39,1,0,1,0,0
2026-03-10 15:52:39,1,0,1,0,0
2026-03-10 15:52:40,1,0,1,0,0
2026-03-10 15:52:40,1,0,1,0,0
2026-03-10 15:52:40,1,0,1,0,0
2026-03-10 15:52:41,1,0,1,0,0
2026-03-10 15:52:41,1,0,1,0,0
2026-03-10 15:52:41,1,0,1,0,0
2026-03-10 15:52:41,1,0,1,0,0
2026-03-10 15:52:42,1,0,1,0,0
2026-03-10 15:52:42,1,0,1,0,0
2026-03-10 15:52:42,1,0,1,0,0
2026-03-10 15:52:42,1,0,1,0,0
2026-03-10 15:52:43,1,0,1,0,0
2026-03-10 15:52:43,1,0,1,0,0
2026-03-10 15:52:43,1,0,1,0,0
2026-03-10 15:52:43,1,0,1,0,0
2026-03-10 15:52:44,1,0,1,0,0
2026-03-10 15:52:44,1,0,1,0,0
2026-03-10 15:52:44,1,0,1,0,0
2026-03-10 15:52:45,1,0,1,0,0
2026-03-10 15:52:45,1,0,1,0,0
2026-03-10 15:52:45,1,0,1,0,0
2026-03-10 15:52:45,1,0,1,0,0
2026-03-10 15:56:31,0,0,0,0,0
2026-03-10 15:56:31,0,0,0,0,0
2026-03-10 15:56:31,0,0,0,0,0
2026-03-10 15:56:31,0,0,0,0,0
2026-03-10 15:56:32,0,0,0,0,0
2026-03-10 15:56:32,0,0,0,0,0
2026-03-10 15:56:32,0,0,0,0,0
2026-03-10 15:56:33,0,0,0,0,0
2026-03-10 15:56:33,0,0,0,0,0
2026-03-10 15:56:33,0,0,0,0,0
2026-03-10 15:56:34,0,0,0,0,0
2026-03-10 15:56:35,0,0,0,0,0
2026-03-10 15:56:35,0,0,0,0,0
2026-03-10 15:56:35,0,0,0,0,0
2026-03-10 15:56:35,0,0,0,0,0
2026-03-10 15:56:36,0,0,0,0,0
2026-03-10 15:56:36,0,0,0,0,0
2026-03-10 15:56:36,0,0,0,0,0
2026-03-10 15:56:36,0,0,0,0,0
2026-03-10 15:56:37,0,0,0,0,0
2026-03-10 15:56:37,0,0,0,0,0
2026-03-10 15:56:37,0,0,0,0,0
2026-03-10 15:56:37,0,0,0,0,0
2026-03-10 15:56:37,0,0,0,0,0
2026-03-10 15:56:38,0,0,0,0,0
2026-03-10 15:56:38,0,0,0,0,0
2026-03-10 15:56:38,0,0,0,0,0
2026-03-10 15:56:38,0,0,0,0,0
2026-03-10 15:56:38,0,0,0,0,0
2026-03-10 15:56:38,0,0,0,0,0
2026-03-10 15:56:39,0,0,0,0,0
2026-03-10 15:56:39,0,0,0,0,0
2026-03-10 15:56:39,0,0,0,0,0
2026-03-10 15:56:39,0,0,0,0,0
2026-03-10 15:56:39,0,0,0,0,0
2026-03-10 15:56:39,0,0,0,0,0
2026-03-10 15:56:40,0,0,0,0,0
2026-03-10 15:56:40,0,0,0,0,0
2026-03-10 15:56:40,0,0,0,0,0
2026-03-10 15:56:40,0,0,0,0,0
2026-03-10 15:56:40,0,0,0,0,0
2026-03-10 15:56:40,0,0,0,0,0
2026-03-10 15:56:40,0,0,0,0,0
2026-03-10 15:56:40,0,0,0,0,0
2026-03-10 15:58:42,0,0,0,0,0
2026-03-10 15:58:42,0,0,0,0,0
2026-03-10 15:58:42,0,0,0,0,0
2026-03-10 15:58:42,0,0,0,0,0
2026-03-10 15:58:42,0,0,0,0,0
2026-03-10 15:58:42,0,0,0,0,0
2026-03-10 15:58:43,0,0,0,0,0
2026-03-10 15:58:43,0,0,0,0,0
2026-03-10 15:58:43,0,0,0,0,0
2026-03-10 15:58:43,0,0,0,0,0
2026-03-10 15:58:43,0,0,0,0,0
2026-03-10 15:58:43,0,0,0,0,0
2026-03-10 15:58:44,0,0,0,0,0
2026-03-10 15:58:44,0,0,0,0,0
2026-03-10 15:58:44,0,0,0,0,0
2026-03-10 15:58:44,0,0,0,0,0
2026-03-10 15:58:44,0,0,0,0,0
2026-03-10 15:58:44,0,0,0,0,0
2026-03-10 15:58:45,0,0,0,0,0
2026-03-10 15:58:45,0,0,0,0,0
2026-03-10 15:58:45,0,0,0,0,0
2026-03-10 15:58:45,0,0,0,0,0
2026-03-10 15:58:46,0,0,0,0,0
2026-03-10 15:58:46,0,0,0,0,0
2026-03-10 15:58:46,0,0,0,0,0
2026-03-10 15:58:46,0,0,0,0,0
2026-03-10 15:58:47,0,0,0,0,0
2026-03-10 15:58:47,0,0,0,0,0
2026-03-10 15:58:47,0,0,0,0,0
2026-03-10 15:58:47,0,0,0,0,0
2026-03-10 15:58:47,0,0,0,0,0
2026-03-10 15:58:48,0,0,0,0,0
2026-03-10 15:58:48,0,0,0,0,0
2026-03-10 15:58:48,0,0,0,0,0
2026-03-10 15:58:48,0,0,0,0,0
2026-03-10 15:58:48,0,0,0,0,0
2026-03-10 15:58:49,0,0,0,0,0
2026-03-10 15:58:49,0,0,0,0,0
2026-03-10 15:58:49,0,0,0,0,0
2026-03-10 15:58:49,0,0,0,0,0
2026-03-10 15:58:50,0,0,0,0,0
2026-03-10 15:58:50,0,0,0,0,0
2026-03-10 15:58:50,0,0,0,0,0
2026-03-10 15:58:50,0,0,0,0,0
2026-03-10 15:58:50,0,0,0,0,0
2026-03-10 15:58:51,0,0,0,0,0
2026-03-10 15:58:51,0,0,0,0,0
2026-03-10 15:58:51,0,0,0,0,0
2026-03-10 15:58:51,0,0,0,0,0
2026-03-10 15:58:51,0,0,0,0,0
2026-03-10 15:58:52,0,0,0,0,0
2026-03-10 15:58:52,0,0,0,0,0
2026-03-10 15:58:52,0,0,0,0,0
2026-03-10 15:58:52,0,0,0,0,0
2026-03-10 15:58:52,0,0,0,0,0
2026-03-10 15:58:53,0,0,0,0,0
2026-03-10 15:58:53,0,0,0,0,0
2026-03-10 15:58:53,0,0,0,0,0
2026-03-10 15:58:53,0,0,0,0,0
2026-03-10 15:58:53,0,0,0,0,0
2026-03-10 15:58:53,0,0,0,0,0
2026-03-10 15:58:54,0,0,0,0,0
2026-03-10 15:58:54,0,0,0,0,0
2026-03-10 15:58:54,0,0,0,0,0
2026-03-10 15:58:54,0,0,0,0,0
2026-03-10 15:58:54,0,0,0,0,0
2026-03-10 15:58:55,0,0,0,0,0
2026-03-10 15:58:55,0,0,0,0,0
2026-03-10 15:58:55,0,0,0,0,0
2026-03-10 15:58:55,0,0,0,0,0
2026-03-10 15:58:55,0,0,0,0,0
2026-03-10 15:58:56,0,0,0,1,0
2026-03-10 15:58:56,0,0,0,1,0
2026-03-10 15:58:56,1,0,1,1,0
2026-03-10 15:58:56,1,0,1,1,0
2026-03-10 15:58:56,1,0,1,1,0
2026-03-10 15:58:57,1,0,1,1,0
2026-03-10 15:58:57,1,0,1,0,0
2026-03-10 15:58:57,1,0,1,0,0
2026-03-10 15:58:57,1,0,1,0,1
2026-03-10 15:58:58,1,0,1,0,1
2026-03-10 15:58:58,1,0,1,0,1
2026-03-10 15:58:58,1,0,1,0,1
2026-03-10 15:58:58,1,0,1,0,0
2026-03-10 15:58:58,1,0,1,0,0
2026-03-10 15:58:59,1,0,1,0,0
2026-03-10 15:58:59,1,0,1,0,0
2026-03-10 15:58:59,1,0,1,0,0
2026-03-10 15:58:59,1,0,1,0,0
2026-03-10 15:58:59,1,0,1,0,0
2026-03-10 15:59:00,1,0,1,0,0
2026-03-10 15:59:00,1,0,1,0,0
2026-03-10 15:59:00,1,0,1,0,0
2026-03-10 15:59:00,1,0,1,0,0
2026-03-10 15:59:00,1,0,1,0,0
2026-03-10 15:59:01,1,0,1,0,0
2026-03-10 15:59:01,1,0,1,0,0
2026-03-10 15:59:01,1,0,1,0,0
2026-03-10 15:59:01,1,0,1,0,0
2026-03-10 15:59:01,1,0,1,0,0
2026-03-10 15:59:02,1,0,1,0,0
2026-03-10 15:59:02,1,0,1,0,0
2026-03-10 15:59:02,1,0,1,0,0
2026-03-10 15:59:02,1,0,1,0,0
2026-03-10 15:59:03,1,0,1,0,0
2026-03-10 15:59:03,1,0,1,0,0
2026-03-10 15:59:03,1,0,1,0,0
2026-03-10 15:59:03,1,0,1,0,0
2026-03-10 15:59:04,1,0,1,0,0
2026-03-10 15:59:04,1,0,1,0,0
2026-03-10 15:59:04,1,0,1,0,0
2026-03-10 15:59:04,1,0,1,0,0
2026-03-10 15:59:04,1,0,1,0,0
2026-03-10 15:59:05,1,0,1,0,0
2026-03-10 15:59:05,1,0,1,0,0
2026-03-10 15:59:05,1,0,1,0,0
2026-03-10 15:59:05,1,0,1,0,0
2026-03-10 15:59:05,1,0,1,0,0
2026-03-10 15:59:05,1,0,1,0,0
2026-03-10 15:59:05,1,0,1,0,0
2026-03-10 15:59:06,1,0,1,0,0
2026-03-10 15:59:06,1,0,1,0,0
2026-03-10 15:59:06,1,0,1,0,0
2026-03-10 15:59:06,1,0,1,0,0
2026-03-10 15:59:06,1,0,1,0,0
2026-03-10 15:59:06,1,0,1,0,0
2026-03-10 15:59:07,1,0,1,0,0
2026-03-10 15:59:07,1,0,1,0,0
2026-03-10 15:59:07,1,0,1,0,0
2026-03-10 15:59:07,1,0,1,0,0
2026-03-10 15:59:07,1,0,1,0,0
2026-03-10 15:59:07,1,0,1,0,0
2026-03-10 15:59:07,1,0,1,0,0
2026-03-10 15:59:08,1,0,1,0,0
2026-03-10 15:59:08,1,0,1,0,0
2026-03-10 15:59:08,1,0,1,0,0
2026-03-10 15:59:08,1,0,1,0,0
2026-03-10 15:59:08,1,0,1,0,0
2026-03-10 15:59:08,1,0,1,0,0
2026-03-10 15:59:08,1,0,1,0,0
2026-03-10 15:59:09,1,0,1,0,0
2026-03-10 15:59:09,1,0,1,0,0
2026-03-10 15:59:09,1,0,1,0,0
2026-03-10 15:59:09,1,0,1,0,0
2026-03-10 15:59:09,1,0,1,0,0
2026-03-10 15:59:09,1,0,1,0,0
2026-03-10 15:59:09,1,0,1,0,0
2026-03-10 15:59:10,1,0,1,0,0
2026-03-10 15:59:10,1,0,1,0,0
2026-03-10 15:59:10,1,0,1,0,0
2026-03-10 15:59:10,1,0,1,0,0
2026-03-10 15:59:10,1,0,1,0,0
2026-03-10 15:59:10,1,0,1,0,0
2026-03-10 15:59:10,1,0,1,0,0
2026-03-10 15:59:11,1,0,1,0,0
2026-03-10 15:59:11,1,0,1,0,0
2026-03-10 15:59:11,1,0,1,0,0
2026-03-10 15:59:11,1,0,1,0,0
2026-03-10 15:59:11,1,0,1,0,0
2026-03-10 15:59:11,1,0,1,0,0
2026-03-10 15:59:11,1,0,1,0,0
2026-03-10 15:59:12,1,0,1,0,0
2026-03-10 15:59:12,1,0,1,0,0
2026-03-10 15:59:12,1,0,1,0,0
2026-03-10 15:59:12,1,0,1,0,0
2026-03-10 15:59:12,1,0,1,0,0
2026-03-10 15:59:12,1,0,1,0,0
2026-03-10 15:59:13,1,0,1,0,0
2026-03-10 15:59:13,1,0,1,0,0
2026-03-10 15:59:13,1,0,1,0,0
2026-03-10 15:59:13,1,0,1,0,0
2026-03-10 15:59:13,1,0,1,0,0
2026-03-10 15:59:13,1,0,1,0,0
2026-03-10 15:59:13,1,0,1,0,0
2026-03-10 15:59:14,1,0,1,0,0
2026-03-10 15:59:14,1,0,1,0,0
2026-03-10 15:59:14,1,0,1,0,0
2026-03-10 15:59:14,1,0,1,0,0
2026-03-10 15:59:14,1,0,1,0,0
2026-03-10 15:59:14,1,0,1,0,0
2026-03-10 15:59:14,1,0,1,0,0
2026-03-10 15:59:15,1,0,1,0,0
2026-03-10 15:59:15,1,0,1,0,0
2026-03-10 15:59:15,1,0,1,0,0
2026-03-10 15:59:15,1,0,1,0,0
2026-03-10 15:59:15,1,0,1,0,0
2026-03-10 15:59:15,1,0,1,0,0
2026-03-10 15:59:15,1,0,1,0,0
2026-03-10 15:59:16,1,0,1,0,0
2026-03-10 15:59:16,1,0,1,0,0
2026-03-10 15:59:16,1,0,1,0,0
2026-03-10 15:59:16,1,0,1,0,0
2026-03-10 15:59:16,1,0,1,0,0
2026-03-10 15:59:16,1,0,1,0,0
2026-03-10 15:59:16,1,0,1,0,0
2026-03-10 15:59:17,1,0,1,0,0
2026-03-10 15:59:17,1,0,1,0,0
2026-03-10 15:59:17,1,0,1,0,0
2026-03-10 15:59:17,1,0,1,0,0
2026-03-10 15:59:17,1,0,1,0,0
2026-03-10 15:59:17,1,0,1,0,0
2026-03-10 16:00:02,0,0,0,0,0
2026-03-10 16:00:02,0,0,0,0,0
2026-03-10 16:00:02,0,0,0,0,0
2026-03-10 16:00:03,0,0,0,0,0
2026-03-10 16:00:03,0,0,0,0,0
2026-03-10 16:00:03,0,0,0,0,0
2026-03-10 16:00:03,0,0,0,0,0
2026-03-10 16:00:04,0,0,0,0,0
2026-03-10 16:00:04,0,0,0,0,0
2026-03-10 16:00:05,0,0,0,0,0
2026-03-10 16:00:05,0,0,0,0,0
2026-03-10 16:00:05,0,0,0,0,0
2026-03-10 16:00:05,0,0,0,0,0
2026-03-10 16:00:05,0,0,0,0,0
2026-03-10 16:00:06,0,0,0,0,0
2026-03-10 16:00:06,0,0,0,0,0
2026-03-10 16:00:06,0,0,0,0,0
2026-03-10 16:00:06,0,0,0,0,0
2026-03-10 16:00:07,0,0,0,0,0
2026-03-10 16:00:07,0,0,0,0,0
2026-03-10 16:00:07,0,0,0,0,0
2026-03-10 16:00:07,0,0,0,0,0
2026-03-10 16:00:08,0,0,0,0,0
2026-03-10 16:00:08,0,0,0,0,0
2026-03-10 16:00:08,0,0,0,0,0
2026-03-10 16:00:08,0,0,0,0,0
2026-03-10 16:00:08,0,0,0,0,0
2026-03-10 16:00:09,0,0,0,0,0
2026-03-10 16:00:09,0,0,0,0,0
2026-03-10 16:00:09,0,0,0,0,0
2026-03-10 16:00:09,0,0,0,0,0
2026-03-10 16:00:09,0,0,0,0,0
2026-03-10 16:00:10,0,0,0,0,0
2026-03-10 16:00:10,0,0,0,0,0
2026-03-10 16:00:10,0,0,0,0,0
2026-03-10 16:00:10,0,0,0,0,0
2026-03-10 16:00:10,0,0,0,0,0
2026-03-10 16:00:11,0,0,0,0,0
2026-03-10 16:00:11,0,0,0,0,0
2026-03-10 16:00:11,0,0,0,0,0
2026-03-10 16:00:11,0,0,0,0,0
2026-03-10 16:00:11,0,0,0,0,0
2026-03-10 16:00:12,0,0,0,0,0
2026-03-10 16:00:12,0,0,0,0,0
2026-03-10 16:00:12,0,0,0,0,0
2026-03-10 16:00:12,0,0,0,0,0
2026-03-10 16:00:12,0,0,0,0,0
2026-03-10 16:00:12,0,0,0,0,0
2026-03-10 16:00:12,0,0,0,0,0
2026-03-10 16:00:13,0,0,0,0,0
2026-03-10 16:00:13,0,0,0,0,0
2026-03-10 16:00:13,0,0,0,0,0
2026-03-10 16:00:13,0,0,0,0,0
2026-03-10 16:00:13,0,0,0,0,0
2026-03-10 16:00:13,0,0,0,0,0
2026-03-10 16:00:13,0,0,0,0,0
2026-03-10 16:00:14,0,0,0,0,0
2026-03-10 16:00:14,0,0,0,0,0
2026-03-10 16:00:14,0,0,0,0,0
2026-03-10 16:00:14,0,0,0,0,0
2026-03-10 16:00:14,0,0,0,0,0
2026-03-10 16:00:14,0,0,0,0,0
2026-03-10 16:00:14,0,0,0,0,0
2026-03-10 16:00:15,0,0,0,0,0
2026-03-10 16:00:15,0,0,0,0,0
2026-03-10 16:00:15,0,0,0,0,0
2026-03-10 16:00:15,0,0,0,0,0
2026-03-10 16:00:15,0,0,0,0,0
2026-03-10 16:00:15,0,0,0,0,0
2026-03-10 16:00:16,0,0,0,0,0
2026-03-10 16:00:16,0,0,0,0,0
2026-03-10 16:00:16,0,0,0,0,0
2026-03-10 16:00:16,0,0,0,0,0
2026-03-10 16:00:16,0,0,0,0,0
2026-03-10 16:00:16,0,0,0,0,0
2026-03-10 16:00:16,0,0,0,0,0
2026-03-10 16:00:17,0,0,0,0,0
2026-03-10 16:00:17,0,0,0,0,0
2026-03-10 16:00:17,0,0,0,0,0
2026-03-10 16:00:17,0,0,0,0,0
2026-03-10 16:00:18,0,0,0,0,0
2026-03-10 16:00:18,0,0,0,0,0
2026-03-10 16:00:18,0,0,0,0,0
2026-03-10 16:00:18,0,0,0,0,0
2026-03-10 16:00:18,0,0,0,0,0
2026-03-10 16:00:19,0,0,0,0,0
2026-03-10 16:00:19,0,0,0,0,0
2026-03-10 16:00:19,0,0,0,0,0
2026-03-10 16:00:19,0,0,0,0,0
2026-03-10 16:00:20,0,0,0,0,0
2026-03-10 16:00:20,0,0,0,0,0
2026-03-10 16:00:20,0,0,0,0,0
2026-03-10 16:00:20,0,0,0,0,0
2026-03-10 16:00:21,0,0,0,0,0
2026-03-10 16:00:21,0,0,0,0,0
2026-03-10 16:00:21,0,0,0,0,0
2026-03-10 16:00:21,0,0,0,0,0
2026-03-10 16:00:21,0,0,0,0,0
2026-03-10 16:00:22,0,0,0,0,0
2026-03-10 16:00:22,0,0,0,0,0
2026-03-10 16:00:22,0,0,0,0,0
2026-03-10 16:00:22,0,0,0,0,0
2026-03-10 16:00:23,0,0,0,0,0
2026-03-10 16:00:23,0,0,0,0,0
2026-03-10 16:00:23,0,0,0,0,0
2026-03-10 16:00:23,0,0,0,0,0
2026-03-10 16:00:23,0,0,0,0,0
2026-03-10 16:00:24,0,0,0,0,0
2026-03-10 16:00:24,0,0,0,0,0
2026-03-10 16:00:24,0,0,0,0,0
2026-03-10 16:00:24,0,0,0,0,0
2026-03-10 16:00:24,0,0,0,0,0
2026-03-10 16:00:25,0,0,0,0,0
2026-03-10 16:00:25,0,0,0,0,0
2026-03-10 16:00:25,0,0,0,0,0
2026-03-10 16:00:25,0,0,0,0,0
2026-03-10 16:00:25,0,0,0,0,0
2026-03-10 16:00:26,0,0,0,0,0
2026-03-10 16:00:26,0,0,0,0,0
2026-03-10 16:00:26,0,0,0,0,0
2026-03-10 16:00:26,0,0,0,0,0
2026-03-10 16:00:27,0,0,0,0,0
2026-03-10 16:00:27,0,0,0,0,0
2026-03-10 16:00:27,0,0,0,0,0
2026-03-10 16:00:27,0,0,0,0,0
2026-03-10 16:00:27,0,0,0,0,0
2026-03-10 16:00:28,0,0,0,0,0
2026-03-10 16:00:28,0,0,0,0,0
2026-03-10 16:00:28,0,0,0,0,0
2026-03-10 16:00:28,0,0,0,0,0
2026-03-10 16:00:28,0,0,0,0,0
2026-03-10 16:00:29,0,0,0,0,0
2026-03-10 16:00:29,0,0,0,1,0
2026-03-10 16:00:29,0,0,0,1,0
2026-03-10 16:00:29,0,0,0,1,0
2026-03-10 16:00:29,0,0,0,1,0
2026-03-10 16:00:30,0,0,0,1,0
2026-03-10 16:00:30,0,0,0,1,0
2026-03-10 16:00:30,0,0,0,0,0
2026-03-10 16:00:30,0,0,0,0,0
2026-03-10 16:00:31,0,0,0,0,0
2026-03-10 16:00:31,0,0,0,0,0
2026-03-10 16:00:31,0,0,0,0,0
2026-03-10 16:00:31,0,0,0,0,0
2026-03-10 16:00:31,0,0,0,0,0
2026-03-10 16:00:32,0,0,0,0,0
2026-03-10 16:00:32,0,0,0,0,0
2026-03-10 16:00:33,0,0,0,1,0
2026-03-10 16:00:33,0,0,0,0,0
2026-03-10 16:00:33,0,0,0,0,0
2026-03-10 16:00:34,0,0,0,0,0
2026-03-10 16:00:34,0,0,0,0,0
2026-03-10 16:00:34,0,0,0,0,0
2026-03-10 16:00:35,0,0,0,0,0
2026-03-10 16:00:35,0,0,0,0,0
2026-03-10 16:00:35,0,0,0,0,0
2026-03-10 16:00:35,0,0,0,0,0
2026-03-10 16:00:35,0,0,0,0,0
2026-03-10 16:00:36,0,0,0,0,0
2026-03-10 16:08:41,0,0,0,0,0
2026-03-10 16:08:42,0,0,0,0,0
2026-03-10 16:08:42,0,0,0,0,0
2026-03-10 16:08:42,0,0,0,0,0
2026-03-10 16:08:43,0,0,0,0,0
2026-03-10 16:08:43,0,0,0,0,0
2026-03-10 16:08:44,0,0,0,0,0
2026-03-10 16:08:44,0,0,0,0,0
2026-03-10 16:08:45,0,0,0,0,0
2026-03-10 16:08:46,0,0,0,0,0
2026-03-10 16:08:46,0,0,0,0,0
2026-03-10 16:08:46,0,0,0,0,0
2026-03-10 16:08:47,0,0,0,0,0
2026-03-10 16:08:47,0,0,0,0,0
2026-03-10 16:08:47,0,0,0,0,0
2026-03-10 16:08:47,0,0,0,0,0
2026-03-10 16:08:48,0,0,0,1,0
2026-03-10 16:08:48,0,0,0,1,0
2026-03-10 16:08:49,0,0,0,1,0
2026-03-10 16:08:49,0,0,0,1,0
2026-03-10 16:08:50,0,0,0,1,0
2026-03-10 16:08:50,0,0,0,1,0
2026-03-10 16:08:50,0,0,0,0,0
2026-03-10 16:08:51,0,0,0,1,0
2026-03-10 16:08:51,0,0,0,1,0
2026-03-10 16:08:51,0,0,0,1,0
2026-03-10 16:08:51,0,0,0,1,0
2026-03-10 16:08:52,0,0,0,1,0
2026-03-10 16:08:53,0,0,0,1,0
2026-03-10 16:08:53,0,0,0,1,0
2026-03-10 16:08:53,0,0,0,1,0
2026-03-10 16:08:54,0,0,0,1,0
2026-03-10 16:08:54,0,0,0,1,0
2026-03-10 16:08:54,0,0,0,1,0
2026-03-10 16:08:55,0,0,0,1,0
2026-03-10 16:08:55,0,0,0,0,0
2026-03-10 16:08:55,0,0,0,0,0
2026-03-10 16:08:56,0,0,0,0,0
2026-03-10 16:08:56,0,0,0,0,0
2026-03-10 16:08:57,0,0,0,0,0
2026-03-10 16:08:57,0,0,0,1,0
2026-03-10 16:08:58,0,0,0,1,0
2026-03-10 16:08:58,0,0,0,1,0
2026-03-10 16:08:58,0,0,0,0,0
2026-03-10 16:08:59,0,0,0,1,0
2026-03-10 16:08:59,0,0,0,0,0
2026-03-10 16:08:59,0,0,0,1,0
2026-03-10 16:09:00,0,0,0,1,0
2026-03-10 16:09:01,0,0,0,1,0
2026-03-10 16:09:01,0,0,0,1,0
2026-03-10 16:09:02,0,0,0,1,0
2026-03-10 16:09:02,0,0,0,1,0
2026-03-10 16:09:02,0,0,0,1,0
2026-03-10 16:09:03,0,0,0,1,0
2026-03-10 16:09:03,0,0,0,0,0
2026-03-10 16:09:03,0,0,0,0,0
2026-03-10 16:09:05,0,0,0,0,0
2026-03-10 16:09:06,0,0,0,0,0
2026-03-10 16:09:06,0,0,0,0,0
2026-03-10 16:09:06,0,0,0,0,0
2026-03-10 16:09:06,0,0,0,0,0
2026-03-10 16:09:07,0,0,0,0,0
2026-03-10 16:09:07,0,0,0,0,0
2026-03-10 16:09:07,0,0,0,0,0
2026-03-10 16:09:08,0,0,0,0,0
2026-03-10 16:09:09,0,0,0,0,0
2026-03-10 16:09:09,0,0,0,0,0
2026-03-10 16:09:09,0,0,0,0,0
2026-03-10 16:09:09,0,0,0,0,0
2026-03-10 16:09:10,0,0,0,0,0
2026-03-10 16:12:14,0,0,0,0,0
2026-03-10 16:12:14,0,0,0,0,0
2026-03-10 16:12:14,0,0,0,0,0
2026-03-10 16:12:15,0,0,0,0,0
2026-03-10 16:12:15,0,0,0,0,0
2026-03-10 16:12:15,0,0,0,0,0
2026-03-10 16:12:16,0,0,0,0,0
2026-03-10 16:12:17,0,0,0,0,0
2026-03-10 16:12:17,0,0,0,0,0
2026-03-10 16:12:18,0,0,0,0,0
2026-03-10 16:12:18,0,0,0,0,0
2026-03-10 16:12:18,0,0,0,0,0
2026-03-10 16:12:19,0,0,0,0,0
2026-03-10 16:12:19,0,0,0,0,0
2026-03-10 16:12:19,0,0,0,0,0
2026-03-10 16:12:20,0,0,0,0,0
2026-03-10 16:12:20,0,0,0,0,0
2026-03-10 16:12:20,0,0,0,0,0
2026-03-10 16:12:21,0,0,0,0,0
2026-03-10 16:12:22,0,0,0,0,0
2026-03-10 16:12:22,0,0,0,0,0
2026-03-10 16:12:23,0,0,0,0,0
2026-03-10 16:12:23,0,0,0,0,0
2026-03-10 16:12:24,0,0,0,0,0
2026-03-10 16:12:24,0,0,0,0,0
2026-03-10 16:12:24,0,0,0,0,0
2026-03-10 16:12:25,0,0,0,0,0
2026-03-10 16:12:25,0,0,0,0,0
2026-03-10 16:12:25,0,0,0,0,0
2026-03-10 16:12:26,0,0,0,0,0
2026-03-10 16:12:26,0,0,0,0,1
2026-03-10 16:12:26,1,0,1,0,1
2026-03-10 16:12:27,1,0,1,0,1
2026-03-10 16:12:27,1,0,1,0,1
2026-03-10 16:12:27,1,0,1,0,1
2026-03-10 16:12:28,1,0,1,0,1
2026-03-10 16:12:29,1,0,1,0,1
2026-03-10 16:12:29,1,0,1,0,1
2026-03-10 16:12:30,1,0,1,0,1
2026-03-10 16:12:30,1,0,1,0,1
2026-03-10 16:12:30,1,0,1,0,1
2026-03-10 16:12:31,1,0,1,0,1
2026-03-10 16:12:31,1,0,1,0,1
2026-03-10 16:12:31,1,0,1,0,1
2026-03-10 16:12:32,1,0,1,0,1
2026-03-10 16:12:32,1,0,1,0,1
2026-03-10 16:12:32,1,0,1,0,1
2026-03-10 16:12:33,1,0,1,0,1
2026-03-10 16:12:33,1,0,1,0,1
2026-03-10 16:12:33,1,0,1,0,1
2026-03-10 16:12:33,1,0,1,0,1
2026-03-10 16:12:34,1,0,1,0,1
2026-03-10 16:12:34,1,0,1,0,1
2026-03-10 16:12:34,1,0,1,0,1
2026-03-10 16:12:35,1,0,1,0,1
2026-03-10 16:12:35,1,0,1,0,1
2026-03-10 16:12:35,1,0,1,0,1
2026-03-10 16:12:35,1,0,1,0,1
2026-03-10 16:12:36,1,0,1,0,1
2026-03-10 16:12:36,1,0,1,0,1
2026-03-10 16:12:37,1,0,1,0,1
2026-03-10 16:12:37,1,0,1,0,1
2026-03-10 16:12:37,1,0,1,0,1
2026-03-10 16:12:37,1,0,1,0,1
2026-03-10 16:12:38,1,0,1,0,1
2026-03-10 16:12:38,1,0,1,0,1
2026-03-10 16:12:38,1,0,1,0,1
2026-03-10 16:12:39,1,0,1,0,1
2026-03-10 16:12:39,1,0,1,0,1
2026-03-10 16:12:39,1,0,1,0,1
2026-03-10 16:12:40,1,0,1,0,1
2026-03-10 16:12:40,1,0,1,0,1
2026-03-10 16:12:41,1,0,1,0,1
2026-03-10 16:12:41,1,0,1,0,1
2026-03-10 16:12:41,1,0,1,0,1
2026-03-10 16:12:42,1,0,1,0,1
2026-03-10 16:12:42,1,0,1,0,1
2026-03-10 16:12:42,1,0,1,0,1
2026-03-10 16:12:42,1,0,1,0,1
2026-03-10 16:12:43,1,0,1,0,1
2026-03-10 16:12:43,1,0,1,0,1
2026-03-10 16:12:43,1,0,1,0,1
2026-03-10 16:12:44,1,0,1,0,1
2026-03-10 16:12:44,1,0,1,0,1
2026-03-10 16:12:44,1,0,1,0,1
2026-03-10 16:12:45,1,0,1,0,1
2026-03-10 16:12:45,1,0,1,0,1
2026-03-10 16:12:45,1,0,1,0,1
2026-03-10 16:12:46,1,0,1,0,1
2026-03-10 16:12:46,1,0,1,0,1
2026-03-10 16:12:46,1,0,1,0,1
2026-03-10 16:12:46,1,0,1,0,1
2026-03-10 16:12:47,1,0,1,0,1
2026-03-10 16:12:47,1,0,1,0,1
2026-03-10 16:12:47,1,0,1,0,0
2026-03-10 16:12:48,1,0,1,0,0
2026-03-10 16:12:48,1,0,1,0,0
2026-03-10 16:12:48,1,0,1,0,0
2026-03-10 16:12:48,1,0,1,0,0
2026-03-10 16:12:49,1,0,1,0,0
2026-03-10 16:12:49,1,0,1,0,0
2026-03-10 16:12:49,1,0,1,0,0
2026-03-10 16:12:49,1,0,1,0,0
2026-03-10 16:12:50,1,0,1,0,0
2026-03-10 16:12:50,1,0,1,0,0
2026-03-10 16:12:50,1,0,1,0,0
2026-03-10 16:12:51,1,0,1,0,0
2026-03-10 16:12:51,1,0,1,0,0
2026-03-10 16:12:51,1,0,1,0,0
2026-03-10 16:12:51,1,0,1,0,0
2026-03-10 16:12:52,1,0,1,0,0
2026-03-10 16:12:52,1,0,1,0,0
2026-03-10 16:12:52,1,0,1,1,0
2026-03-10 16:12:53,1,0,1,0,0
2026-03-10 16:12:53,1,0,1,1,0
2026-03-10 16:12:53,1,0,1,0,0
2026-03-10 16:12:53,1,0,1,1,0
2026-03-10 16:12:54,1,0,1,1,0
2026-03-10 16:12:54,1,0,1,0,0
2026-03-10 16:12:54,1,0,1,0,0
2026-03-10 16:12:54,1,0,1,1,0
2026-03-10 16:12:55,1,0,1,0,0
2026-03-10 16:12:55,1,0,1,0,0
2026-03-10 16:12:55,1,0,1,1,0
2026-03-10 16:12:55,1,0,1,1,0
2026-03-10 16:12:56,1,0,1,0,0
2026-03-10 16:12:56,1,0,1,0,0
2026-03-10 16:12:56,1,0,1,0,0
2026-03-10 16:14:59,0,0,0,0,0
2026-03-10 16:14:59,0,0,0,0,0
2026-03-10 16:14:59,0,0,0,0,0
2026-03-10 16:15:00,0,0,0,0,0
2026-03-10 16:15:00,0,0,0,0,0
2026-03-10 16:15:00,0,0,0,0,0
2026-03-10 16:15:00,0,0,0,0,0
2026-03-10 16:15:00,0,0,0,0,0
2026-03-10 16:15:01,0,0,0,0,0
2026-03-10 16:15:01,0,0,0,0,0
2026-03-10 16:15:01,0,0,0,0,0
2026-03-10 16:15:01,0,0,0,0,0
2026-03-10 16:15:01,0,0,0,0,0
2026-03-10 16:15:01,0,0,0,0,0
2026-03-10 16:15:02,0,0,0,0,0
2026-03-10 16:15:02,0,0,0,0,0
2026-03-10 16:15:02,0,0,0,0,0
2026-03-10 16:15:03,0,0,0,0,0
2026-03-10 16:15:03,0,0,0,0,0
2026-03-10 16:15:03,0,0,0,0,0
2026-03-10 16:15:04,0,0,0,0,0
2026-03-10 16:15:04,0,0,0,0,0
2026-03-10 16:15:04,0,0,0,0,0
2026-03-10 16:15:04,0,0,0,0,0
2026-03-10 16:15:05,0,0,0,0,0
2026-03-10 16:15:05,0,0,0,0,0
2026-03-10 16:15:05,0,0,0,0,0
2026-03-10 16:15:05,0,0,0,0,0
2026-03-10 16:15:06,0,0,0,0,0
2026-03-10 16:15:06,0,0,0,0,0
2026-03-10 16:15:06,0,0,0,0,0
2026-03-10 16:15:06,0,0,0,0,0
2026-03-10 16:15:07,0,0,0,0,0
2026-03-10 16:15:07,0,0,0,0,0
2026-03-10 16:15:07,0,0,0,0,0
2026-03-10 16:15:08,0,0,0,0,0
2026-03-10 16:15:08,0,0,0,0,0
2026-03-10 16:15:08,0,0,0,0,0
2026-03-10 16:15:08,0,0,0,0,0
2026-03-10 16:15:09,0,0,0,0,0
2026-03-10 16:15:09,0,0,0,0,0
2026-03-10 16:15:09,0,0,0,0,0
2026-03-10 16:15:10,0,0,0,0,0
2026-03-10 16:15:10,0,0,0,0,0
2026-03-10 16:15:11,0,0,0,0,0
2026-03-10 16:15:11,0,0,0,0,0
2026-03-10 16:15:11,0,0,0,0,0
2026-03-10 16:15:12,0,0,0,0,0
2026-03-10 16:15:12,0,0,0,0,0
2026-03-10 16:15:12,0,0,0,0,0
2026-03-10 16:15:12,0,0,0,0,0
2026-03-10 16:15:13,0,0,0,0,0
2026-03-10 16:15:13,0,0,0,0,0
2026-03-10 16:15:13,0,0,0,0,0
2026-03-10 16:15:14,0,0,0,0,0
2026-03-10 16:15:14,0,0,0,0,0
2026-03-10 16:15:14,0,0,0,0,0
2026-03-10 16:15:15,0,0,0,0,0
2026-03-10 16:15:15,0,0,0,0,0
2026-03-10 16:15:15,0,0,0,0,0
2026-03-10 16:15:16,0,0,0,0,0
2026-03-10 16:15:16,0,0,0,0,0
2026-03-10 16:15:16,0,0,0,0,0
2026-03-10 16:15:17,0,0,0,0,0
2026-03-10 16:15:17,0,0,0,0,0
2026-03-10 16:15:17,0,0,0,0,0
2026-03-10 16:15:18,0,0,0,0,0
2026-03-10 16:15:18,0,0,0,0,0
2026-03-10 16:15:18,0,0,0,0,0
2026-03-10 16:15:18,0,0,0,0,0
2026-03-10 16:15:19,0,0,0,0,0
2026-03-10 16:15:19,0,0,0,0,0
2026-03-10 16:15:19,0,0,0,0,0
2026-03-10 16:15:19,0,0,0,0,0
2026-03-10 16:15:19,0,0,0,0,0
2026-03-10 16:15:20,0,0,0,0,0
2026-03-10 16:15:20,0,0,0,0,0
2026-03-10 16:15:20,0,0,0,0,0
2026-03-10 16:15:20,0,0,0,0,0
2026-03-10 16:15:20,0,0,0,0,0
2026-03-10 16:15:21,0,0,0,0,0
2026-03-10 16:15:21,0,0,0,0,0
2026-03-10 16:15:21,0,0,0,0,0
2026-03-10 16:15:21,0,0,0,0,0
2026-03-10 16:15:21,0,0,0,0,0
2026-03-10 16:15:22,0,0,0,0,0
2026-03-10 16:15:22,0,0,0,0,0
2026-03-10 16:15:22,0,0,0,0,0
2026-03-10 16:15:22,0,0,0,0,0
2026-03-10 16:15:22,0,0,0,0,0
2026-03-10 16:15:23,0,0,0,0,0
2026-03-10 16:15:23,0,0,0,0,0
2026-03-10 16:15:23,0,0,0,0,0
2026-03-10 16:15:23,0,0,0,0,0
2026-03-10 16:15:23,0,0,0,0,0
2026-03-10 16:15:24,0,0,0,0,0
2026-03-10 16:15:24,0,0,0,0,0
2026-03-10 16:15:24,0,0,0,0,0
2026-03-10 16:15:24,0,0,0,0,0
2026-03-10 16:15:24,0,0,0,0,0
2026-03-10 16:15:24,0,0,0,0,0
2026-03-10 16:15:25,0,0,0,0,0
2026-03-10 16:15:26,0,0,0,0,0
2026-03-10 16:15:26,0,0,0,0,0
2026-03-10 16:15:26,0,0,0,0,0
2026-03-10 16:15:27,0,0,0,0,0
2026-03-10 16:15:27,0,0,0,0,0
2026-03-10 16:15:27,0,0,0,0,0
2026-03-10 16:15:28,0,0,0,0,0
2026-03-10 16:15:28,0,0,0,0,0
2026-03-10 16:15:28,0,0,0,0,0
2026-03-10 16:15:29,0,0,0,0,0
2026-03-10 16:15:29,0,0,0,0,0
2026-03-10 16:15:30,0,0,0,0,0
2026-03-10 16:15:30,0,0,0,0,0
2026-03-10 16:15:30,0,0,0,0,0
2026-03-10 16:15:30,0,0,0,0,0
2026-03-10 16:15:31,0,0,0,0,0
2026-03-10 16:15:31,0,0,0,0,0
2026-03-10 16:15:31,0,0,0,0,0
2026-03-10 16:15:32,0,0,0,0,0
2026-03-10 16:15:32,0,0,0,0,0
2026-03-10 16:15:32,0,0,0,0,0
2026-03-10 16:15:33,0,0,0,0,0
2026-03-10 16:15:33,0,0,0,0,0
2026-03-10 16:15:33,0,0,0,0,0
2026-03-10 16:15:34,0,0,0,0,0
2026-03-10 16:15:34,0,0,0,0,0
2026-03-10 16:15:35,0,0,0,0,0
2026-03-10 16:15:35,0,0,0,0,0
2026-03-10 16:15:36,0,0,0,0,0
2026-03-10 16:15:36,0,0,0,0,0
2026-03-10 16:15:36,0,0,0,0,0
2026-03-10 16:15:37,0,0,0,0,0
2026-03-10 16:15:37,0,0,0,0,0
2026-03-10 16:15:37,0,0,0,0,0
2026-03-10 16:15:38,0,0,0,0,0
2026-03-10 16:15:38,0,0,0,0,0
2026-03-10 16:15:39,0,0,0,0,0
2026-03-10 16:15:39,0,0,0,0,0
2026-03-10 16:15:39,0,0,0,0,0
2026-03-10 16:15:40,0,0,0,0,0
2026-03-10 16:15:40,0,0,0,0,0
2026-03-10 16:15:40,0,0,0,0,1
2026-03-10 16:15:41,0,0,0,0,1
2026-03-10 16:15:41,0,0,0,0,1
2026-03-10 16:15:41,0,0,0,0,1
2026-03-10 16:15:42,0,0,0,0,1
2026-03-10 16:15:42,0,0,0,0,1
2026-03-10 16:15:42,0,0,0,0,1
2026-03-10 16:15:43,0,0,0,0,1
2026-03-10 16:15:43,0,0,0,0,1
2026-03-10 16:15:43,0,0,0,0,1
2026-03-10 16:15:44,0,0,0,0,1
2026-03-10 16:15:44,0,0,0,0,1
2026-03-10 16:15:45,0,0,0,0,1
2026-03-10 16:15:45,0,0,0,0,1
2026-03-10 16:15:45,0,0,0,0,1
2026-03-10 16:15:45,0,0,0,0,1
2026-03-10 16:15:46,0,0,0,0,1
2026-03-10 16:15:46,0,0,0,0,1
2026-03-10 16:15:46,0,0,0,0,1
2026-03-10 16:15:47,0,0,0,0,1
2026-03-10 16:15:47,0,0,0,0,1
2026-03-10 16:15:47,0,0,0,0,1
2026-03-10 16:15:48,0,0,0,0,1
2026-03-10 16:15:48,0,0,0,0,1
2026-03-10 16:15:48,0,0,0,0,1
2026-03-10 16:15:49,0,0,0,0,1
2026-03-10 16:15:49,0,0,0,0,1
2026-03-10 16:15:49,0,0,0,0,1
2026-03-10 16:15:49,0,0,0,0,1
2026-03-10 16:15:49,0,0,0,0,1
2026-03-10 16:15:50,0,0,0,0,1
2026-03-10 16:15:50,0,0,0,0,1
2026-03-10 16:15:50,0,0,0,0,1
2026-03-10 16:15:50,0,0,0,0,1
2026-03-10 16:15:50,0,0,0,0,1
2026-03-10 16:15:51,0,0,0,0,1
2026-03-10 16:15:51,0,0,0,0,1
2026-03-10 16:15:51,0,0,0,0,1
2026-03-10 16:15:51,0,0,0,0,1
2026-03-10 16:15:51,0,0,0,0,1
2026-03-10 16:15:51,0,0,0,0,1
2026-03-10 16:15:52,0,0,0,0,1
2026-03-10 16:15:52,0,0,0,0,1
2026-03-10 16:15:52,0,0,0,0,1
2026-03-10 16:15:52,0,0,0,0,1
2026-03-10 16:15:52,0,0,0,0,1
2026-03-10 20:16:04,0,0,0,0,0
2026-03-10 20:16:04,0,0,0,0,0
2026-03-10 20:16:04,0,0,0,0,0
2026-03-10 20:16:05,0,0,0,0,0
2026-03-10 20:16:05,0,0,0,0,0
2026-03-10 20:16:06,0,0,0,1,0
2026-03-10 20:16:06,0,0,0,1,0
2026-03-10 20:16:06,0,0,0,0,0
2026-03-10 20:16:07,0,0,0,0,0
2026-03-10 20:16:08,0,0,0,0,0
2026-03-10 20:16:08,0,0,0,0,0
2026-03-10 20:16:08,0,0,0,0,0
2026-03-10 20:16:08,0,0,0,0,0
2026-03-10 20:16:09,0,0,0,0,0
2026-03-10 20:16:09,0,0,0,0,0
2026-03-10 20:16:09,0,0,0,0,0
2026-03-10 20:16:10,0,0,0,0,0
2026-03-10 20:16:10,0,0,0,1,0
2026-03-10 20:16:10,0,0,0,0,0
2026-03-10 20:16:10,0,0,0,0,0
2026-03-10 20:16:11,0,0,0,0,0
2026-03-10 20:16:11,0,0,0,1,0
2026-03-10 20:16:11,0,0,0,1,0
2026-03-10 20:16:12,0,0,0,1,0
2026-03-10 20:16:12,0,0,0,1,0
2026-03-10 20:16:12,0,0,0,0,0
2026-03-10 20:16:12,0,0,0,0,0
2026-03-10 20:16:13,0,0,0,0,0
2026-03-10 20:16:13,0,0,0,0,0
2026-03-10 20:16:13,0,0,0,0,0
2026-03-10 20:16:13,0,0,0,0,0
2026-03-10 20:16:14,0,0,0,0,0
2026-03-10 20:16:14,0,0,0,1,0
2026-03-10 20:16:14,0,0,0,0,0
2026-03-10 20:16:15,0,0,0,0,0
2026-03-10 20:26:55,0,0,0,0,0
2026-03-10 20:26:55,0,0,0,0,0
2026-03-10 20:26:56,0,0,0,1,0
2026-03-10 20:26:56,0,0,0,1,0
2026-03-10 20:26:57,0,0,0,1,0
2026-03-10 20:26:58,0,0,0,1,0
2026-03-10 20:26:59,0,0,0,1,0
2026-03-10 20:27:00,0,0,0,1,0
2026-03-10 20:27:00,0,0,0,1,0
2026-03-10 20:27:01,0,0,0,1,0
2026-03-10 20:27:03,0,0,0,1,0
2026-03-10 20:27:03,0,0,0,1,0
2026-03-10 20:27:04,0,0,0,1,0
2026-03-10 20:27:06,0,0,0,1,0
2026-03-10 20:27:07,0,0,0,1,0
2026-03-10 20:27:08,0,0,0,1,0
2026-03-10 20:27:08,0,0,0,1,0
2026-03-10 20:27:09,0,0,0,1,0
2026-03-10 20:27:10,0,0,0,1,0
2026-03-10 20:27:11,0,0,0,1,0
2026-03-10 20:27:11,0,0,0,1,0
2026-03-10 20:27:12,0,0,0,1,0
2026-03-10 20:27:13,0,0,0,1,0
2026-03-10 20:27:14,0,0,0,2,0
2026-03-10 20:27:14,0,0,0,2,0
2026-03-10 20:27:15,0,0,0,2,0
2026-03-10 20:27:17,0,0,0,2,0
2026-03-10 20:27:17,0,0,0,1,0
2026-03-10 20:27:18,0,0,0,1,0
2026-03-10 20:27:19,0,0,0,2,0
2026-03-10 20:27:21,0,0,0,1,0
2026-03-10 20:27:21,0,0,0,1,0
2026-03-10 20:27:22,0,0,0,1,0
2026-03-10 20:27:23,0,0,0,1,0
2026-03-10 20:27:24,0,0,0,1,0
2026-03-10 20:27:24,0,0,0,1,0
2026-03-10 20:27:25,0,0,0,2,0
2026-03-10 20:27:25,0,0,0,1,0
2026-03-10 20:27:26,0,0,0,1,0
2026-03-10 20:27:26,0,0,0,2,0
2026-03-10 20:27:27,0,0,0,1,0
2026-03-10 20:27:28,0,0,0,1,0
2026-03-10 20:27:29,0,0,0,2,0
2026-03-10 20:27:29,0,0,0,1,0
2026-03-10 20:27:29,0,0,0,2,0
2026-03-10 20:27:30,0,0,0,1,0
2026-03-10 20:27:31,0,0,0,1,0
2026-03-10 20:27:32,0,0,0,1,0
2026-03-10 20:27:32,0,0,0,1,0
2026-03-10 20:27:33,0,0,0,1,0
2026-03-10 20:27:34,0,0,0,1,0
2026-03-10 20:27:35,0,0,0,1,0
2026-03-10 20:27:35,0,0,0,1,0
2026-03-10 20:27:36,0,0,0,1,0
2026-03-10 20:27:36,0,0,0,1,0
2026-03-10 20:27:38,0,0,0,1,0
2026-03-10 20:27:40,0,0,0,1,0
2026-03-10 20:27:42,0,0,0,1,0
2026-03-10 20:27:42,0,0,0,1,0
2026-03-10 20:27:42,0,0,0,1,0
2026-03-10 20:27:42,0,0,0,1,0
2026-03-10 20:27:42,0,0,0,1,0
2026-03-10 20:27:43,0,0,0,1,0
2026-03-10 20:27:43,0,0,0,1,0
2026-03-10 20:27:43,0,0,0,1,0
2026-03-10 20:27:43,0,0,0,2,0
2026-03-10 20:27:43,0,0,0,1,0
2026-03-10 20:27:44,0,0,0,1,0
2026-03-10 20:27:44,0,0,0,1,0
2026-03-10 20:27:44,0,0,0,1,0
2026-03-10 20:27:45,0,0,0,1,0
2026-03-10 20:27:45,0,0,0,1,0
2026-03-10 20:27:45,0,0,0,1,0
2026-03-10 20:27:46,0,0,0,1,0
2026-03-10 20:27:49,0,0,0,1,0
2026-03-10 20:27:51,0,0,0,1,0
2026-03-10 20:27:52,0,0,0,1,0
2026-03-10 20:27:52,0,0,0,1,0
2026-03-10 20:27:52,0,0,0,1,0
2026-03-10 20:27:53,0,0,0,1,0
2026-03-10 20:27:53,0,0,0,1,0
2026-03-10 20:27:54,0,0,0,1,0
2026-03-10 20:27:54,0,0,0,1,0
2026-03-10 20:27:54,0,0,0,1,0
2026-03-10 20:27:55,0,0,0,1,0
2026-03-10 20:27:55,0,0,0,1,0
2026-03-10 20:27:55,0,0,0,1,0
2026-03-10 20:27:55,0,0,0,1,0
2026-03-10 20:27:56,0,0,0,1,0
2026-03-10 20:27:56,0,0,0,1,0
2026-03-10 20:27:56,0,0,0,1,0
2026-03-10 20:27:57,0,0,0,1,0
2026-03-10 20:27:57,0,0,0,2,0
2026-03-10 20:27:57,0,0,0,1,0
2026-03-10 20:27:58,0,0,0,1,0
2026-03-10 20:27:58,0,0,0,1,0
2026-03-10 20:27:58,0,0,0,1,0
2026-03-10 20:27:58,0,0,0,1,0
2026-03-10 20:27:59,0,0,0,1,0
2026-03-10 20:27:59,0,0,0,1,0
2026-03-10 20:27:59,0,0,0,1,0
2026-03-10 20:28:00,0,0,0,1,0
2026-03-10 20:28:00,0,0,0,2,0
2026-03-10 20:28:00,0,0,0,1,0
2026-03-10 20:28:00,0,0,0,1,0
2026-03-10 20:28:01,0,0,0,1,0
2026-03-10 20:28:01,0,0,0,2,0
2026-03-10 20:28:01,0,0,0,1,0
2026-03-10 20:28:02,0,0,0,1,0
2026-03-10 20:28:02,0,0,0,1,0
2026-03-10 20:28:02,0,0,0,1,0
2026-03-10 20:28:02,0,0,0,1,0
2026-03-10 20:28:02,0,0,0,1,0
2026-03-10 20:28:03,0,0,0,1,0
2026-03-10 20:28:03,0,0,0,1,0
2026-03-10 20:28:03,0,0,0,1,0
2026-03-10 20:28:03,0,0,0,1,0
2026-03-10 20:28:04,0,0,0,1,0
2026-03-10 20:28:04,0,0,0,1,0
2026-03-10 20:28:04,0,0,0,1,0
2026-03-10 20:28:04,0,0,0,1,0
2026-03-10 20:28:05,0,0,0,1,0
2026-03-10 20:28:05,0,0,0,1,0
2026-03-10 20:28:05,0,0,0,1,0
2026-03-10 20:28:05,0,0,0,1,0
2026-03-10 20:28:06,0,0,0,2,0
2026-03-10 20:28:06,0,0,0,1,0
2026-03-10 20:28:06,0,0,0,1,0
2026-03-10 20:28:06,0,0,0,1,0
2026-03-10 20:28:06,0,0,0,1,0
2026-03-10 20:28:07,0,0,0,1,0
2026-03-10 20:28:07,0,0,0,1,0
2026-03-10 20:28:07,0,0,0,1,0
2026-03-10 20:28:07,0,0,0,1,0
2026-03-10 20:28:08,0,0,0,1,0
2026-03-10 20:28:08,0,0,0,1,0
2026-03-10 20:28:08,0,0,0,1,0
2026-03-10 20:28:09,0,0,0,1,0
2026-03-10 20:28:09,0,0,0,1,0
2026-03-10 20:28:09,0,0,0,1,0
2026-03-10 20:28:10,0,0,0,1,0
2026-03-10 20:28:10,0,0,0,1,0
2026-03-10 20:28:10,0,0,0,1,0
2026-03-10 20:28:11,0,0,0,1,0
2026-03-10 20:28:11,0,0,0,1,0
2026-03-10 20:28:11,0,0,0,1,0
2026-03-10 20:28:12,0,0,0,1,0
2026-03-10 20:28:12,0,0,0,1,0
2026-03-10 20:28:12,0,0,0,1,0
2026-03-10 20:28:12,0,0,0,1,0
2026-03-10 20:28:13,0,0,0,1,0
2026-03-10 20:28:13,0,0,0,1,0
2026-03-10 20:28:13,0,0,0,2,0
2026-03-10 20:28:15,0,0,0,1,0
2026-03-10 20:28:16,0,0,0,1,0
2026-03-10 20:28:17,0,0,0,1,0
2026-03-10 20:28:17,0,0,0,2,0
2026-03-10 20:28:20,0,0,0,1,0
2026-03-10 20:28:20,0,0,0,1,0
2026-03-10 20:28:21,0,0,0,1,0
2026-03-10 20:28:22,0,0,0,1,0
2026-03-10 20:28:24,0,0,0,1,0
2026-03-10 20:28:24,0,0,0,1,0
2026-03-10 20:28:25,0,0,0,1,0
2026-03-10 20:28:26,0,0,0,1,0
2026-03-10 20:28:26,0,0,0,2,0
2026-03-10 20:28:27,0,0,0,1,0
2026-03-10 20:28:27,0,0,0,1,0
2026-03-10 20:28:27,0,0,0,1,0
2026-03-10 20:28:28,0,0,0,1,0
2026-03-10 20:28:28,0,0,0,1,0
2026-03-10 20:28:28,0,0,0,1,0
2026-03-10 20:28:28,0,0,0,1,0
2026-03-10 20:28:29,0,0,0,1,0
2026-03-10 20:28:29,0,0,0,1,0
2026-03-10 20:28:30,0,0,0,1,0
2026-03-10 20:28:31,0,0,0,1,0
2026-03-10 20:28:31,0,0,0,1,0
2026-03-10 20:28:32,0,0,0,1,0
2026-03-10 20:28:32,0,0,0,2,0
2026-03-10 20:28:33,0,0,0,2,0
2026-03-10 20:28:33,0,0,0,1,0
2026-03-10 20:28:34,0,0,0,1,0
2026-03-10 20:28:35,0,0,0,2,0
2026-03-10 20:28:35,0,0,0,2,0
2026-03-10 20:28:36,0,0,0,2,0
2026-03-10 20:28:36,0,0,0,2,0
2026-03-10 20:28:36,0,0,0,2,0
2026-03-10 20:28:38,0,0,0,1,0
2026-03-10 20:28:38,0,0,0,1,1
2026-03-10 20:28:39,0,0,0,1,1
2026-03-10 20:28:39,0,0,0,1,1
2026-03-10 20:28:39,0,0,0,1,1
2026-03-10 20:28:40,0,0,0,1,1
2026-03-10 20:28:41,0,0,0,1,1
2026-03-10 20:28:42,0,0,0,1,1
2026-03-10 20:28:43,0,0,0,1,1
2026-03-10 20:28:43,0,0,0,1,0
2026-03-10 20:28:43,0,0,0,1,1
2026-03-10 20:28:44,0,0,0,1,1
2026-03-10 20:28:44,0,0,0,1,1
2026-03-10 20:28:45,0,0,0,1,1
2026-03-10 20:28:46,0,0,0,1,1
2026-03-10 20:28:46,0,0,0,1,1
2026-03-10 20:28:47,0,0,0,1,1
2026-03-10 20:28:47,0,0,0,1,1
2026-03-10 20:28:48,0,0,0,1,1
2026-03-10 20:28:49,0,0,0,1,1
2026-03-10 20:28:50,0,0,0,1,1
2026-03-10 20:28:50,0,0,0,1,1
2026-03-10 20:28:51,0,0,0,1,1
2026-03-10 20:28:51,0,0,0,1,1
2026-03-10 20:28:51,0,0,0,1,1
2026-03-10 20:28:52,0,0,0,1,1
2026-03-10 20:28:53,0,0,0,1,1
2026-03-10 20:28:54,0,0,0,1,1
2026-03-10 20:28:54,0,0,0,1,1
2026-03-10 20:28:55,0,0,0,1,0
2026-03-10 20:28:55,0,0,0,1,0
2026-03-10 20:28:55,0,0,0,1,0
2026-03-10 20:28:56,0,0,0,1,0
2026-03-10 20:28:58,0,0,0,1,0
2026-03-10 20:28:58,0,0,0,1,0
2026-03-10 20:28:59,0,0,0,1,0
2026-03-10 20:28:59,0,0,0,1,0
2026-03-10 20:28:59,0,0,0,1,0
2026-03-10 20:29:01,0,0,0,2,0
2026-03-10 20:29:02,0,0,0,2,0
2026-03-10 20:29:03,0,0,0,2,0
2026-03-10 20:29:03,0,0,0,2,0
2026-03-10 20:29:04,0,0,0,2,0
2026-03-10 20:29:05,0,0,0,2,0
2026-03-10 20:29:05,0,0,0,2,0
2026-03-10 20:29:06,0,0,0,2,0
2026-03-10 20:29:06,0,0,0,1,0
2026-03-10 20:29:06,0,0,0,2,0
2026-03-10 20:29:07,0,0,0,2,0
2026-03-10 20:29:08,0,0,0,2,0
2026-03-10 20:29:08,0,0,0,2,0
2026-03-10 20:29:08,0,0,0,2,0
2026-03-10 20:29:09,0,0,0,2,0
2026-03-10 20:29:09,0,0,0,2,0
2026-03-10 20:29:09,0,0,0,2,0
2026-03-10 20:29:09,0,0,0,2,0
2026-03-10 20:29:10,0,0,0,2,0
2026-03-10 20:29:10,0,0,0,2,0
2026-03-10 20:29:10,0,0,0,2,0
2026-03-10 20:29:11,0,0,0,2,0
2026-03-10 20:29:11,0,0,0,1,0
2026-03-10 20:29:11,0,0,0,2,0
2026-03-10 20:29:11,0,0,0,1,0
2026-03-10 20:29:11,0,0,0,2,0
2026-03-10 20:29:12,0,0,0,1,0
2026-03-10 20:29:12,0,0,0,1,0
2026-03-10 20:29:12,0,0,0,1,0
2026-03-10 20:29:12,0,0,0,1,0
2026-03-10 20:29:12,0,0,0,2,0
2026-03-10 20:29:12,0,0,0,2,0
2026-03-10 20:29:13,0,0,0,2,0
2026-03-10 20:29:13,0,0,0,2,0
2026-03-10 20:29:13,0,0,0,2,0
2026-03-10 20:29:13,0,0,0,2,0
2026-03-10 20:29:13,0,0,0,2,0
2026-03-10 20:29:13,0,0,0,2,0
2026-03-10 20:29:14,0,0,0,2,0
2026-03-10 20:29:14,0,0,0,2,0
2026-03-10 20:29:14,0,0,0,2,0
2026-03-10 20:29:14,0,0,0,2,0
2026-03-10 20:29:14,0,0,0,2,0
2026-03-10 20:29:15,0,0,0,2,0
2026-03-10 20:29:15,0,0,0,2,0
2026-03-10 20:29:15,0,0,0,2,0
2026-03-10 20:29:15,0,0,0,1,0
2026-03-10 20:29:15,0,0,0,1,0
2026-03-10 20:29:15,0,0,0,2,0
2026-03-10 20:29:16,0,0,0,2,0
2026-03-10 20:29:16,0,0,0,2,0
2026-03-10 20:29:16,0,0,0,1,0
2026-03-10 20:29:16,0,0,0,1,0
2026-03-10 20:29:16,0,0,0,1,0
2026-03-10 20:29:16,0,0,0,1,0
2026-03-10 20:29:17,0,0,0,1,0
2026-03-10 20:29:17,0,0,0,1,0
2026-03-10 20:29:17,0,0,0,1,0
2026-03-10 20:29:17,0,0,0,1,0
2026-03-10 20:29:17,0,0,0,1,0
2026-03-10 20:29:17,0,0,0,1,0
2026-03-10 20:29:18,0,0,0,1,0
2026-03-10 20:29:18,0,0,0,1,0
2026-03-10 20:29:18,0,0,0,1,0
2026-03-10 20:29:18,0,0,0,1,0
2026-03-10 20:29:18,0,0,0,1,0
2026-03-10 20:29:18,0,0,0,1,0
2026-03-10 20:29:19,0,0,0,1,0
2026-03-10 20:29:19,0,0,0,1,0
2026-03-10 20:29:19,0,0,0,1,0
2026-03-10 20:29:19,0,0,0,1,0
2026-03-10 20:29:19,0,0,0,1,0
2026-03-10 20:29:19,0,0,0,1,0
2026-03-10 20:29:20,0,0,0,1,0
2026-03-10 20:29:20,0,0,0,1,0
2026-03-10 20:29:20,0,0,0,1,0
2026-03-10 20:29:20,0,0,0,1,0
2026-03-10 20:29:20,0,0,0,1,0
2026-03-10 20:29:20,0,0,0,1,0
2026-03-10 20:29:21,0,0,0,1,0
2026-03-10 20:29:21,0,0,0,1,0
2026-03-10 20:29:21,0,0,0,1,0
2026-03-10 20:29:21,0,0,0,1,0
2026-03-10 20:29:21,0,0,0,1,0
2026-03-10 20:29:21,0,0,0,1,0
2026-03-10 20:29:22,0,0,0,1,0
2026-03-10 20:29:22,0,0,0,1,0
2026-03-10 20:29:22,0,0,0,1,0
2026-03-10 20:29:22,0,0,0,1,0
2026-03-10 20:29:22,0,0,0,1,0
2026-03-10 20:29:22,0,0,0,1,0
2026-03-10 20:29:23,0,0,0,1,0
2026-03-10 20:29:23,0,0,0,1,0
2026-03-10 20:29:23,0,0,0,1,0
2026-03-10 20:29:23,0,0,0,1,0
2026-03-10 20:29:23,0,0,0,1,0
2026-03-10 20:29:24,0,0,0,2,0
2026-03-10 20:29:24,0,0,0,2,0
2026-03-10 20:29:24,0,0,0,2,0
2026-03-10 20:29:24,0,0,0,2,0
2026-03-10 20:29:24,0,0,0,2,0
2026-03-10 20:29:25,0,0,0,2,0
2026-03-10 20:29:25,0,0,0,1,0
2026-03-10 20:29:25,0,0,0,2,0
2026-03-10 20:29:25,0,0,0,2,0
2026-03-10 20:29:25,0,0,0,1,0
2026-03-10 20:29:25,0,0,0,1,0
2026-03-10 20:29:26,0,0,0,1,0
2026-03-10 20:29:26,0,0,0,1,0
2026-03-10 20:29:26,0,0,0,1,0
2026-03-10 20:29:26,0,0,0,1,0
2026-03-10 20:29:26,0,0,0,1,0
2026-03-10 20:29:27,0,0,0,1,0
2026-03-10 20:29:27,0,0,0,1,0
2026-03-10 20:29:27,0,0,0,1,0
2026-03-10 20:29:28,0,0,0,1,0
2026-03-10 20:29:28,0,0,0,1,0
2026-03-10 20:29:28,0,0,0,1,0
2026-03-10 20:29:28,0,0,0,1,0
2026-03-10 20:29:29,0,0,0,1,0
2026-03-10 20:29:29,0,0,0,1,0
2026-03-10 20:29:29,0,0,0,1,0
2026-03-10 20:29:29,0,0,0,1,0
2026-03-10 20:29:29,0,0,0,1,0
2026-03-10 20:29:29,0,0,0,1,0
2026-03-10 20:29:30,0,0,0,1,0
2026-03-10 20:29:30,0,0,0,1,0
2026-03-10 20:29:30,0,0,0,1,0
2026-03-10 20:29:30,0,0,0,2,0
2026-03-10 20:29:30,0,0,0,2,0
2026-03-10 20:29:30,0,0,0,2,0
2026-03-10 20:29:31,0,0,0,2,0
2026-03-10 20:29:31,0,0,0,2,0
2026-03-10 20:29:31,0,0,0,2,0
2026-03-10 20:29:31,0,0,0,2,0
2026-03-10 20:29:31,0,0,0,2,0
2026-03-10 20:29:32,0,0,0,2,0
2026-03-10 20:29:32,0,0,0,2,0
2026-03-10 20:29:32,0,0,0,2,0
2026-03-10 20:29:32,0,0,0,2,0
2026-03-10 20:29:32,0,0,0,2,0
2026-03-10 20:29:33,0,0,0,2,0
2026-03-10 20:29:33,0,0,0,2,0
2026-03-10 20:29:33,0,0,0,2,0
2026-03-10 20:29:33,0,0,0,2,0
2026-03-10 20:29:34,0,0,0,2,0
2026-03-10 20:29:34,0,0,0,2,0
2026-03-10 20:29:34,0,0,0,2,0
2026-03-10 20:29:34,0,0,0,2,0
2026-03-10 20:29:34,0,0,0,2,0
2026-03-10 20:29:35,0,0,0,2,0
2026-03-10 20:29:35,0,0,0,2,0
2026-03-10 20:29:35,0,0,0,2,0
2026-03-10 20:29:35,0,0,0,2,0
2026-03-10 20:29:35,0,0,0,2,0
2026-03-10 20:29:35,0,0,0,2,0
2026-03-10 20:29:36,0,0,0,2,0
2026-03-10 20:29:36,0,0,0,2,0
2026-03-10 20:29:36,0,0,0,2,0
2026-03-10 20:29:36,0,0,0,2,0
2026-03-10 20:29:37,0,0,0,2,0
2026-03-10 20:29:37,0,0,0,2,0
2026-03-10 20:29:37,0,0,0,2,0
2026-03-10 20:29:37,0,0,0,2,0
2026-03-10 20:29:37,0,0,0,2,0
2026-03-10 20:29:38,0,0,0,2,0
2026-03-10 20:29:38,0,0,0,2,0
2026-03-10 20:29:38,0,0,0,2,0
2026-03-10 20:29:38,0,0,0,2,0
2026-03-10 20:29:38,0,0,0,2,0
2026-03-10 20:29:38,0,0,0,2,0
2026-03-10 20:29:39,0,0,0,2,0
2026-03-10 20:29:39,0,0,0,2,0
2026-03-10 20:29:39,0,0,0,2,0
2026-03-10 20:29:39,0,0,0,2,0
2026-03-10 20:29:39,0,0,0,2,0
2026-03-10 20:29:39,0,0,0,2,0
2026-03-10 20:29:40,0,0,0,2,0
2026-03-10 20:29:40,0,0,0,2,0
2026-03-10 20:29:40,0,0,0,2,0
2026-03-10 20:29:40,0,0,0,2,0
2026-03-10 20:29:40,0,0,0,2,0
2026-03-10 20:29:41,0,0,0,2,0
2026-03-10 20:29:41,0,0,0,2,0
2026-03-10 20:29:41,0,0,0,2,0
2026-03-10 20:29:41,0,0,0,2,0
2026-03-10 20:29:42,0,0,0,2,0
2026-03-10 20:29:42,0,0,0,2,0
2026-03-10 20:29:42,0,0,0,2,0
2026-03-10 20:29:42,0,0,0,2,0
2026-03-10 20:29:43,0,0,0,2,0
2026-03-10 20:29:43,0,0,0,3,0
2026-03-10 20:29:43,0,0,0,2,0
2026-03-10 20:29:43,0,0,0,3,0
2026-03-10 20:29:43,0,0,0,2,0
2026-03-10 20:29:44,0,0,0,2,0
2026-03-10 20:29:44,0,0,0,2,0
2026-03-10 20:29:44,0,0,0,2,0
2026-03-10 20:29:44,0,0,0,3,0
2026-03-10 20:29:45,0,0,0,3,0
2026-03-10 20:29:45,0,0,0,2,0
2026-03-10 20:29:45,0,0,0,2,0
2026-03-10 20:29:45,0,0,0,3,0
2026-03-10 20:29:45,0,0,0,2,0
2026-03-10 20:29:46,0,0,0,2,0
2026-03-10 20:29:46,0,0,0,2,0
2026-03-10 20:29:46,0,0,0,2,0
2026-03-10 20:29:46,0,0,0,2,0
2026-03-10 20:29:46,0,0,0,2,0
2026-03-10 20:29:46,0,0,0,2,0
2026-03-10 20:29:47,0,0,0,2,0
2026-03-10 20:29:47,0,0,0,2,0
2026-03-10 20:29:47,0,0,0,2,0
2026-03-10 20:29:47,0,0,0,2,0
2026-03-10 20:29:47,0,0,0,2,0
2026-03-10 20:29:47,0,0,0,2,0
2026-03-10 20:29:48,0,0,0,2,0
2026-03-10 20:29:48,0,0,0,2,0
2026-03-10 20:29:48,0,0,0,2,0
2026-03-10 20:29:48,0,0,0,2,0
2026-03-10 20:29:48,0,0,0,2,0
2026-03-10 20:29:49,0,0,0,2,0
2026-03-10 20:29:49,0,0,0,1,0
2026-03-10 20:29:49,0,0,0,1,0
2026-03-10 20:29:49,0,0,0,1,0
2026-03-10 20:29:49,0,0,0,1,0
2026-03-10 20:29:50,0,0,0,1,0
2026-03-10 20:29:50,0,0,0,1,0
2026-03-10 20:29:50,0,0,0,1,0
2026-03-10 20:29:50,0,0,0,1,0
2026-03-10 20:29:50,0,0,0,1,0
2026-03-10 20:29:50,0,0,0,1,0
2026-03-10 20:29:51,0,0,0,1,0
2026-03-10 20:29:51,0,0,0,1,0
2026-03-10 20:29:51,0,0,0,1,0
2026-03-10 20:29:51,0,0,0,1,0
2026-03-10 20:29:51,0,0,0,1,0
2026-03-10 20:29:51,0,0,0,1,0
2026-03-10 20:29:52,0,0,0,1,0
2026-03-10 20:29:52,0,0,0,1,0
2026-03-10 20:29:52,0,0,0,1,0
2026-03-10 20:29:52,0,0,0,1,0
2026-03-10 20:29:52,0,0,0,1,0
2026-03-10 20:29:53,0,0,0,1,0
2026-03-10 20:29:53,0,0,0,1,0
2026-03-10 20:29:53,0,0,0,1,0
2026-03-10 20:29:53,0,0,0,1,0
2026-03-10 20:29:53,0,0,0,1,0
2026-03-10 20:29:54,0,0,0,1,0
2026-03-10 20:29:54,0,0,0,1,0
2026-03-10 20:29:54,0,0,0,1,0
2026-03-10 20:29:54,0,0,0,1,0
2026-03-10 20:29:54,0,0,0,1,0
2026-03-10 20:29:54,0,0,0,1,0
2026-03-10 20:29:55,0,0,0,1,0
2026-03-10 20:29:55,0,0,0,1,0
2026-03-10 20:29:55,0,0,0,1,0
2026-03-10 20:29:55,0,0,0,1,0
2026-03-10 20:29:55,0,0,0,1,0
2026-03-10 20:29:55,0,0,0,1,0
2026-03-10 20:29:56,0,0,0,1,0
2026-03-10 20:29:56,0,0,0,1,0
2026-03-10 20:29:56,0,0,0,1,0
2026-03-10 20:29:56,0,0,0,1,0
2026-03-10 20:29:56,0,0,0,1,0
2026-03-10 20:29:57,0,0,0,1,0
2026-03-10 20:29:57,0,0,0,1,0
2026-03-10 20:29:57,0,0,0,1,0
2026-03-10 20:29:57,0,0,0,1,0
2026-03-10 20:29:57,0,0,0,1,0
2026-03-10 20:29:57,0,0,0,1,0
2026-03-10 20:29:58,0,0,0,1,0
2026-03-10 20:29:58,0,0,0,1,0
2026-03-10 20:29:58,0,0,0,1,0
2026-03-10 20:29:58,0,0,0,1,0
2026-03-10 20:29:58,0,0,0,1,0
2026-03-10 20:29:59,0,0,0,1,0
2026-03-10 20:29:59,0,0,0,1,0
2026-03-10 20:29:59,0,0,0,1,0
2026-03-10 20:29:59,0,0,0,1,0
2026-03-10 20:29:59,0,0,0,1,0
2026-03-10 20:30:00,0,0,0,1,0
2026-03-10 20:30:00,0,0,0,1,0
2026-03-10 20:30:00,0,0,0,1,0
2026-03-10 20:30:01,0,0,0,1,0
2026-03-10 20:30:01,0,0,0,1,0
2026-03-10 20:30:01,0,0,0,1,0
2026-03-10 20:30:01,0,0,0,1,0
2026-03-10 20:30:01,0,0,0,1,0
2026-03-10 20:30:02,0,0,0,1,0
2026-03-10 20:30:02,0,0,0,1,0
2026-03-10 20:30:02,0,0,0,1,0
2026-03-10 20:30:02,0,0,0,1,0
2026-03-10 20:30:02,0,0,0,1,0
2026-03-10 20:30:03,0,0,0,1,0
2026-03-10 20:30:03,0,0,0,1,0
2026-03-10 20:30:03,0,0,0,1,0
2026-03-10 20:30:03,0,0,0,1,0
2026-03-10 20:30:03,0,0,0,1,0
2026-03-10 20:30:04,0,0,0,1,0
2026-03-10 20:30:04,0,0,0,1,0
2026-03-10 20:30:04,0,0,0,1,0
2026-03-10 20:30:04,0,0,0,1,0
2026-03-10 20:30:04,0,0,0,1,0
2026-03-10 20:30:05,0,0,0,1,0
2026-03-10 20:30:05,0,0,0,1,0
2026-03-10 20:30:05,0,0,0,1,0
2026-03-10 20:30:05,0,0,0,1,0
2026-03-10 20:30:06,0,0,0,1,0
2026-03-10 20:30:06,0,0,0,1,0
2026-03-10 20:30:06,0,0,0,1,0
2026-03-10 20:30:06,0,0,0,1,0
2026-03-10 20:30:06,0,0,0,1,0
2026-03-10 20:30:07,0,0,0,1,0
2026-03-10 20:30:07,0,0,0,1,0
2026-03-10 20:30:07,0,0,0,1,0
2026-03-10 20:30:07,0,0,0,1,0
2026-03-10 20:30:07,0,0,0,1,0
2026-03-10 20:30:07,0,0,0,1,0
2026-03-10 20:30:08,0,0,0,1,0
2026-03-10 20:30:08,0,0,0,1,0
2026-03-10 20:30:08,0,0,0,1,0
2026-03-10 20:30:08,0,0,0,1,0
2026-03-10 20:30:08,0,0,0,1,0
2026-03-10 20:30:09,0,0,0,1,0
2026-03-10 20:30:09,0,0,0,1,0
2026-03-10 20:30:09,0,0,0,1,0
2026-03-10 20:30:09,0,0,0,1,0
2026-03-10 20:30:09,0,0,0,1,0
2026-03-10 20:30:10,0,0,0,1,0
2026-03-10 20:30:10,0,0,0,1,0
2026-03-10 20:30:10,0,0,0,1,0
2026-03-10 20:30:10,0,0,0,1,0
2026-03-10 20:30:10,0,0,0,1,0
2026-03-10 20:30:10,0,0,0,1,0
2026-03-10 20:30:11,0,0,0,1,0
2026-03-10 20:30:11,0,0,0,1,0
2026-03-10 20:30:11,0,0,0,1,0
2026-03-10 20:30:11,0,0,0,1,0
2026-03-10 20:30:11,0,0,0,1,0
2026-03-10 20:30:12,0,0,0,1,0
2026-03-10 20:30:12,0,0,0,1,0
2026-03-10 20:30:12,0,0,0,1,0
2026-03-10 20:30:12,0,0,0,1,0
2026-03-10 20:30:12,0,0,0,1,0
2026-03-10 20:30:12,0,0,0,1,0
2026-03-10 20:30:13,0,0,0,1,0
2026-03-10 20:30:13,0,0,0,1,0
2026-03-10 20:30:13,0,0,0,1,0
2026-03-10 20:30:13,0,0,0,1,0
2026-03-10 20:30:13,0,0,0,1,0
2026-03-10 20:30:14,0,0,0,1,0
2026-03-10 20:30:14,0,0,0,1,0
2026-03-10 20:30:14,0,0,0,1,0
2026-03-10 20:30:14,0,0,0,1,0
2026-03-10 20:30:14,0,0,0,1,0
2026-03-10 20:30:15,0,0,0,1,0
2026-03-10 20:30:15,0,0,0,1,0
2026-03-10 20:30:15,0,0,0,1,0
2026-03-10 20:30:15,0,0,0,1,0
2026-03-10 20:30:15,0,0,0,1,0
2026-03-10 20:30:16,0,0,0,1,0
2026-03-10 20:30:16,0,0,0,1,0
2026-03-10 20:30:16,0,0,0,1,0
2026-03-10 20:30:16,0,0,0,1,0
2026-03-10 20:30:16,0,0,0,1,0
2026-03-10 20:30:16,0,0,0,1,0
2026-03-10 20:30:17,0,0,0,1,0
2026-03-10 20:30:17,0,0,0,1,0
2026-03-10 20:30:17,0,0,0,1,0
2026-03-10 20:30:17,0,0,0,1,0
2026-03-10 20:30:17,0,0,0,1,0
2026-03-10 20:30:17,0,0,0,1,0
2026-03-10 20:30:18,0,0,0,1,0
2026-03-10 20:30:18,0,0,0,1,0
2026-03-10 20:30:18,0,0,0,1,0
2026-03-10 20:30:18,0,0,0,1,0
2026-03-10 20:30:18,0,0,0,1,0
2026-03-10 20:30:18,0,0,0,1,0
2026-03-10 20:30:19,0,0,0,1,0
2026-03-10 20:30:19,0,0,0,1,0
2026-03-10 20:30:19,0,0,0,1,0
2026-03-10 20:30:19,0,0,0,1,0
2026-03-10 20:30:19,0,0,0,1,0
2026-03-10 20:30:19,0,0,0,1,0
2026-03-10 20:30:20,0,0,0,1,0
2026-03-10 20:30:20,0,0,0,1,0
2026-03-10 20:30:20,0,0,0,1,0
2026-03-10 20:30:20,0,0,0,1,0
2026-03-10 20:30:20,0,0,0,1,0
2026-03-10 20:30:21,0,0,0,1,0
2026-03-10 20:30:21,0,0,0,1,0
2026-03-10 20:30:21,0,0,0,1,0
2026-03-10 20:30:21,0,0,0,1,0
2026-03-10 20:30:21,0,0,0,1,0
2026-03-10 20:30:21,0,0,0,1,0
2026-03-10 20:30:22,0,0,0,1,0
2026-03-10 20:30:22,0,0,0,1,0
2026-03-10 20:30:22,0,0,0,1,0
2026-03-10 20:30:22,0,0,0,1,0
2026-03-10 20:30:22,0,0,0,1,0
2026-03-10 20:30:22,0,0,0,1,0
2026-03-10 20:30:23,0,0,0,1,0
2026-03-10 20:30:23,0,0,0,1,0
2026-03-10 20:30:23,0,0,0,1,0
2026-03-10 20:30:23,0,0,0,1,0
2026-03-10 20:30:23,0,0,0,1,0
2026-03-10 20:30:24,0,0,0,1,0
2026-03-10 20:30:24,0,0,0,1,0
2026-03-10 20:30:24,0,0,0,1,0
2026-03-10 20:30:24,0,0,0,1,0
2026-03-10 20:30:24,0,0,0,1,0
2026-03-10 20:30:24,0,0,0,1,0
2026-03-10 20:30:25,0,0,0,1,0
2026-03-10 20:30:25,0,0,0,1,0
2026-03-10 20:30:25,0,0,0,1,0
2026-03-10 20:30:25,0,0,0,1,0
2026-03-10 20:30:25,0,0,0,1,0
2026-03-10 20:30:25,0,0,0,1,0
2026-03-10 20:30:26,0,0,0,1,0
2026-03-10 20:30:26,0,0,0,1,0
2026-03-10 20:30:26,0,0,0,1,0
2026-03-10 20:30:26,0,0,0,1,0
2026-03-10 20:30:26,0,0,0,1,0
2026-03-10 20:30:26,0,0,0,1,0
2026-03-10 20:30:27,0,0,0,1,0
2026-03-10 20:30:27,0,0,0,1,0
2026-03-10 20:30:27,0,0,0,1,0
2026-03-10 20:30:27,0,0,0,1,0
2026-03-10 20:30:27,0,0,0,1,0
2026-03-10 20:30:27,0,0,0,1,0
2026-03-10 20:30:28,0,0,0,1,0
2026-03-10 20:30:28,0,0,0,1,0
2026-03-10 20:30:28,0,0,0,1,0
2026-03-10 20:30:28,0,0,0,1,0
2026-03-10 20:30:28,0,0,0,1,0
2026-03-10 20:30:29,0,0,0,1,0
2026-03-10 20:30:29,0,0,0,1,0
2026-03-10 20:30:29,0,0,0,1,0
2026-03-10 20:30:29,0,0,0,1,0
2026-03-10 20:30:29,0,0,0,1,0
2026-03-10 20:30:29,0,0,0,1,0
2026-03-10 20:30:30,0,0,0,1,0
2026-03-10 20:30:30,0,0,0,1,0
2026-03-10 20:30:30,0,0,0,1,0
2026-03-10 20:30:30,0,0,0,1,0
2026-03-10 20:30:30,0,0,0,1,0
2026-03-10 20:30:30,0,0,0,1,0
2026-03-10 20:30:31,0,0,0,1,0
2026-03-10 20:30:31,0,0,0,1,0
2026-03-10 20:30:31,0,0,0,1,0
2026-03-10 20:30:31,0,0,0,1,0
2026-03-10 20:30:31,0,0,0,1,0
2026-03-10 20:30:32,0,0,0,1,0
2026-03-10 20:30:32,0,0,0,1,0
2026-03-10 20:30:32,0,0,0,1,0
2026-03-10 20:30:32,0,0,0,1,0
2026-03-10 20:30:32,0,0,0,1,0
2026-03-10 20:30:32,0,0,0,1,0
2026-03-10 20:30:33,0,0,0,1,0
2026-03-10 20:30:33,0,0,0,1,0
2026-03-10 20:30:33,0,0,0,1,0
2026-03-10 20:30:33,0,0,0,1,0
2026-03-10 20:30:33,0,0,0,1,0
2026-03-10 20:30:33,0,0,0,1,0
2026-03-10 20:30:34,0,0,0,1,0
2026-03-10 20:30:34,0,0,0,1,0
2026-03-10 20:30:34,0,0,0,1,0
2026-03-10 20:30:34,0,0,0,1,0
2026-03-10 20:30:34,0,0,0,1,0
2026-03-10 20:30:34,0,0,0,1,0
2026-03-10 20:30:35,0,0,0,1,0
2026-03-10 20:30:35,0,0,0,1,0
2026-03-10 20:30:35,0,0,0,1,0
2026-03-10 20:30:35,0,0,0,1,0
2026-03-10 20:30:35,0,0,0,1,0
2026-03-10 20:30:36,0,0,0,1,0
2026-03-10 20:30:36,0,0,0,1,0
2026-03-10 20:30:36,0,0,0,1,0
2026-03-10 20:30:36,0,0,0,1,0
2026-03-10 20:30:36,0,0,0,1,0
2026-03-10 20:30:36,0,0,0,1,0
2026-03-10 20:30:37,0,0,0,1,0
2026-03-10 20:30:37,0,0,0,1,0
2026-03-10 20:30:37,0,0,0,1,0
2026-03-10 20:30:37,0,0,0,1,0
2026-03-10 20:30:37,0,0,0,1,0
2026-03-10 20:30:38,0,0,0,1,0
2026-03-10 20:30:38,0,0,0,1,0
2026-03-10 20:30:38,0,0,0,1,0
2026-03-10 20:30:38,0,0,0,1,0
2026-03-10 20:30:38,0,0,0,1,0
2026-03-10 20:30:38,0,0,0,1,0
2026-03-10 20:30:39,0,0,0,1,0
2026-03-10 20:30:39,0,0,0,1,0
2026-03-10 20:30:39,0,0,0,1,0
2026-03-10 20:30:39,0,0,0,1,0
2026-03-10 20:30:39,0,0,0,1,0
2026-03-10 20:30:39,0,0,0,1,0
2026-03-10 20:30:40,0,0,0,1,0
2026-03-10 20:30:40,0,0,0,1,0
2026-03-10 20:30:40,0,0,0,1,0
2026-03-10 20:30:40,0,0,0,1,0
2026-03-10 20:30:40,0,0,0,1,0
2026-03-10 20:30:40,0,0,0,1,0
2026-03-10 20:30:41,0,0,0,1,0
2026-03-10 20:30:41,0,0,0,1,0
2026-03-10 20:30:41,0,0,0,1,0
2026-03-10 20:30:41,0,0,0,1,0
2026-03-10 20:30:41,0,0,0,1,0
2026-03-10 20:30:41,0,0,0,1,0
2026-03-10 20:30:42,0,0,0,1,0
2026-03-10 20:30:42,0,0,0,1,0
2026-03-10 20:30:42,0,0,0,1,0
2026-03-10 20:30:42,0,0,0,1,0
2026-03-10 20:30:42,0,0,0,1,0
2026-03-10 20:30:43,0,0,0,1,0
2026-03-10 20:30:43,0,0,0,1,0
2026-03-10 20:30:43,0,0,0,1,0
2026-03-10 20:30:43,0,0,0,1,0
2026-03-10 20:30:43,0,0,0,1,0
2026-03-10 20:30:43,0,0,0,1,0
2026-03-10 20:30:44,0,0,0,1,0
2026-03-10 20:30:44,0,0,0,1,0
2026-03-10 20:30:44,0,0,0,1,0
2026-03-10 20:30:44,0,0,0,1,0
2026-03-10 20:30:44,0,0,0,1,0
2026-03-10 20:30:44,0,0,0,1,0
2026-03-10 20:30:45,0,0,0,1,0
2026-03-10 20:30:45,0,0,0,1,0
2026-03-10 20:30:45,0,0,0,1,0
2026-03-10 20:30:45,0,0,0,1,0
2026-03-10 20:30:45,0,0,0,1,0
2026-03-10 20:30:46,0,0,0,1,0
2026-03-10 20:30:46,0,0,0,1,0
2026-03-10 20:30:46,0,0,0,1,0
2026-03-10 20:30:46,0,0,0,1,0
2026-03-10 20:30:46,0,0,0,1,0
2026-03-10 20:30:46,0,0,0,1,0
2026-03-10 20:30:47,0,0,0,1,0
2026-03-10 20:30:47,0,0,0,1,0
2026-03-10 20:30:47,0,0,0,1,0
2026-03-10 20:30:47,0,0,0,1,0
2026-03-10 20:30:47,0,0,0,1,0
2026-03-10 20:30:47,0,0,0,1,0
2026-03-10 20:30:48,0,0,0,1,0
2026-03-10 20:30:48,0,0,0,1,0
2026-03-10 20:30:48,0,0,0,1,0
2026-03-10 20:30:48,0,0,0,1,0
2026-03-10 20:30:48,0,0,0,1,0
2026-03-10 20:30:48,0,0,0,1,0
2026-03-10 20:30:49,0,0,0,1,0
2026-03-10 20:30:49,0,0,0,1,0
2026-03-10 20:30:49,0,0,0,1,0
2026-03-10 20:30:49,0,0,0,1,0
2026-03-10 20:30:49,0,0,0,1,0
2026-03-10 20:30:49,0,0,0,1,0
2026-03-10 20:30:50,0,0,0,1,0
2026-03-10 20:30:50,0,0,0,1,0
2026-03-10 20:30:50,0,0,0,1,0
2026-03-10 20:30:50,0,0,0,1,0
2026-03-10 20:30:50,0,0,0,1,0
2026-03-10 20:30:51,0,0,0,1,0
2026-03-10 20:30:51,0,0,0,1,0
2026-03-10 20:30:51,0,0,0,1,0
2026-03-10 20:30:51,0,0,0,1,0
2026-03-10 20:30:51,0,0,0,1,0
2026-03-10 20:30:51,0,0,0,1,0
2026-03-10 20:30:52,0,0,0,1,0
2026-03-10 20:30:52,0,0,0,1,0
2026-03-10 20:30:52,0,0,0,1,0
2026-03-10 20:30:52,0,0,0,1,0
2026-03-10 20:30:52,0,0,0,1,0
2026-03-10 20:30:52,0,0,0,1,0
2026-03-10 20:30:53,0,0,0,1,0
2026-03-10 20:30:53,0,0,0,1,0
2026-03-10 20:30:53,0,0,0,1,0
2026-03-10 20:30:53,0,0,0,1,0
2026-03-10 20:30:53,0,0,0,1,0
2026-03-10 20:30:53,0,0,0,1,0
2026-03-10 20:30:54,0,0,0,1,0
2026-03-10 20:30:54,0,0,0,1,0
2026-03-10 20:30:54,0,0,0,1,0
2026-03-10 20:30:54,0,0,0,1,0
2026-03-10 20:30:54,0,0,0,1,0
2026-03-10 20:30:55,0,0,0,1,0
2026-03-10 20:30:55,0,0,0,1,0
2026-03-10 20:30:55,0,0,0,1,0
2026-03-10 20:30:55,0,0,0,1,0
2026-03-10 20:30:55,0,0,0,1,0
2026-03-10 20:30:55,0,0,0,1,0
2026-03-10 20:30:56,0,0,0,1,0
2026-03-10 20:30:56,0,0,0,1,0
2026-03-10 20:30:56,0,0,0,1,0
2026-03-10 20:30:56,0,0,0,1,0
2026-03-10 20:30:56,0,0,0,1,0
2026-03-10 20:30:56,0,0,0,1,0
2026-03-10 20:30:57,0,0,0,1,0
2026-03-10 20:30:57,0,0,0,1,0
2026-03-10 20:30:57,0,0,0,1,0
2026-03-10 20:30:57,0,0,0,1,0
2026-03-10 20:30:57,0,0,0,1,0
2026-03-10 20:30:57,0,0,0,1,0
2026-03-10 20:30:58,0,0,0,1,0
2026-03-10 20:30:58,0,0,0,1,0
2026-03-10 20:30:58,0,0,0,1,0
2026-03-10 20:30:58,0,0,0,1,0
2026-03-10 20:30:58,0,0,0,1,0
2026-03-10 20:30:58,0,0,0,1,0
2026-03-10 20:30:59,0,0,0,1,0
2026-03-10 20:30:59,0,0,0,1,0
2026-03-10 20:30:59,0,0,0,1,0
2026-03-10 20:30:59,0,0,0,1,0
2026-03-10 20:30:59,0,0,0,1,0
2026-03-10 20:31:00,0,0,0,1,0
2026-03-10 20:31:00,0,0,0,1,0
2026-03-10 20:31:00,0,0,0,1,0
2026-03-10 20:31:00,0,0,0,1,0
2026-03-10 20:31:00,0,0,0,1,0
2026-03-10 20:31:00,0,0,0,1,0
2026-03-10 20:31:01,0,0,0,1,0
2026-03-10 20:31:01,0,0,0,1,0
2026-03-10 20:31:01,0,0,0,1,0
2026-03-10 20:31:01,0,0,0,1,0
2026-03-10 20:31:01,0,0,0,1,0
2026-03-10 20:31:02,0,0,0,1,0
2026-03-10 20:31:02,0,0,0,1,0
2026-03-10 20:31:02,0,0,0,1,0
2026-03-10 20:31:02,0,0,0,1,0
2026-03-10 20:31:02,0,0,0,1,0
2026-03-10 20:31:02,0,0,0,1,0
2026-03-10 20:31:03,0,0,0,1,0
2026-03-10 20:31:03,0,0,0,1,0
2026-03-10 20:31:03,0,0,0,1,0
2026-03-10 20:31:03,0,0,0,1,0
2026-03-10 20:31:03,0,0,0,1,0
2026-03-10 20:31:03,0,0,0,1,0
2026-03-10 20:31:04,0,0,0,1,0
2026-03-10 20:31:04,0,0,0,1,0
2026-03-10 20:31:04,0,0,0,1,0
2026-03-10 20:31:04,0,0,0,1,0
2026-03-10 20:31:04,0,0,0,1,0
2026-03-10 20:31:04,0,0,0,1,0
2026-03-10 20:31:05,0,0,0,1,0
2026-03-10 20:31:05,0,0,0,1,0
2026-03-10 20:31:05,0,0,0,1,0
2026-03-10 20:31:05,0,0,0,1,0
2026-03-10 20:31:05,0,0,0,1,0
2026-03-10 20:31:06,0,0,0,1,0
2026-03-10 20:31:06,0,0,0,1,0
2026-03-10 20:31:06,0,0,0,1,0
2026-03-10 20:31:06,0,0,0,1,0
2026-03-10 20:31:06,0,0,0,1,0
2026-03-10 20:31:06,0,0,0,1,0
2026-03-10 20:31:07,0,0,0,1,0
2026-03-10 20:31:07,0,0,0,1,0
2026-03-10 20:31:07,0,0,0,1,0
2026-03-10 20:31:07,0,0,0,1,0
2026-03-10 20:31:07,0,0,0,1,0
2026-03-10 20:31:07,0,0,0,1,0
2026-03-10 20:31:08,0,0,0,1,0
2026-03-10 20:31:08,0,0,0,1,0
2026-03-10 20:31:08,0,0,0,1,0
2026-03-10 20:31:08,0,0,0,1,0
2026-03-10 20:31:08,0,0,0,1,0
2026-03-10 20:31:09,0,0,0,1,0
2026-03-10 20:31:09,0,0,0,1,0
2026-03-10 20:31:09,0,0,0,1,0
2026-03-10 20:31:09,0,0,0,1,0
2026-03-10 20:31:09,0,0,0,1,0
2026-03-10 20:31:09,0,0,0,1,0
2026-03-10 20:31:10,0,0,0,1,0
2026-03-10 20:31:10,0,0,0,1,0
2026-03-10 20:31:10,0,0,0,1,0
2026-03-10 20:31:10,0,0,0,1,0
2026-03-10 20:31:10,0,0,0,1,0
2026-03-10 20:31:10,0,0,0,1,0
2026-03-10 20:31:11,0,0,0,1,0
2026-03-10 20:31:11,0,0,0,1,0
2026-03-10 20:31:11,0,0,0,1,0
2026-03-10 20:31:11,0,0,0,1,0
2026-03-10 20:31:11,0,0,0,1,0
2026-03-10 20:31:11,0,0,0,1,0
2026-03-10 20:31:12,0,0,0,1,0
2026-03-10 20:31:12,0,0,0,1,0
2026-03-10 20:31:12,0,0,0,1,0
2026-03-10 20:31:12,0,0,0,1,0
2026-03-10 20:31:12,0,0,0,1,0
2026-03-10 20:31:13,0,0,0,1,0
2026-03-10 20:31:13,0,0,0,1,0
2026-03-10 20:31:13,0,0,0,1,0
2026-03-10 20:31:13,0,0,0,1,0
2026-03-10 20:31:13,0,0,0,1,0
2026-03-10 20:31:13,0,0,0,1,0
2026-03-10 20:31:14,0,0,0,1,0
2026-03-10 20:31:14,0,0,0,1,0
2026-03-10 20:31:14,0,0,0,1,0
2026-03-10 20:31:14,0,0,0,1,0
2026-03-10 20:31:14,0,0,0,1,0
2026-03-10 20:31:14,0,0,0,1,0
2026-03-10 20:31:15,0,0,0,1,0
2026-03-10 20:31:15,0,0,0,1,0
2026-03-10 20:31:15,0,0,0,1,0
2026-03-10 20:31:15,0,0,0,1,0
2026-03-10 20:31:15,0,0,0,1,0
2026-03-10 20:31:15,0,0,0,1,0
2026-03-10 20:31:16,0,0,0,1,0
2026-03-10 20:31:16,0,0,0,1,0
2026-03-10 20:31:16,0,0,0,1,0
2026-03-10 20:31:16,0,0,0,1,0
2026-03-10 20:31:16,0,0,0,1,0
2026-03-10 20:31:17,0,0,0,1,0
2026-03-10 20:31:17,0,0,0,1,0
2026-03-10 20:31:17,0,0,0,1,0
2026-03-10 20:31:17,0,0,0,1,0
2026-03-10 20:31:17,0,0,0,1,0
2026-03-10 20:31:17,0,0,0,1,0
2026-03-10 20:31:18,0,0,0,1,0
2026-03-10 20:31:18,0,0,0,1,0
2026-03-10 20:31:18,0,0,0,1,0
2026-03-10 20:31:18,0,0,0,2,0
2026-03-10 20:31:18,0,0,0,1,0
2026-03-10 20:31:18,0,0,0,1,0
2026-03-10 20:31:19,0,0,0,1,0
2026-03-10 20:31:19,1,0,1,1,0
2026-03-10 20:31:19,1,0,1,1,0
2026-03-10 20:31:19,1,0,1,1,0
2026-03-10 20:31:19,1,0,1,1,0
2026-03-10 20:31:20,1,0,1,1,0
2026-03-10 20:31:20,1,0,1,1,0
2026-03-10 20:31:20,1,0,1,1,0
2026-03-10 20:31:20,1,0,1,1,0
2026-03-10 20:31:20,1,0,1,1,0
2026-03-10 20:31:20,1,0,1,1,0
2026-03-10 20:31:21,1,0,1,1,0
2026-03-10 20:31:21,1,0,1,1,0
2026-03-10 20:31:21,1,0,1,1,0
2026-03-10 20:31:21,1,0,1,1,0
2026-03-10 20:31:21,1,0,1,1,0
2026-03-10 20:31:21,1,0,1,1,0
2026-03-10 20:31:22,1,0,1,1,0
2026-03-10 20:31:22,1,0,1,1,0
2026-03-10 20:31:22,1,0,1,1,0
2026-03-10 20:31:22,1,0,1,1,0
2026-03-10 20:31:22,1,0,1,1,0
2026-03-10 20:31:23,1,0,1,1,0
2026-03-10 20:31:23,1,0,1,1,0
2026-03-10 20:31:23,1,0,1,1,0
2026-03-10 20:31:23,1,0,1,1,0
2026-03-10 20:31:23,1,0,1,1,0
2026-03-10 20:31:23,1,0,1,1,0
2026-03-10 20:31:24,1,0,1,1,0
2026-03-10 20:31:24,1,0,1,1,0
2026-03-10 20:31:24,1,0,1,1,0
2026-03-10 20:31:24,1,0,1,1,0
2026-03-10 20:31:24,1,0,1,1,0
2026-03-10 20:31:24,1,0,1,1,0
2026-03-10 20:31:25,1,0,1,2,0
2026-03-10 20:31:25,1,0,1,1,0
2026-03-10 20:31:25,1,0,1,1,0
2026-03-10 20:31:25,1,0,1,1,0
2026-03-10 20:31:25,1,0,1,1,0
2026-03-10 20:31:25,1,0,1,1,0
2026-03-10 20:31:26,1,0,1,2,0
2026-03-10 20:31:26,1,0,1,1,0
2026-03-10 20:31:26,1,0,1,2,0
2026-03-10 20:31:26,1,0,1,2,0
2026-03-10 20:31:26,1,0,1,2,0
2026-03-10 20:31:26,1,0,1,1,0
2026-03-10 20:31:27,1,0,1,2,0
2026-03-10 20:31:27,1,0,1,2,0
2026-03-10 20:31:27,1,0,1,2,0
2026-03-10 20:31:27,1,0,1,2,0
2026-03-10 20:31:27,1,0,1,2,0
2026-03-10 20:31:28,1,0,1,2,0
2026-03-10 20:31:28,1,0,1,2,0
2026-03-10 20:31:28,1,0,1,2,0
2026-03-10 20:31:28,1,0,1,2,0
2026-03-10 20:31:28,1,0,1,2,0
2026-03-10 20:31:28,1,0,1,2,0
2026-03-10 20:31:29,1,0,1,2,0
2026-03-10 20:31:29,1,0,1,2,0
2026-03-10 20:31:29,1,0,1,2,0
2026-03-10 20:31:29,1,0,1,2,0
2026-03-10 20:31:29,1,0,1,2,0
2026-03-10 20:31:29,1,0,1,2,0
2026-03-10 20:31:30,1,0,1,2,0
2026-03-10 20:31:30,1,0,1,2,0
2026-03-10 20:31:30,1,0,1,2,0
2026-03-10 20:31:30,1,0,1,2,0
2026-03-10 20:31:30,1,0,1,2,0
2026-03-10 20:31:30,1,0,1,2,0
2026-03-10 20:31:31,1,0,1,2,0
2026-03-10 20:31:31,1,0,1,2,0
2026-03-10 20:31:31,1,0,1,2,0
2026-03-10 20:31:31,1,0,1,2,0
2026-03-10 20:31:31,1,0,1,2,0
2026-03-10 20:31:32,1,0,1,2,0
2026-03-10 20:31:32,1,0,1,2,0
2026-03-10 20:31:32,1,0,1,2,0
2026-03-10 20:31:32,1,0,1,2,0
2026-03-10 20:31:32,1,0,1,2,0
2026-03-10 20:31:32,1,0,1,2,0
2026-03-10 20:31:33,1,0,1,2,0
2026-03-10 20:31:33,1,0,1,2,0
2026-03-10 20:31:33,1,0,1,2,0
2026-03-10 20:31:33,1,0,1,2,0
2026-03-10 20:31:33,1,0,1,2,0
2026-03-10 20:31:33,1,0,1,2,0
2026-03-10 20:31:34,1,0,1,2,0
2026-03-10 20:31:34,1,0,1,2,0
2026-03-10 20:31:34,1,0,1,2,0
2026-03-10 20:31:34,1,0,1,2,0
2026-03-10 20:31:34,1,0,1,2,0
2026-03-10 20:31:34,1,0,1,2,0
2026-03-10 20:31:35,1,0,1,2,0
2026-03-10 20:31:35,1,0,1,2,0
2026-03-10 20:31:35,1,0,1,2,0
2026-03-10 20:31:35,1,0,1,2,0
2026-03-10 20:31:35,1,0,1,2,0
2026-03-10 20:31:36,1,0,1,2,0
2026-03-10 20:31:36,1,0,1,2,0
2026-03-10 20:31:36,1,0,1,2,0
2026-03-10 20:31:36,1,0,1,2,0
2026-03-10 20:31:36,1,0,1,2,0
2026-03-10 20:31:36,1,0,1,1,0
2026-03-10 20:31:37,1,0,1,1,0
2026-03-10 20:31:37,1,0,1,1,0
2026-03-10 20:31:37,1,0,1,2,0
2026-03-10 20:31:37,1,0,1,1,0
2026-03-10 20:31:37,1,0,1,1,0
2026-03-10 20:31:37,1,0,1,1,0
2026-03-10 20:31:38,1,0,1,2,0
2026-03-10 20:31:38,1,0,1,2,0
2026-03-10 20:31:38,1,0,1,2,0
2026-03-10 20:31:38,1,0,1,1,0
2026-03-10 20:31:38,1,0,1,2,0
2026-03-10 20:31:39,1,0,1,2,0
2026-03-10 20:31:39,1,0,1,1,0
2026-03-10 20:31:39,1,0,1,2,0
2026-03-10 20:31:39,1,0,1,1,0
2026-03-10 20:31:39,1,0,1,2,0
2026-03-10 20:31:40,1,0,1,1,0
2026-03-10 20:31:40,1,0,1,0,0
2026-03-10 20:31:40,1,0,1,2,0
2026-03-10 20:31:40,1,0,1,1,0
2026-03-10 20:31:40,1,0,1,1,0
2026-03-10 20:31:40,1,0,1,1,0
2026-03-10 20:31:41,1,0,1,1,0
2026-03-10 20:31:41,1,0,1,1,0
2026-03-10 20:31:41,1,0,1,1,0
2026-03-10 20:31:41,1,0,1,1,0
2026-03-10 20:31:41,1,0,1,1,0
2026-03-10 20:31:41,1,0,1,1,0
2026-03-10 20:31:42,1,0,1,1,0
2026-03-10 20:31:42,1,0,1,1,0
2026-03-10 20:31:42,1,0,1,1,0
2026-03-10 20:31:42,1,0,1,1,0
2026-03-10 20:31:43,1,0,1,1,0
2026-03-10 20:31:43,1,0,1,1,0
2026-03-10 20:31:43,1,0,1,1,0
2026-03-10 20:31:43,1,0,1,1,0
2026-03-10 20:31:43,1,0,1,1,0
2026-03-10 20:31:44,1,0,1,1,0
2026-03-10 20:31:44,1,0,1,1,0
2026-03-10 20:31:44,1,0,1,1,0
2026-03-10 20:31:44,1,0,1,1,0
2026-03-10 20:31:44,1,0,1,1,0
2026-03-10 20:31:45,1,0,1,1,0
2026-03-10 20:31:45,1,0,1,1,0
2026-03-10 20:31:45,1,0,1,1,0
2026-03-10 20:31:45,1,0,1,1,0
2026-03-10 20:31:45,1,0,1,1,0
2026-03-10 20:31:45,1,0,1,1,0
2026-03-10 20:31:46,1,0,1,1,0
2026-03-10 20:31:46,1,0,1,1,0
2026-03-10 20:31:46,1,0,1,1,0
2026-03-10 20:31:46,1,0,1,1,0
2026-03-10 20:31:46,1,0,1,1,0
2026-03-10 20:31:47,1,0,1,1,0
2026-03-10 20:31:47,1,0,1,1,0
2026-03-10 20:31:47,1,0,1,1,0
2026-03-10 20:31:47,1,0,1,1,0
2026-03-10 20:31:47,1,0,1,1,0
2026-03-10 20:31:48,1,0,1,1,0
2026-03-10 20:31:48,1,0,1,1,0
2026-03-10 20:31:48,1,0,1,2,0
2026-03-10 20:31:48,1,0,1,1,0
2026-03-10 20:31:48,1,0,1,1,0
2026-03-10 20:31:48,1,0,1,1,0
2026-03-10 20:31:49,1,0,1,1,0
2026-03-10 20:31:49,1,0,1,1,0
2026-03-10 20:31:49,1,0,1,2,0
2026-03-10 20:31:49,1,0,1,2,0
2026-03-10 20:31:49,1,0,1,1,0
2026-03-10 20:31:50,1,0,1,2,0
2026-03-10 20:31:50,1,0,1,2,0
2026-03-10 20:31:50,1,0,1,2,0
2026-03-10 20:31:50,1,0,1,2,0
2026-03-10 20:31:50,1,0,1,2,0
2026-03-10 20:31:50,1,0,1,2,0
2026-03-10 20:31:51,1,0,1,2,0
2026-03-10 20:31:51,1,0,1,2,0
2026-03-10 20:31:51,1,0,1,2,0
2026-03-10 20:31:51,1,0,1,2,0
2026-03-10 20:31:51,1,0,1,2,0
2026-03-10 20:31:51,1,0,1,2,0
2026-03-10 20:31:52,1,0,1,2,0
2026-03-10 20:31:52,1,0,1,2,0
2026-03-10 20:31:52,1,0,1,2,0
2026-03-10 20:31:52,1,0,1,2,0
2026-03-10 20:31:52,1,0,1,2,0
2026-03-10 20:31:52,1,0,1,2,0
2026-03-10 20:31:53,1,0,1,2,0
2026-03-10 20:31:53,1,0,1,2,0
2026-03-10 20:31:53,1,0,1,2,0
2026-03-10 20:31:53,1,0,1,2,0
2026-03-10 20:31:53,1,0,1,2,0
2026-03-10 20:31:54,1,0,1,2,0
2026-03-10 20:31:54,1,0,1,2,0
2026-03-10 20:31:54,1,0,1,2,0
2026-03-10 20:31:54,1,0,1,2,0
2026-03-10 20:31:54,1,0,1,2,0
2026-03-10 20:31:54,1,0,1,2,0
2026-03-10 20:31:55,1,0,1,2,0
2026-03-10 20:31:55,1,0,1,2,0
2026-03-10 20:31:55,1,0,1,2,0
2026-03-10 20:31:55,1,0,1,2,0
2026-03-10 20:31:55,1,0,1,2,0
2026-03-10 20:31:56,1,0,1,2,0
2026-03-10 20:31:56,1,0,1,2,0
2026-03-10 20:31:56,1,0,1,2,0
2026-03-10 20:31:56,1,0,1,2,0
2026-03-10 20:31:56,1,0,1,2,0
2026-03-10 20:31:56,1,0,1,2,0
2026-03-10 20:31:57,1,0,1,2,0
2026-03-10 20:31:57,1,0,1,2,0
2026-03-10 20:31:57,1,0,1,2,0
2026-03-10 20:31:57,1,0,1,2,0
2026-03-10 20:31:57,1,0,1,2,0
2026-03-10 20:31:57,1,0,1,2,0
2026-03-10 20:31:58,1,0,1,2,0
2026-03-10 20:31:58,1,0,1,2,0
2026-03-10 20:31:58,1,0,1,2,0
2026-03-10 20:31:58,1,0,1,2,0
2026-03-10 20:31:58,1,0,1,2,0
2026-03-10 20:31:58,1,0,1,2,0
2026-03-10 20:31:59,1,0,1,2,0
2026-03-10 20:31:59,1,0,1,2,0
2026-03-10 20:31:59,1,0,1,2,0
2026-03-10 20:31:59,1,0,1,2,0
2026-03-10 20:31:59,1,0,1,2,0
2026-03-10 20:32:00,1,0,1,2,0
2026-03-10 20:32:00,1,0,1,2,0
2026-03-10 20:32:00,1,0,1,2,0
2026-03-10 20:32:00,1,0,1,2,0
2026-03-10 20:32:00,1,0,1,2,0
2026-03-10 20:32:01,1,0,1,2,0
2026-03-10 20:32:01,1,0,1,2,0
2026-03-10 20:32:01,1,0,1,2,0
2026-03-10 20:32:01,1,0,1,2,0
2026-03-10 20:32:01,1,0,1,2,0
2026-03-10 20:32:02,1,0,1,2,0
2026-03-10 20:32:02,1,0,1,2,0
2026-03-10 20:32:02,1,0,1,2,0
2026-03-10 20:32:02,1,0,1,2,0
2026-03-10 20:32:02,1,0,1,2,0
2026-03-10 20:32:03,1,0,1,2,0
2026-03-10 20:32:03,1,0,1,2,0
2026-03-10 20:32:03,1,0,1,2,0
2026-03-10 20:32:03,1,0,1,2,0
2026-03-10 20:32:03,1,0,1,2,0
2026-03-10 20:32:04,1,0,1,2,0
2026-03-10 20:32:04,1,0,1,2,0
2026-03-10 20:32:04,1,0,1,1,0
2026-03-10 20:32:04,1,0,1,1,0
2026-03-10 20:32:04,1,0,1,1,0
2026-03-10 20:32:05,1,0,1,1,0
2026-03-10 20:32:05,1,0,1,1,0
2026-03-10 20:32:05,1,0,1,1,0
2026-03-10 20:32:05,1,0,1,1,0
2026-03-10 20:32:05,1,0,1,1,0
2026-03-10 20:32:05,1,0,1,1,0
2026-03-10 20:32:06,1,0,1,1,0
2026-03-10 20:32:06,1,0,1,1,0
2026-03-10 20:32:06,1,0,1,1,0
2026-03-10 20:32:06,1,0,1,1,0
2026-03-10 20:32:06,1,0,1,1,0
2026-03-10 20:32:07,1,0,1,1,0
2026-03-10 20:32:07,1,0,1,1,0
2026-03-10 20:32:07,1,0,1,1,0
2026-03-10 20:32:07,1,0,1,1,0
2026-03-10 20:32:07,1,0,1,1,0
2026-03-10 20:32:07,1,0,1,1,0
2026-03-10 20:32:08,1,0,1,1,0
2026-03-10 20:32:08,1,0,1,1,0
2026-03-10 20:32:08,1,0,1,1,0
2026-03-10 20:32:08,1,0,1,1,0
2026-03-10 20:32:08,1,0,1,1,0
2026-03-10 20:32:09,1,0,1,1,0
2026-03-10 20:32:09,1,0,1,1,0
2026-03-10 20:32:09,1,0,1,1,0
2026-03-10 20:32:09,1,0,1,1,0
2026-03-10 20:32:09,1,0,1,1,0
2026-03-10 20:32:09,1,0,1,1,0
2026-03-10 20:32:10,1,0,1,1,0
2026-03-10 20:32:10,1,0,1,1,0
2026-03-10 20:32:10,1,0,1,1,0
2026-03-10 20:32:10,1,0,1,1,0
2026-03-10 20:32:10,1,0,1,1,0
2026-03-10 20:32:11,1,0,1,1,0
2026-03-10 20:32:11,1,0,1,1,0
2026-03-10 20:32:11,1,0,1,1,0
2026-03-10 20:32:11,1,0,1,1,0
2026-03-10 20:32:11,1,0,1,1,0
2026-03-10 20:32:11,1,0,1,1,0
2026-03-10 20:32:12,1,0,1,1,0
2026-03-10 20:32:12,1,0,1,1,0
2026-03-10 20:32:12,1,0,1,1,0
2026-03-10 20:32:12,1,0,1,1,0
2026-03-10 20:32:12,1,0,1,1,0
2026-03-10 20:32:13,1,0,1,1,0
2026-03-10 20:32:13,1,0,1,1,0
2026-03-10 20:32:13,1,0,1,1,0
2026-03-10 20:32:13,1,0,1,1,0
2026-03-10 20:32:13,1,0,1,1,0
2026-03-10 20:32:13,1,0,1,1,0
2026-03-10 20:32:14,1,0,1,1,0
2026-03-10 20:32:14,1,0,1,1,0
2026-03-10 20:32:14,1,0,1,1,0
2026-03-10 20:32:14,1,0,1,1,0
2026-03-10 20:32:14,1,0,1,0,0
2026-03-10 20:32:14,1,0,1,0,0
2026-03-10 20:32:15,1,0,1,0,0
2026-03-10 20:32:15,1,0,1,0,0
2026-03-10 20:32:15,1,0,1,0,0
2026-03-10 20:32:15,1,0,1,1,0
2026-03-10 20:32:15,1,0,1,1,0
2026-03-10 20:32:16,1,0,1,1,0
2026-03-10 20:32:16,1,0,1,1,0
2026-03-10 20:32:16,1,0,1,1,0
2026-03-10 20:32:16,1,0,1,1,0
2026-03-10 20:32:16,1,0,1,1,0
2026-03-10 20:32:16,1,0,1,1,0
2026-03-10 20:32:17,1,0,1,1,0
2026-03-10 20:32:17,1,0,1,1,0
2026-03-10 20:32:17,1,0,1,1,0
2026-03-10 20:32:17,1,0,1,1,0
2026-03-10 20:32:17,1,0,1,1,0
2026-03-10 20:32:17,1,0,1,1,0
2026-03-10 20:32:18,1,0,1,1,0
2026-03-10 20:32:18,1,0,1,1,0
2026-03-10 20:32:18,1,0,1,1,0
2026-03-10 20:32:18,1,0,1,1,0
2026-03-10 20:32:18,1,0,1,1,0
2026-03-10 20:32:18,1,0,1,1,0
2026-03-10 20:32:19,1,0,1,1,0
2026-03-10 20:32:19,1,0,1,1,0
2026-03-10 20:32:19,1,0,1,1,0
2026-03-10 20:32:19,1,0,1,1,0
2026-03-10 20:32:19,1,0,1,1,0
2026-03-10 20:32:20,1,0,1,1,0
2026-03-10 20:32:20,1,0,1,1,0
2026-03-10 20:32:20,1,0,1,1,0
2026-03-10 20:32:20,1,0,1,1,0
2026-03-10 20:32:20,1,0,1,1,0
2026-03-10 20:32:20,1,0,1,1,0
2026-03-10 20:32:21,1,0,1,1,0
2026-03-10 20:32:21,1,0,1,1,0
2026-03-10 20:32:21,1,0,1,1,0
2026-03-10 20:32:21,1,0,1,1,0
2026-03-10 20:32:21,1,0,1,1,0
2026-03-10 20:32:21,1,0,1,1,0
2026-03-10 20:32:22,1,0,1,1,0
2026-03-10 20:32:22,1,0,1,1,0
2026-03-10 20:32:22,1,0,1,1,0
2026-03-10 20:32:22,1,0,1,1,0
2026-03-10 20:32:22,1,0,1,1,0
2026-03-10 20:32:22,1,0,1,1,0
2026-03-10 20:32:23,1,0,1,1,0
2026-03-10 20:32:23,1,0,1,1,0
2026-03-10 20:32:23,1,0,1,1,0
2026-03-10 20:32:23,1,0,1,1,0
2026-03-10 20:32:23,1,0,1,1,0
2026-03-10 20:32:24,1,0,1,1,0
2026-03-10 20:32:24,1,0,1,1,0
2026-03-10 20:32:24,1,0,1,1,0
2026-03-10 20:32:24,1,0,1,1,0
2026-03-10 20:32:24,1,0,1,1,0
2026-03-10 20:32:24,1,0,1,1,0
2026-03-10 20:32:25,1,0,1,1,0
2026-03-10 20:32:25,1,0,1,1,0
2026-03-10 20:32:25,1,0,1,1,0
2026-03-10 20:32:25,1,0,1,1,0
2026-03-10 20:32:25,1,0,1,1,0
2026-03-10 20:32:25,1,0,1,1,0
2026-03-10 20:32:26,1,0,1,1,0
2026-03-10 20:32:26,1,0,1,1,0
2026-03-10 20:32:26,1,0,1,1,0
2026-03-10 20:32:26,1,0,1,1,0
2026-03-10 20:32:26,1,0,1,1,0
2026-03-10 20:32:26,1,0,1,1,0
2026-03-10 20:32:27,1,0,1,1,0
2026-03-10 20:32:27,1,0,1,1,0
2026-03-10 20:32:27,1,0,1,1,0
2026-03-10 20:32:27,1,0,1,1,0
2026-03-10 20:32:27,1,0,1,1,0
2026-03-10 20:32:27,1,0,1,1,0
2026-03-10 20:32:28,1,0,1,1,0
2026-03-10 20:32:28,1,0,1,1,1
2026-03-10 20:32:28,1,0,1,1,1
2026-03-10 20:32:28,1,0,1,1,1
2026-03-10 20:32:28,1,0,1,1,1
2026-03-10 20:32:28,1,0,1,1,0
2026-03-10 20:32:29,1,0,1,1,0
2026-03-10 20:32:29,1,0,1,1,0
2026-03-10 20:32:29,1,0,1,1,1
2026-03-10 20:32:29,1,0,1,1,1
2026-03-10 20:32:30,1,0,1,1,0
2026-03-10 20:32:30,1,0,1,1,0
2026-03-10 20:32:30,1,0,1,1,0
2026-03-10 20:32:30,1,0,1,2,0
2026-03-10 20:32:31,1,0,1,2,0
2026-03-10 20:32:31,1,0,1,2,0
2026-03-10 20:32:31,1,0,1,2,0
2026-03-10 20:32:31,1,0,1,2,0
2026-03-10 20:32:32,1,0,1,2,0
2026-03-10 20:32:34,1,0,1,2,0
2026-03-10 20:32:34,1,0,1,2,0
2026-03-10 20:32:35,1,0,1,1,0
2026-03-10 20:32:35,1,0,1,1,0
2026-03-10 20:32:35,1,0,1,1,0
2026-03-10 20:32:35,1,0,1,1,1
2026-03-10 20:32:36,1,0,1,1,0
2026-03-10 20:32:36,1,0,1,1,0
2026-03-10 20:32:36,1,0,1,1,0
2026-03-10 20:32:36,1,0,1,1,0
2026-03-10 20:32:37,1,0,1,1,0
2026-03-10 20:32:37,1,0,1,1,0
2026-03-10 20:43:22,1,0,1,1,0
2026-03-10 20:43:22,1,0,1,1,0
2026-03-10 20:43:23,1,0,1,1,0
2026-03-10 20:43:23,1,0,1,1,0
2026-03-10 20:43:23,1,0,1,1,0
2026-03-10 20:43:24,1,0,1,1,0
2026-03-10 20:43:24,1,0,1,1,0
2026-03-10 20:43:24,1,0,1,1,0
2026-03-10 20:43:25,1,0,1,1,0
2026-03-10 20:43:25,1,0,1,1,0
2026-03-10 20:43:25,1,0,1,1,0
2026-03-10 20:43:26,1,0,1,1,0
2026-03-10 20:43:26,1,0,1,1,0
2026-03-10 20:43:26,1,0,1,1,0
2026-03-10 20:43:27,1,0,1,1,0
2026-03-10 20:43:27,1,0,1,1,0
2026-03-10 20:43:28,1,0,1,1,0
2026-03-10 20:43:28,1,0,1,1,0
2026-03-10 20:43:28,1,0,1,1,0
2026-03-10 20:43:28,1,0,1,1,0
2026-03-10 20:43:29,1,0,1,1,0
2026-03-10 20:43:30,1,0,1,1,0
2026-03-10 20:43:30,1,0,1,1,0
2026-03-10 20:43:30,1,0,1,1,0
2026-03-10 20:43:30,1,0,1,1,0
2026-03-10 20:43:31,1,0,1,1,0
2026-03-10 20:43:31,1,0,1,1,0
2026-03-10 20:43:32,1,0,1,1,0
2026-03-10 20:43:32,1,0,1,1,0
2026-03-10 20:43:32,1,0,1,1,0
2026-03-10 20:43:32,1,0,1,1,0
2026-03-10 20:43:32,1,0,1,1,0
2026-03-10 20:43:33,1,0,1,1,0
2026-03-10 20:43:33,1,0,1,1,0
2026-03-10 20:43:33,1,0,1,1,0
2026-03-10 20:43:33,1,0,1,1,0
2026-03-10 20:43:33,1,0,1,1,0
2026-03-10 20:43:33,1,0,1,1,0
2026-03-10 20:43:34,1,0,1,0,0
2026-03-10 20:43:34,1,0,1,0,0
2026-03-10 20:43:34,1,0,1,0,0
2026-03-10 20:43:34,1,0,1,0,0
2026-03-10 20:43:34,1,0,1,0,0
2026-03-10 20:43:34,1,0,1,0,0
2026-03-10 20:43:35,1,0,1,0,0
2026-03-10 20:43:35,1,0,1,0,0
2026-03-10 20:43:35,1,0,1,0,0
2026-03-10 20:43:35,1,0,1,0,0
2026-03-10 20:43:35,1,0,1,0,0
2026-03-10 20:43:35,1,0,1,0,0
2026-03-10 20:43:36,1,0,1,0,0
2026-03-10 20:43:36,1,0,1,0,0
2026-03-10 20:43:36,1,0,1,0,0
2026-03-10 20:43:36,1,0,1,0,0
2026-03-10 20:43:36,1,0,1,0,0
2026-03-10 20:43:36,1,0,1,0,0
2026-03-10 20:43:36,1,0,1,0,0
2026-03-10 20:43:37,1,0,1,0,0
2026-03-10 20:43:37,1,0,1,0,0
2026-03-10 20:43:37,1,0,1,0,0
2026-03-10 20:43:37,1,0,1,0,0
2026-03-10 20:43:37,1,0,1,0,0
2026-03-10 20:43:37,1,0,1,0,0
2026-03-10 20:43:38,1,0,1,0,0
2026-03-10 20:43:38,1,0,1,0,0
2026-03-10 20:43:38,1,0,1,0,0
2026-03-10 20:43:38,1,0,1,0,0
2026-03-10 20:43:38,1,0,1,0,0
2026-03-10 20:43:38,1,0,1,0,0
2026-03-10 20:43:38,1,0,1,0,0
2026-03-10 20:43:39,1,0,1,0,0
2026-03-10 20:43:39,1,0,1,0,0
2026-03-10 20:43:39,1,0,1,0,0
2026-03-10 20:43:39,1,0,1,0,0
2026-03-10 20:43:39,1,0,1,0,0
2026-03-10 20:43:39,1,0,1,0,0
2026-03-10 20:43:39,1,0,1,0,0
2026-03-10 20:43:40,1,0,1,0,0
2026-03-10 20:43:40,1,0,1,0,0
2026-03-10 20:43:40,1,0,1,0,0
2026-03-10 20:43:40,1,0,1,0,0
2026-03-10 20:43:40,1,0,1,0,0
2026-03-10 20:43:40,1,0,1,0,0
2026-03-10 20:43:40,1,0,1,0,0
2026-03-10 20:43:41,1,0,1,0,0
2026-03-10 20:43:41,1,0,1,0,0
2026-03-10 20:43:41,1,0,1,0,0
2026-03-10 20:43:41,1,0,1,0,0
2026-03-10 20:43:41,1,0,1,0,0
2026-03-10 20:43:41,1,0,1,0,0
2026-03-10 20:43:42,1,0,1,0,0
2026-03-10 20:43:42,1,0,1,0,0
2026-03-10 20:43:42,1,0,1,0,0
2026-03-10 20:43:42,1,0,1,0,0
2026-03-10 20:43:42,1,0,1,0,0
2026-03-10 20:43:42,1,0,1,0,0
2026-03-10 20:43:43,1,0,1,0,0
2026-03-10 20:43:43,1,0,1,0,0
2026-03-10 20:43:43,1,0,1,0,0
2026-03-10 20:43:43,1,0,1,0,0
2026-03-10 20:43:43,1,0,1,0,0
2026-03-10 20:43:43,1,0,1,0,0
2026-03-10 20:43:43,1,0,1,0,0
2026-03-10 20:43:44,1,0,1,0,0
2026-03-10 20:43:44,1,0,1,0,0
2026-03-10 20:43:44,1,0,1,0,0
2026-03-10 20:43:44,1,0,1,0,0
2026-03-10 20:43:44,1,0,1,0,0
2026-03-10 20:43:44,1,0,1,0,0
2026-03-10 20:43:44,1,0,1,0,0
2026-03-10 20:43:45,1,0,1,0,0
2026-03-10 20:43:45,1,0,1,0,0
2026-03-10 20:43:45,1,0,1,0,0
2026-03-10 20:43:45,1,0,1,0,0
2026-03-10 20:43:45,1,0,1,0,0
2026-03-10 20:43:45,1,0,1,0,0
2026-03-10 20:43:46,1,0,1,0,0
2026-03-10 20:43:46,1,0,1,0,0
2026-03-10 20:43:46,1,0,1,0,0
2026-03-10 20:43:46,1,0,1,0,0
2026-03-10 20:43:46,1,0,1,0,0
2026-03-10 20:43:46,1,0,1,0,0
2026-03-10 20:43:46,1,0,1,0,0
2026-03-10 20:43:47,1,0,1,0,0
2026-03-10 20:43:47,1,0,1,0,0
2026-03-10 20:43:47,1,0,1,0,0
2026-03-10 20:43:47,1,0,1,0,0
2026-03-10 20:43:47,1,0,1,0,0
2026-03-10 20:43:47,1,0,1,0,0
2026-03-10 20:43:47,1,0,1,0,0
2026-03-10 20:43:48,1,0,1,0,0
2026-03-10 20:43:48,1,0,1,0,0
2026-03-10 20:43:48,1,0,1,0,0
2026-03-10 20:43:48,1,0,1,0,0
2026-03-10 20:43:48,1,0,1,0,0
2026-03-10 20:43:48,1,0,1,0,0
2026-03-10 20:43:49,1,0,1,0,0
2026-03-10 20:43:49,1,0,1,0,0
2026-03-10 20:43:49,1,0,1,0,0
2026-03-10 20:43:49,1,0,1,0,0
2026-03-10 20:43:49,1,0,1,0,0
2026-03-10 20:43:49,1,0,1,0,0
2026-03-10 20:43:49,1,0,1,0,0
2026-03-10 20:43:50,1,0,1,0,0
2026-03-10 20:43:50,1,0,1,0,0
2026-03-10 20:43:50,1,0,1,0,0
2026-03-10 20:43:50,1,0,1,0,0
2026-03-10 20:43:50,1,0,1,0,0
2026-03-10 20:43:50,1,0,1,0,0
2026-03-10 20:43:50,1,0,1,0,0
2026-03-10 20:43:51,1,0,1,0,0
2026-03-10 20:43:51,1,0,1,0,0
2026-03-10 20:43:51,1,0,1,0,0
2026-03-10 20:43:51,1,0,1,0,0
2026-03-10 20:43:51,1,0,1,0,0
2026-03-10 20:43:51,1,0,1,0,0
2026-03-10 20:43:51,1,0,1,0,0
2026-03-10 20:43:52,1,0,1,0,0
2026-03-10 20:43:52,1,0,1,0,0
2026-03-10 20:43:52,1,0,1,0,0
2026-03-10 20:43:52,1,0,1,0,0
2026-03-10 20:43:52,1,0,1,0,0
2026-03-10 20:43:52,1,0,1,0,0
2026-03-10 20:43:52,1,0,1,0,0
2026-03-10 20:43:53,1,0,1,0,0
2026-03-10 20:43:53,1,0,1,0,0
2026-03-10 20:43:53,1,0,1,0,0
2026-03-10 20:43:53,1,0,1,0,0
2026-03-10 20:43:53,1,0,1,0,0
2026-03-10 20:43:53,1,0,1,0,0
2026-03-10 20:43:54,1,0,1,0,0
2026-03-10 20:43:54,1,0,1,0,0
2026-03-10 20:43:54,1,0,1,0,0
2026-03-10 20:43:54,1,0,1,0,0
2026-03-10 20:43:54,1,0,1,0,0
2026-03-10 20:43:54,1,0,1,0,0
2026-03-10 20:43:54,1,0,1,0,0
2026-03-10 20:43:55,1,0,1,0,0
2026-03-10 20:43:55,1,0,1,0,0
2026-03-10 20:43:55,1,0,1,0,0
2026-03-10 20:43:55,1,0,1,0,0
2026-03-10 20:43:55,1,0,1,0,0
2026-03-10 20:43:55,1,0,1,0,0
2026-03-10 20:43:55,1,0,1,0,0
2026-03-10 20:43:56,1,0,1,0,0
2026-03-10 20:43:56,1,0,1,0,0
2026-03-10 20:43:56,1,0,1,0,0
2026-03-10 20:43:56,1,0,1,0,0
2026-03-10 20:43:56,1,0,1,0,0
2026-03-10 20:43:56,1,0,1,0,0
2026-03-10 20:43:56,1,0,1,0,0
2026-03-10 20:43:57,1,0,1,0,0
2026-03-10 20:43:57,1,0,1,0,0
2026-03-10 20:43:57,1,0,1,0,0
2026-03-10 20:43:57,1,0,1,0,0
2026-03-10 20:43:57,1,0,1,0,0
2026-03-10 20:43:57,1,0,1,0,0
2026-03-10 20:43:57,1,0,1,0,0
2026-03-10 20:43:58,1,0,1,0,0
2026-03-10 20:43:58,1,0,1,0,0
2026-03-10 20:43:58,1,0,1,0,0
2026-03-10 20:43:58,1,0,1,0,0
2026-03-10 20:43:58,1,0,1,0,0
2026-03-10 20:43:58,1,0,1,0,0
2026-03-10 20:43:58,1,0,1,0,0
2026-03-10 20:43:59,1,0,1,0,0
2026-03-10 20:43:59,1,0,1,0,0
2026-03-10 20:43:59,1,0,1,0,0
2026-03-10 20:43:59,1,0,1,0,0
2026-03-10 20:43:59,1,0,1,0,0
2026-03-10 20:43:59,1,0,1,0,0
2026-03-10 20:44:00,1,0,1,0,0
2026-03-10 20:44:00,1,0,1,0,0
2026-03-10 20:44:00,1,0,1,0,0
2026-03-10 20:44:00,1,0,1,0,0
2026-03-10 20:44:00,1,0,1,0,0
2026-03-10 20:44:00,1,0,1,0,0
2026-03-10 20:44:00,1,0,1,0,0
2026-03-10 20:44:01,1,0,1,0,0
2026-03-10 20:44:01,1,0,1,0,0
2026-03-10 20:44:01,1,0,1,0,0
2026-03-10 20:44:01,1,0,1,0,0
2026-03-10 20:44:01,1,0,1,0,0
2026-03-10 20:44:01,1,0,1,0,0
2026-03-10 20:44:02,1,0,1,0,0
2026-03-10 20:44:02,1,0,1,0,0
2026-03-10 20:44:02,1,0,1,0,0
2026-03-10 20:44:02,1,0,1,0,0
2026-03-10 20:44:02,1,0,1,0,0
2026-03-10 20:44:02,1,0,1,0,0
2026-03-10 20:44:02,1,0,1,0,0
2026-03-10 20:44:03,1,0,1,0,0
2026-03-10 20:44:03,1,0,1,0,0
2026-03-10 20:44:03,1,0,1,0,0
2026-03-10 20:44:03,1,0,1,0,0
2026-03-10 20:44:03,1,0,1,0,0
2026-03-10 20:44:03,1,0,1,0,0
2026-03-10 20:44:03,1,0,1,0,0
2026-03-10 20:44:04,1,0,1,0,0
2026-03-10 20:44:04,1,0,1,0,0
2026-03-10 20:44:04,1,0,1,0,0
2026-03-10 20:44:04,1,0,1,0,0
2026-03-10 20:44:04,1,0,1,0,0
2026-03-10 20:44:04,1,0,1,0,0
2026-03-10 20:44:05,1,0,1,0,0
2026-03-10 20:44:05,1,0,1,0,0
2026-03-10 20:44:05,1,0,1,0,0
2026-03-10 20:44:05,1,0,1,0,0
2026-03-10 20:44:05,1,0,1,0,0
2026-03-10 20:44:05,1,0,1,0,0
2026-03-10 20:44:05,1,0,1,0,0
2026-03-10 20:44:06,1,0,1,0,0
2026-03-10 20:44:06,1,0,1,0,0
2026-03-10 20:44:06,1,0,1,0,0
2026-03-10 20:44:06,1,0,1,0,0
2026-03-10 20:44:06,1,0,1,0,0
2026-03-10 20:44:06,1,0,1,0,0
2026-03-10 20:44:06,1,0,1,0,0
2026-03-10 20:44:07,1,0,1,0,0
2026-03-10 20:44:07,1,0,1,0,0
2026-03-10 20:44:07,1,0,1,0,0
2026-03-10 20:44:07,1,0,1,0,0
2026-03-10 20:44:07,1,0,1,0,0
2026-03-10 20:44:07,1,0,1,0,0
2026-03-10 20:44:07,1,0,1,0,0
2026-03-10 20:44:08,1,0,1,0,0
2026-03-10 20:44:08,1,0,1,0,0
2026-03-10 20:44:08,1,0,1,0,0
2026-03-10 20:44:08,1,0,1,0,0
2026-03-10 20:44:08,1,0,1,0,0
2026-03-10 20:44:08,1,0,1,0,0
2026-03-10 20:44:08,1,0,1,0,0
2026-03-10 20:44:09,1,0,1,0,0
2026-03-10 20:44:09,1,0,1,0,0
2026-03-10 20:44:09,1,0,1,0,0
2026-03-10 20:44:09,1,0,1,0,0
2026-03-10 20:44:09,1,0,1,0,0
2026-03-10 20:44:09,1,0,1,0,0
2026-03-10 20:44:10,1,0,1,0,0
2026-03-10 20:44:10,1,0,1,0,0
2026-03-10 20:44:10,1,0,1,0,0
2026-03-10 20:44:10,1,0,1,0,0
2026-03-10 20:44:10,1,0,1,0,0
2026-03-10 20:44:10,1,0,1,0,0
2026-03-10 20:44:10,1,0,1,0,0
2026-03-10 20:44:11,1,0,1,0,0
2026-03-10 20:44:11,1,0,1,0,0
2026-03-10 20:44:11,1,0,1,0,0
2026-03-10 20:44:11,1,0,1,0,0
2026-03-10 20:44:11,1,0,1,0,0
2026-03-10 20:44:11,1,0,1,0,0
2026-03-10 20:44:11,1,0,1,0,0
2026-03-10 20:44:12,1,0,1,0,0
2026-03-10 20:44:12,1,0,1,0,0
2026-03-10 20:44:12,1,0,1,0,0
2026-03-10 20:44:12,1,0,1,0,0
2026-03-10 20:44:12,1,0,1,0,0
2026-03-10 20:44:12,1,0,1,0,0
2026-03-10 20:44:13,1,0,1,0,0
2026-03-10 20:44:13,1,0,1,0,0
2026-03-10 20:44:13,1,0,1,0,0
2026-03-10 20:44:13,1,0,1,0,0
2026-03-10 20:44:13,1,0,1,0,0
2026-03-10 20:44:13,1,0,1,0,0
2026-03-10 20:44:13,1,0,1,0,0
2026-03-10 20:44:14,1,0,1,0,0
2026-03-10 20:44:14,1,0,1,0,0
2026-03-10 20:44:14,1,0,1,0,0
2026-03-10 20:44:14,1,0,1,0,0
2026-03-10 20:44:14,1,0,1,0,0
2026-03-10 20:44:14,1,0,1,0,0
2026-03-10 20:44:14,1,0,1,0,0
2026-03-10 20:44:15,1,0,1,0,0
2026-03-10 20:44:15,1,0,1,0,0
2026-03-10 20:44:15,1,0,1,0,0
2026-03-10 20:44:15,1,0,1,0,0
2026-03-10 20:44:15,1,0,1,0,0
2026-03-10 20:44:15,1,0,1,0,0
2026-03-10 20:44:16,1,0,1,0,0
2026-03-10 20:44:16,1,0,1,0,0
2026-03-10 20:44:16,1,0,1,0,0
2026-03-10 20:44:16,1,0,1,0,0
2026-03-10 20:44:16,1,0,1,0,0
2026-03-10 20:44:16,1,0,1,0,0
2026-03-10 20:44:16,1,0,1,0,0
2026-03-10 20:44:17,1,0,1,0,0
2026-03-10 20:44:17,1,0,1,0,0
2026-03-10 20:44:17,1,0,1,0,0
2026-03-10 20:44:17,1,0,1,0,0
2026-03-10 20:44:17,1,0,1,0,0
2026-03-10 20:44:17,1,0,1,0,0
2026-03-10 20:44:17,1,0,1,0,0
2026-03-10 20:44:18,1,0,1,0,0
2026-03-10 20:44:18,1,0,1,0,0
2026-03-10 20:44:18,1,0,1,0,0
2026-03-10 20:44:18,1,0,1,0,0
2026-03-10 20:44:18,1,0,1,0,0
2026-03-10 20:44:18,1,0,1,0,0
2026-03-10 20:44:18,1,0,1,0,0
2026-03-10 20:44:19,1,0,1,0,0
2026-03-10 20:44:19,1,0,1,0,0
2026-03-10 20:44:19,1,0,1,0,0
2026-03-10 20:44:19,1,0,1,0,0
2026-03-10 20:44:19,1,0,1,0,0
2026-03-10 20:44:19,1,0,1,0,0
2026-03-10 20:44:20,1,0,1,0,0
2026-03-10 20:44:20,1,0,1,0,0
2026-03-10 20:44:20,1,0,1,0,0
2026-03-10 20:44:20,1,0,1,0,0
2026-03-10 20:44:20,1,0,1,0,0
2026-03-10 20:44:20,1,0,1,0,0
2026-03-10 20:44:20,1,0,1,0,0
2026-03-10 20:44:21,1,0,1,0,0
2026-03-10 20:44:21,1,0,1,0,0
2026-03-10 20:44:21,1,0,1,0,0
2026-03-10 20:44:21,1,0,1,0,0
2026-03-10 20:44:21,1,0,1,0,0
2026-03-10 20:44:21,1,0,1,0,0
2026-03-10 20:44:21,1,0,1,0,0
2026-03-10 20:44:22,1,0,1,0,0
2026-03-10 20:44:22,1,0,1,0,0
2026-03-10 20:44:22,1,0,1,0,0
2026-03-10 20:44:22,1,0,1,0,0
2026-03-10 20:44:22,1,0,1,0,0
2026-03-10 20:44:22,1,0,1,0,0
2026-03-10 20:44:22,1,0,1,0,0
2026-03-10 20:44:23,1,0,1,0,0
2026-03-10 20:44:23,1,0,1,0,0
2026-03-10 20:44:23,1,0,1,0,0
2026-03-10 20:44:23,1,0,1,0,0
2026-03-10 20:44:23,1,0,1,0,0
2026-03-10 20:44:23,1,0,1,0,0
2026-03-10 20:44:24,1,0,1,0,0
2026-03-10 20:44:24,1,0,1,0,0
2026-03-10 20:44:24,1,0,1,0,0
2026-03-10 20:44:24,1,0,1,0,0
2026-03-10 20:44:24,1,0,1,0,0
2026-03-10 20:44:24,1,0,1,0,0
2026-03-10 20:44:24,1,0,1,0,0
2026-03-10 20:44:25,1,0,1,0,0
2026-03-10 20:44:25,1,0,1,0,0
2026-03-10 20:44:25,1,0,1,0,0
2026-03-10 20:44:25,1,0,1,0,0
2026-03-10 20:44:25,1,0,1,0,0
2026-03-10 20:44:25,1,0,1,0,0
2026-03-10 20:44:25,1,0,1,0,0
2026-03-10 20:44:26,1,0,1,0,0
2026-03-10 20:44:26,1,0,1,0,0
2026-03-10 20:44:26,1,0,1,0,0
2026-03-10 20:44:26,1,0,1,0,0
2026-03-10 20:44:26,1,0,1,0,0
2026-03-10 20:44:26,1,0,1,0,0
2026-03-10 20:44:27,1,0,1,0,0
2026-03-10 20:44:27,1,0,1,0,0
2026-03-10 20:44:27,1,0,1,0,0
2026-03-10 20:44:27,1,0,1,0,0
2026-03-10 20:44:27,1,0,1,0,0
2026-03-10 20:44:27,1,0,1,0,0
2026-03-10 20:44:28,1,0,1,0,0
2026-03-10 20:44:28,1,0,1,0,0
2026-03-10 20:44:28,1,0,1,0,0
2026-03-10 20:44:28,1,0,1,0,0
2026-03-10 20:44:28,1,0,1,0,0
2026-03-10 20:44:28,1,0,1,0,0
2026-03-10 20:44:29,1,0,1,0,0
2026-03-10 20:44:29,1,0,1,0,0
2026-03-10 20:44:29,1,0,1,0,0
2026-03-10 20:44:29,1,0,1,0,0
2026-03-10 20:44:29,1,0,1,0,0
2026-03-10 20:44:29,1,0,1,0,0
2026-03-10 20:44:30,1,0,1,0,0
2026-03-10 20:44:30,1,0,1,0,0
2026-03-10 20:44:30,1,0,1,0,0
2026-03-10 20:44:30,1,0,1,0,0
2026-03-10 20:44:30,1,0,1,0,0
2026-03-10 20:44:30,1,0,1,0,0
2026-03-10 20:44:31,1,0,1,0,0
2026-03-10 20:44:31,1,0,1,0,0
2026-03-10 20:44:31,1,0,1,0,0
2026-03-10 20:44:31,1,0,1,0,0
2026-03-10 20:44:31,1,0,1,0,0
2026-03-10 20:44:31,1,0,1,0,0
2026-03-10 20:44:32,1,0,1,0,0
2026-03-10 20:44:32,1,0,1,0,0
2026-03-10 20:44:32,1,0,1,0,0
2026-03-10 20:44:32,1,0,1,0,0
2026-03-10 20:44:32,1,0,1,0,0
2026-03-10 20:44:32,1,0,1,0,0
2026-03-10 20:44:33,1,0,1,0,0
2026-03-10 20:44:33,1,0,1,0,0
2026-03-10 20:44:33,1,0,1,0,0
2026-03-10 20:44:33,1,0,1,0,0
2026-03-10 20:44:33,1,0,1,0,0
2026-03-10 20:44:34,1,0,1,0,0
2026-03-10 20:44:34,1,0,1,0,0
2026-03-10 20:44:34,1,0,1,0,0
2026-03-10 20:44:34,1,0,1,0,0
2026-03-10 20:44:34,1,0,1,0,0
2026-03-10 20:44:34,1,0,1,0,0
2026-03-10 20:44:35,1,0,1,0,0
2026-03-10 20:44:35,1,0,1,0,0
2026-03-10 20:44:35,1,0,1,0,0
2026-03-10 20:44:35,1,0,1,0,0
2026-03-10 20:44:35,1,0,1,0,0
2026-03-10 20:44:35,1,0,1,0,0
2026-03-10 20:44:36,1,0,1,0,0
2026-03-10 20:44:36,1,0,1,0,0
2026-03-10 20:44:36,1,0,1,0,0
2026-03-10 20:44:36,1,0,1,0,0
2026-03-10 20:44:36,1,0,1,0,0
2026-03-10 20:44:36,1,0,1,0,0
2026-03-10 20:44:37,1,0,1,0,0
2026-03-10 20:44:37,1,0,1,0,0
2026-03-10 20:44:37,1,0,1,0,0
2026-03-10 20:44:37,1,0,1,0,0
2026-03-10 20:44:37,1,0,1,0,0
2026-03-10 20:44:37,1,0,1,0,0
2026-03-10 20:44:38,1,0,1,0,0
2026-03-10 20:44:38,1,0,1,0,0
2026-03-10 20:44:38,1,0,1,0,0
2026-03-10 20:44:38,1,0,1,0,0
2026-03-10 20:44:38,1,0,1,0,0
2026-03-10 20:44:38,1,0,1,0,0
2026-03-10 20:44:39,1,0,1,0,0
2026-03-10 20:44:39,1,0,1,0,0
2026-03-10 20:44:39,1,0,1,0,0
2026-03-10 20:44:39,1,0,1,0,0
2026-03-10 20:44:39,1,0,1,0,0
2026-03-10 20:44:39,1,0,1,0,0
2026-03-10 20:44:40,1,0,1,0,0
2026-03-10 20:44:40,1,0,1,0,0
2026-03-10 20:44:40,1,0,1,0,0
2026-03-10 20:44:40,1,0,1,0,0
2026-03-10 20:44:40,1,0,1,0,0
2026-03-10 20:44:40,1,0,1,0,0
2026-03-10 20:44:41,1,0,1,0,0
2026-03-10 20:44:41,1,0,1,0,0
2026-03-10 20:44:41,1,0,1,0,0
2026-03-10 20:44:41,1,0,1,0,0
2026-03-10 20:44:42,1,0,1,0,0
2026-03-10 20:44:42,1,0,1,0,0
2026-03-10 20:44:42,1,0,1,0,0
2026-03-10 20:44:42,1,0,1,0,0
2026-03-10 20:44:42,1,0,1,0,0
2026-03-10 20:44:42,1,0,1,0,0
2026-03-10 20:44:43,1,0,1,0,0
2026-03-10 20:44:43,1,0,1,0,0
2026-03-10 20:44:43,1,0,1,0,0
2026-03-10 20:44:43,1,0,1,0,0
2026-03-10 20:44:43,1,0,1,0,0
2026-03-10 20:44:43,1,0,1,0,0
2026-03-10 20:44:44,1,0,1,0,0
2026-03-10 20:44:44,1,0,1,0,0
2026-03-10 20:44:44,1,0,1,0,0
2026-03-10 20:44:44,1,0,1,0,0
2026-03-10 20:44:44,1,0,1,0,0
2026-03-10 20:44:44,1,0,1,0,0
2026-03-10 20:44:45,1,0,1,0,0
2026-03-10 20:44:45,1,0,1,0,0
2026-03-10 20:44:45,1,0,1,0,0
2026-03-10 20:44:45,1,0,1,0,0
2026-03-10 20:44:45,1,0,1,0,0
2026-03-10 20:44:45,1,0,1,0,0
2026-03-10 20:44:46,1,0,1,0,0
2026-03-10 20:44:46,1,0,1,0,0
2026-03-10 20:44:46,1,0,1,0,0
2026-03-10 20:44:46,1,0,1,0,0
2026-03-10 20:44:46,1,0,1,0,0
2026-03-10 20:44:47,1,0,1,0,0
2026-03-10 20:44:47,1,0,1,0,0
2026-03-10 20:44:47,1,0,1,0,0
2026-03-10 20:44:47,1,0,1,0,0
2026-03-10 20:44:47,1,0,1,0,0
2026-03-10 20:44:47,1,0,1,0,0
2026-03-10 20:44:48,1,0,1,0,0
2026-03-10 20:44:48,1,0,1,0,0
2026-03-10 20:44:48,1,0,1,0,0
2026-03-10 20:44:48,1,0,1,0,0
2026-03-10 20:44:48,1,0,1,0,0
2026-03-10 20:44:48,1,0,1,0,0
2026-03-10 20:44:49,1,0,1,0,0
2026-03-10 20:44:49,1,0,1,0,0
2026-03-10 20:44:49,1,0,1,0,0
2026-03-10 20:44:49,1,0,1,0,0
2026-03-10 20:44:49,1,0,1,0,0
2026-03-10 20:44:49,1,0,1,0,0
2026-03-10 20:44:50,1,0,1,0,0
2026-03-10 20:44:50,1,0,1,0,0
2026-03-10 20:44:50,1,0,1,0,0
2026-03-10 20:44:50,1,0,1,0,0
2026-03-10 20:44:50,1,0,1,0,0
2026-03-10 20:44:51,1,0,1,0,0
2026-03-10 20:44:51,1,0,1,0,0
2026-03-10 20:44:51,1,0,1,0,0
2026-03-10 20:44:51,1,0,1,0,0
2026-03-10 20:44:51,1,0,1,0,0
2026-03-10 20:44:51,1,0,1,0,0
2026-03-10 20:44:52,1,0,1,0,0
2026-03-10 20:44:52,1,0,1,0,0
2026-03-10 20:44:52,1,0,1,0,0
2026-03-10 20:44:52,1,0,1,0,0
2026-03-10 20:44:52,1,0,1,0,0
2026-03-10 20:44:52,1,0,1,0,0
2026-03-10 20:44:53,1,0,1,0,0
2026-03-10 20:44:53,1,0,1,0,0
2026-03-10 20:44:53,1,0,1,0,0
2026-03-10 20:44:53,1,0,1,0,0
2026-03-10 20:44:53,1,0,1,0,0
2026-03-10 20:44:53,1,0,1,0,0
2026-03-10 20:44:54,1,0,1,0,0
2026-03-10 20:44:54,1,0,1,0,0
2026-03-10 20:44:54,1,0,1,0,0
2026-03-10 20:44:54,1,0,1,0,0
2026-03-10 20:44:54,1,0,1,0,0
2026-03-10 20:44:54,1,0,1,0,0
2026-03-10 20:44:55,1,0,1,0,0
2026-03-10 20:44:55,1,0,1,0,0
2026-03-10 20:44:55,1,0,1,0,0
2026-03-10 20:44:55,1,0,1,0,0
2026-03-10 20:44:55,1,0,1,0,0
2026-03-10 20:44:55,1,0,1,0,0
2026-03-10 20:44:56,1,0,1,0,0
2026-03-10 20:44:56,1,0,1,0,0
2026-03-10 20:44:56,1,0,1,0,0
2026-03-10 20:44:56,1,0,1,0,0
2026-03-10 20:44:56,1,0,1,0,0
2026-03-10 20:44:56,1,0,1,0,0
2026-03-10 20:44:56,1,0,1,0,0
2026-03-10 20:44:57,1,0,1,0,0
2026-03-10 20:44:57,1,0,1,0,0
2026-03-10 20:44:57,1,0,1,0,0
2026-03-10 20:44:57,1,0,1,0,0
2026-03-10 20:44:57,1,0,1,0,0
2026-03-10 20:44:58,1,0,1,0,0
2026-03-10 20:44:58,1,0,1,0,0
2026-03-10 20:44:58,1,0,1,0,0
2026-03-10 20:44:58,1,0,1,0,0
2026-03-10 20:44:58,1,0,1,0,0
2026-03-10 20:44:58,1,0,1,0,0
2026-03-10 20:44:59,1,0,1,0,0
2026-03-10 20:44:59,1,0,1,0,0
2026-03-10 20:44:59,1,0,1,0,0
2026-03-10 20:44:59,1,0,1,0,0
2026-03-10 20:44:59,1,0,1,0,0
2026-03-10 20:44:59,1,0,1,0,0
2026-03-10 20:45:00,1,0,1,0,0
2026-03-10 20:45:00,1,0,1,0,0
2026-03-10 20:45:00,1,0,1,0,0
2026-03-10 20:45:00,1,0,1,0,0
2026-03-10 20:45:00,1,0,1,0,0
2026-03-10 20:45:00,1,0,1,0,0
2026-03-10 20:45:01,1,0,1,0,0
2026-03-10 20:45:01,1,0,1,0,0
2026-03-10 20:45:01,1,0,1,0,0
2026-03-10 20:45:01,1,0,1,0,0
2026-03-10 20:45:01,1,0,1,0,0
2026-03-10 20:45:02,1,0,1,0,0
2026-03-10 20:45:02,1,0,1,0,0
2026-03-10 20:45:02,1,0,1,0,0
2026-03-10 20:45:02,1,0,1,0,0
2026-03-10 20:45:02,1,0,1,0,0
2026-03-10 20:45:02,1,0,1,0,0
2026-03-10 20:45:03,1,0,1,0,0
2026-03-10 20:45:03,1,0,1,0,0
2026-03-10 20:45:03,1,0,1,0,0
2026-03-10 20:45:03,1,0,1,0,0
2026-03-10 20:45:03,1,0,1,0,0
2026-03-10 20:45:03,1,0,1,0,0
2026-03-10 20:45:04,1,0,1,0,0
2026-03-10 20:45:04,1,0,1,0,0
2026-03-10 20:45:04,1,0,1,0,0
2026-03-10 20:45:04,1,0,1,0,0
2026-03-10 20:45:04,1,0,1,0,0
2026-03-10 20:45:04,1,0,1,0,0
2026-03-10 20:45:05,1,0,1,0,0
2026-03-10 20:45:05,1,0,1,0,0
2026-03-10 20:45:05,1,0,1,0,0
2026-03-10 20:45:05,1,0,1,0,0
2026-03-10 20:45:05,1,0,1,0,0
2026-03-10 20:45:06,1,0,1,0,0
2026-03-10 20:45:06,1,0,1,0,0
2026-03-10 20:45:06,1,0,1,0,0
2026-03-10 20:45:06,1,0,1,0,0
2026-03-10 20:45:06,1,0,1,0,0
2026-03-10 20:45:06,1,0,1,0,0
2026-03-10 20:45:07,1,0,1,0,0
2026-03-10 20:45:07,1,0,1,0,0
2026-03-10 20:45:07,1,0,1,0,0
2026-03-10 20:45:07,1,0,1,0,0
2026-03-10 20:45:07,1,0,1,0,0
2026-03-10 20:45:07,1,0,1,0,0
2026-03-10 20:45:08,1,0,1,0,0
2026-03-10 20:45:08,1,0,1,0,0
2026-03-10 20:45:08,1,0,1,0,0
2026-03-10 20:45:08,1,0,1,0,0
2026-03-10 20:45:08,1,0,1,0,0
2026-03-10 20:45:08,1,0,1,0,0
2026-03-10 20:45:09,1,0,1,0,0
2026-03-10 20:45:09,1,0,1,0,0
2026-03-10 20:45:09,1,0,1,0,0
2026-03-10 20:45:09,1,0,1,0,0
2026-03-10 20:45:09,1,0,1,0,0
2026-03-10 20:45:09,1,0,1,0,0
2026-03-10 20:45:10,1,0,1,0,0
2026-03-10 20:45:10,1,0,1,0,0
2026-03-10 20:45:10,1,0,1,0,0
2026-03-10 20:45:10,1,0,1,0,0
2026-03-10 20:45:10,1,0,1,0,0
2026-03-10 20:45:10,1,0,1,0,0
2026-03-10 20:45:11,1,0,1,0,0
2026-03-10 20:45:11,1,0,1,0,0
2026-03-10 20:45:11,1,0,1,0,0
2026-03-10 20:45:11,1,0,1,0,0
2026-03-10 20:45:11,1,0,1,0,0
2026-03-10 20:45:11,1,0,1,0,0
2026-03-10 20:45:12,1,0,1,0,0
2026-03-10 20:45:12,1,0,1,0,0
2026-03-10 20:45:12,1,0,1,0,0
2026-03-10 20:45:12,1,0,1,0,0
2026-03-10 20:45:12,1,0,1,0,0
2026-03-10 20:45:12,1,0,1,0,0
2026-03-10 20:45:13,1,0,1,0,0
2026-03-10 20:45:13,1,0,1,0,0
2026-03-10 20:45:13,1,0,1,0,0
2026-03-10 20:45:13,1,0,1,0,0
2026-03-10 20:45:13,1,0,1,0,0
2026-03-10 20:45:13,1,0,1,0,0
2026-03-10 20:45:14,1,0,1,0,0
2026-03-10 20:45:14,1,0,1,0,0
2026-03-10 20:45:14,1,0,1,0,0
2026-03-10 20:45:14,1,0,1,0,0
2026-03-10 20:45:14,1,0,1,0,0
2026-03-10 20:45:14,1,0,1,0,0
2026-03-10 20:45:15,1,0,1,0,0
2026-03-10 20:45:15,1,0,1,0,0
2026-03-10 20:45:15,1,0,1,0,0
2026-03-10 20:45:15,1,0,1,0,0
2026-03-10 20:45:15,1,0,1,0,0
2026-03-10 20:45:15,1,0,1,0,0
2026-03-10 20:45:16,1,0,1,0,0
2026-03-10 20:45:16,1,0,1,0,0
2026-03-10 20:45:16,1,0,1,0,0
2026-03-10 20:45:16,1,0,1,0,0
2026-03-10 20:45:16,1,0,1,0,0
2026-03-10 20:45:17,1,0,1,0,0
2026-03-10 20:45:17,1,0,1,0,0
2026-03-10 20:45:17,1,0,1,0,0
2026-03-10 20:45:17,1,0,1,0,0
2026-03-10 20:45:17,1,0,1,0,0
2026-03-10 20:45:17,1,0,1,0,0
2026-03-10 20:45:18,1,0,1,0,0
2026-03-10 20:45:18,1,0,1,0,0
2026-03-10 20:45:18,1,0,1,0,0
2026-03-10 20:45:18,1,0,1,0,0
2026-03-10 20:45:18,1,0,1,0,0
2026-03-10 20:45:18,1,0,1,0,0
2026-03-10 20:45:19,1,0,1,0,0
2026-03-10 20:45:19,1,0,1,0,0
2026-03-10 20:45:19,1,0,1,0,0
2026-03-10 20:45:19,1,0,1,0,0
2026-03-10 20:45:19,1,0,1,0,0
2026-03-10 20:45:19,1,0,1,0,0
2026-03-10 20:45:20,1,0,1,0,0
2026-03-10 20:45:20,1,0,1,0,0
2026-03-10 20:45:20,1,0,1,0,0
2026-03-10 20:45:20,1,0,1,0,0
2026-03-10 20:45:20,1,0,1,0,0
2026-03-10 20:45:20,1,0,1,0,0
2026-03-10 20:45:21,1,0,1,0,0
2026-03-10 20:45:21,1,0,1,0,0
2026-03-10 20:45:21,1,0,1,0,0
2026-03-10 20:45:21,1,0,1,0,0
2026-03-10 20:45:21,1,0,1,0,0
2026-03-10 20:45:21,1,0,1,0,0
2026-03-10 20:45:22,1,0,1,0,0
2026-03-10 20:45:22,1,0,1,0,0
2026-03-10 20:45:22,1,0,1,0,0
2026-03-10 20:45:22,1,0,1,0,0
2026-03-10 20:45:22,1,0,1,0,0
2026-03-10 20:45:22,1,0,1,0,0
2026-03-10 20:45:23,1,0,1,0,0
2026-03-10 20:45:23,1,0,1,0,0
2026-03-10 20:45:23,1,0,1,0,0
2026-03-10 20:45:23,1,0,1,0,0
2026-03-10 20:45:23,1,0,1,0,0
2026-03-10 20:45:24,1,0,1,0,0
2026-03-10 20:45:24,1,0,1,0,0
2026-03-10 20:45:24,1,0,1,0,0
2026-03-10 20:45:24,1,0,1,0,0
2026-03-10 20:45:24,1,0,1,0,0
2026-03-10 20:45:24,1,0,1,0,0
2026-03-10 20:45:25,1,0,1,0,0
2026-03-10 20:45:25,1,0,1,0,0
2026-03-10 20:45:25,1,0,1,0,0
2026-03-10 20:45:25,1,0,1,0,0
2026-03-10 20:45:25,1,0,1,0,0
2026-03-10 20:45:25,1,0,1,0,0
2026-03-10 20:45:26,1,0,1,0,0
2026-03-10 20:45:26,1,0,1,0,0
2026-03-10 20:45:26,1,0,1,0,0
2026-03-10 20:45:26,1,0,1,0,0
2026-03-10 20:45:26,1,0,1,0,0
2026-03-10 20:45:26,1,0,1,0,0
2026-03-10 20:45:27,1,0,1,0,0
2026-03-10 20:45:27,1,0,1,0,0
2026-03-10 20:45:27,1,0,1,0,0
2026-03-10 20:45:27,1,0,1,0,0
2026-03-10 20:45:27,1,0,1,0,0
2026-03-10 20:45:27,1,0,1,0,0
2026-03-10 20:45:28,1,0,1,0,0
2026-03-10 20:45:28,1,0,1,0,0
2026-03-10 20:45:28,1,0,1,0,0
2026-03-10 20:45:28,1,0,1,0,0
2026-03-10 20:45:28,1,0,1,0,0
2026-03-10 20:45:28,1,0,1,0,0
2026-03-10 20:45:29,1,0,1,0,0
2026-03-10 20:45:29,1,0,1,0,0
2026-03-10 20:45:29,1,0,1,0,0
2026-03-10 20:45:29,1,0,1,0,0
2026-03-10 20:45:29,1,0,1,0,0
2026-03-10 20:45:29,1,0,1,0,0
2026-03-10 20:45:30,1,0,1,0,0
2026-03-10 20:45:30,1,0,1,0,0
2026-03-10 20:45:30,1,0,1,0,0
2026-03-10 20:45:30,1,0,1,0,0
2026-03-10 20:45:30,1,0,1,0,0
2026-03-10 20:45:30,1,0,1,0,0
2026-03-10 20:45:31,1,0,1,0,0
2026-03-10 20:45:31,1,0,1,0,0
2026-03-10 20:45:31,1,0,1,0,0
2026-03-10 20:45:31,1,0,1,0,0
2026-03-10 20:45:31,1,0,1,0,0
2026-03-10 20:45:32,1,0,1,0,0
2026-03-10 20:45:32,1,0,1,0,0
2026-03-10 20:45:32,1,0,1,0,0
2026-03-10 20:45:32,1,0,1,0,0
2026-03-10 20:45:32,1,0,1,0,0
2026-03-10 20:45:32,1,0,1,0,0
2026-03-10 20:45:33,1,0,1,0,0
2026-03-10 20:45:33,1,0,1,0,0
2026-03-10 20:45:33,1,0,1,0,0
2026-03-10 20:45:33,1,0,1,0,0
2026-03-10 20:45:33,1,0,1,0,0
2026-03-10 20:45:33,1,0,1,0,0
2026-03-10 20:45:34,1,0,1,0,0
2026-03-10 20:45:34,1,0,1,0,0
2026-03-10 20:45:34,1,0,1,0,0
2026-03-10 20:45:34,1,0,1,0,0
2026-03-10 20:45:34,1,0,1,0,0
2026-03-10 20:45:34,1,0,1,0,0
2026-03-10 20:45:35,1,0,1,0,0
2026-03-10 20:45:35,1,0,1,0,0
2026-03-10 20:45:35,1,0,1,0,0
2026-03-10 20:45:35,1,0,1,0,0
2026-03-10 20:45:35,1,0,1,0,0
2026-03-10 20:45:35,1,0,1,0,0
2026-03-10 20:45:36,1,0,1,0,0
2026-03-10 20:45:36,1,0,1,0,0
2026-03-10 20:45:36,1,0,1,0,0
2026-03-10 20:45:36,1,0,1,0,0
2026-03-10 20:45:36,1,0,1,0,0
2026-03-10 20:45:36,1,0,1,0,0
2026-03-10 20:45:37,1,0,1,0,0
2026-03-10 20:45:37,1,0,1,0,0
2026-03-10 20:45:37,1,0,1,0,0
2026-03-10 20:45:37,1,0,1,0,0
2026-03-10 20:45:37,1,0,1,0,0
2026-03-10 20:45:37,1,0,1,0,0
2026-03-10 20:45:38,1,0,1,0,0
2026-03-10 20:45:38,1,0,1,0,0
2026-03-10 20:45:38,1,0,1,0,0
2026-03-10 20:45:38,1,0,1,0,0
2026-03-10 20:45:38,1,0,1,0,0
2026-03-10 20:45:38,1,0,1,0,0
2026-03-10 20:45:39,1,0,1,0,0
2026-03-10 20:45:39,1,0,1,0,0
2026-03-10 20:45:39,1,0,1,0,0
2026-03-10 20:45:39,1,0,1,0,0
2026-03-10 20:45:39,1,0,1,0,0
2026-03-10 20:45:39,1,0,1,0,0
2026-03-10 20:45:40,1,0,1,0,0
2026-03-10 20:45:40,1,0,1,0,0
2026-03-10 20:45:40,1,0,1,0,0
2026-03-10 20:45:40,1,0,1,0,0
2026-03-10 20:45:40,1,0,1,0,0
2026-03-10 20:45:40,1,0,1,0,0
2026-03-10 20:45:41,1,0,1,0,0
2026-03-10 20:45:41,1,0,1,0,0
2026-03-10 20:45:41,1,0,1,0,0
2026-03-10 20:45:41,1,0,1,0,0
2026-03-10 20:45:41,1,0,1,0,0
2026-03-10 20:45:41,1,0,1,0,0
2026-03-10 20:45:42,1,0,1,0,0
2026-03-10 20:45:42,1,0,1,0,0
2026-03-10 20:45:42,1,0,1,0,0
2026-03-10 20:45:42,1,0,1,0,0
2026-03-10 20:45:42,1,0,1,0,0
2026-03-10 20:45:42,1,0,1,0,0
2026-03-10 20:45:43,1,0,1,0,0
2026-03-10 20:45:43,1,0,1,0,0
2026-03-10 20:45:43,1,0,1,0,0
2026-03-10 20:45:43,1,0,1,0,0
2026-03-10 20:45:43,1,0,1,0,0
2026-03-10 20:45:43,1,0,1,0,0
2026-03-10 20:45:44,1,0,1,0,0
2026-03-10 20:45:44,1,0,1,0,0
2026-03-10 20:45:44,1,0,1,0,0
2026-03-10 20:45:44,1,0,1,0,0
2026-03-10 20:45:44,1,0,1,0,0
2026-03-10 20:45:44,1,0,1,0,0
2026-03-10 20:45:45,1,0,1,0,0
2026-03-10 20:45:45,1,0,1,0,0
2026-03-10 20:45:45,1,0,1,0,0
2026-03-10 20:45:45,1,0,1,0,0
2026-03-10 20:45:45,1,0,1,0,0
2026-03-10 20:45:45,1,0,1,0,0
2026-03-10 20:45:46,1,0,1,0,0
2026-03-10 20:45:46,1,0,1,0,0
2026-03-10 20:45:46,1,0,1,0,0
2026-03-10 20:45:46,1,0,1,0,0
2026-03-10 20:45:46,1,0,1,0,0
2026-03-10 20:45:47,1,0,1,0,0
2026-03-10 20:45:47,1,0,1,0,0
2026-03-10 20:45:47,1,0,1,0,0
2026-03-10 20:45:47,1,0,1,0,0
2026-03-10 20:45:47,1,0,1,0,0
2026-03-10 20:45:47,1,0,1,0,0
2026-03-10 20:45:48,1,0,1,0,0
2026-03-10 20:45:48,1,0,1,0,0
2026-03-10 20:45:48,1,0,1,0,0
2026-03-10 20:45:48,1,0,1,0,0
2026-03-10 20:45:48,1,0,1,0,0
2026-03-10 20:45:48,1,0,1,0,0
2026-03-10 20:45:49,1,0,1,0,0
2026-03-10 20:45:49,1,0,1,0,0
2026-03-10 20:45:49,1,0,1,0,0
2026-03-10 20:45:49,1,0,1,0,0
2026-03-10 20:45:49,1,0,1,0,0
2026-03-10 20:45:49,1,0,1,0,0
2026-03-10 20:45:50,1,0,1,0,0
2026-03-10 20:45:50,1,0,1,0,0
2026-03-10 20:45:50,1,0,1,0,0
2026-03-10 20:45:50,1,0,1,0,0
2026-03-10 20:45:50,1,0,1,0,0
2026-03-10 20:45:50,1,0,1,0,0
2026-03-10 20:45:51,1,0,1,0,0
2026-03-10 20:45:51,1,0,1,0,0
2026-03-10 20:45:51,1,0,1,0,0
2026-03-10 20:45:51,1,0,1,0,0
2026-03-10 20:45:51,1,0,1,0,0
2026-03-10 20:45:51,1,0,1,0,0
2026-03-10 20:45:52,1,0,1,0,0
2026-03-10 20:45:52,1,0,1,0,0
2026-03-10 20:45:52,1,0,1,0,0
2026-03-10 20:45:52,1,0,1,0,0
2026-03-10 20:45:52,1,0,1,0,0
2026-03-10 20:45:52,1,0,1,0,0
2026-03-10 20:45:53,1,0,1,0,0
2026-03-10 20:45:53,1,0,1,0,0
2026-03-10 20:45:53,1,0,1,0,0
2026-03-10 20:45:53,1,0,1,0,0
2026-03-10 20:45:53,1,0,1,0,0
2026-03-10 20:45:54,1,0,1,0,0
2026-03-10 20:45:54,1,0,1,0,0
2026-03-10 20:45:54,1,0,1,0,0
2026-03-10 20:45:54,1,0,1,0,0
2026-03-10 20:45:54,1,0,1,0,0
2026-03-10 20:45:54,1,0,1,0,0
2026-03-10 20:45:55,1,0,1,0,0
2026-03-10 20:45:55,1,0,1,0,0
2026-03-10 20:45:55,1,0,1,0,0
2026-03-10 20:45:55,1,0,1,0,0
2026-03-10 20:45:55,1,0,1,0,0
2026-03-10 20:45:55,1,0,1,0,0
2026-03-10 20:45:55,1,0,1,0,0
2026-03-10 20:45:56,1,0,1,0,0
2026-03-10 20:45:56,1,0,1,0,0
2026-03-10 20:45:56,1,0,1,0,0
2026-03-10 20:45:56,1,0,1,0,0
2026-03-10 20:45:56,1,0,1,0,0
2026-03-10 20:45:56,1,0,1,0,0
2026-03-10 20:45:57,1,0,1,0,0
2026-03-10 20:45:57,1,0,1,0,0
2026-03-10 20:45:57,1,0,1,0,0
2026-03-10 20:45:57,1,0,1,0,0
2026-03-10 20:45:57,1,0,1,0,0
2026-03-10 20:45:58,1,0,1,0,0
2026-03-10 20:45:58,1,0,1,0,0
2026-03-10 20:45:58,1,0,1,0,0
2026-03-10 20:45:58,1,0,1,0,0
2026-03-10 20:45:58,1,0,1,0,0
2026-03-10 20:45:58,1,0,1,0,0
2026-03-10 20:45:59,1,0,1,0,0
2026-03-10 20:45:59,1,0,1,0,0
2026-03-10 20:45:59,1,0,1,0,0
2026-03-10 20:45:59,1,0,1,0,0
2026-03-10 20:45:59,1,0,1,0,0
2026-03-10 20:45:59,1,0,1,0,0
2026-03-10 20:46:00,1,0,1,0,0
2026-03-10 20:46:00,1,0,1,0,0
2026-03-10 20:46:00,1,0,1,0,0
2026-03-10 20:46:00,1,0,1,0,0
2026-03-10 20:46:00,1,0,1,0,0
2026-03-10 20:46:00,1,0,1,0,0
2026-03-10 20:46:01,1,0,1,0,0
2026-03-10 20:46:01,1,0,1,0,0
2026-03-10 20:46:01,1,0,1,0,0
2026-03-10 20:46:01,1,0,1,0,0
2026-03-10 20:46:01,1,0,1,0,0
2026-03-10 20:46:02,1,0,1,0,0
2026-03-10 20:46:02,1,0,1,0,0
2026-03-10 20:46:02,1,0,1,0,0
2026-03-10 20:46:02,1,0,1,0,0
2026-03-10 20:46:02,1,0,1,0,0
2026-03-10 20:46:02,1,0,1,0,0
2026-03-10 20:46:03,1,0,1,0,0
2026-03-10 20:46:03,1,0,1,0,0
2026-03-10 20:46:03,1,0,1,0,0
2026-03-10 20:46:03,1,0,1,0,0
2026-03-10 20:46:03,1,0,1,0,0
2026-03-10 20:46:03,1,0,1,0,0
2026-03-10 20:46:04,1,0,1,0,0
2026-03-10 20:46:04,1,0,1,0,0
2026-03-10 20:46:04,1,0,1,0,0
2026-03-10 20:46:04,1,0,1,0,0
2026-03-10 20:46:04,1,0,1,0,0
2026-03-10 20:46:04,1,0,1,0,0
2026-03-10 20:46:05,1,0,1,0,0
2026-03-10 20:46:05,1,0,1,0,0
2026-03-10 20:46:05,1,0,1,0,0
2026-03-10 20:46:05,1,0,1,0,0
2026-03-10 20:46:05,1,0,1,0,0
2026-03-10 20:46:05,1,0,1,0,0
2026-03-10 20:46:06,1,0,1,0,0
2026-03-10 20:46:06,1,0,1,0,0
2026-03-10 20:46:06,1,0,1,0,0
2026-03-10 20:46:06,1,0,1,0,0
2026-03-10 20:46:06,1,0,1,0,0
2026-03-10 20:46:06,1,0,1,0,0
2026-03-10 20:46:07,1,0,1,0,0
2026-03-10 20:46:07,1,0,1,0,0
2026-03-10 20:46:07,1,0,1,0,0
2026-03-10 20:46:07,1,0,1,0,0
2026-03-10 20:46:07,1,0,1,0,0
2026-03-10 20:46:07,1,0,1,0,0
2026-03-10 20:46:08,1,0,1,0,0
2026-03-10 20:46:08,1,0,1,0,0
2026-03-10 20:46:08,1,0,1,0,0
2026-03-10 20:46:08,1,0,1,0,0
2026-03-10 20:46:08,1,0,1,0,0
2026-03-10 20:46:09,1,0,1,0,0
2026-03-10 20:46:09,1,0,1,0,0
2026-03-10 20:46:09,1,0,1,0,0
2026-03-10 20:46:09,1,0,1,0,0
2026-03-10 20:46:09,1,0,1,0,0
2026-03-10 20:46:09,1,0,1,0,0
2026-03-10 20:46:10,1,0,1,0,0
2026-03-10 20:46:10,1,0,1,0,0
2026-03-10 20:46:10,1,0,1,0,0
2026-03-10 20:46:10,1,0,1,0,0
2026-03-10 20:46:10,1,0,1,0,0
2026-03-10 20:46:10,1,0,1,0,0
2026-03-10 20:46:11,1,0,1,0,0
2026-03-10 20:46:11,1,0,1,0,0
2026-03-10 20:46:11,1,0,1,0,0
2026-03-10 20:46:11,1,0,1,0,0
2026-03-10 20:46:11,1,0,1,0,0
2026-03-10 20:46:11,1,0,1,0,0
2026-03-10 20:46:12,1,0,1,0,0
2026-03-10 20:46:12,1,0,1,0,0
2026-03-10 20:46:12,1,0,1,0,0
2026-03-10 20:46:12,1,0,1,0,0
2026-03-10 20:46:12,1,0,1,0,0
2026-03-10 20:46:12,1,0,1,0,0
2026-03-10 20:46:13,1,0,1,0,0
2026-03-10 20:46:13,1,0,1,0,0
2026-03-10 20:46:13,1,0,1,0,0
2026-03-10 20:46:13,1,0,1,0,0
2026-03-10 20:46:13,1,0,1,0,0
2026-03-10 20:46:13,1,0,1,0,0
2026-03-10 20:46:14,1,0,1,0,0
2026-03-10 20:46:14,1,0,1,0,0
2026-03-10 20:46:14,1,0,1,0,0
2026-03-10 20:46:14,1,0,1,0,0
2026-03-10 20:46:14,1,0,1,0,0
2026-03-10 20:46:14,1,0,1,0,0
2026-03-10 20:46:15,1,0,1,0,0
2026-03-10 20:46:15,1,0,1,0,0
2026-03-10 20:46:15,1,0,1,0,0
2026-03-10 20:46:15,1,0,1,0,0
2026-03-10 20:46:15,1,0,1,0,0
2026-03-10 20:46:15,1,0,1,0,0
2026-03-10 20:46:16,1,0,1,0,0
2026-03-10 20:46:16,1,0,1,0,0
2026-03-10 20:46:16,1,0,1,0,0
2026-03-10 20:46:16,1,0,1,0,0
2026-03-10 20:46:16,1,0,1,0,0
2026-03-10 20:46:17,1,0,1,0,0
2026-03-10 20:46:17,1,0,1,0,0
2026-03-10 20:46:17,1,0,1,0,0
2026-03-10 20:46:17,1,0,1,0,0
2026-03-10 20:46:17,1,0,1,0,0
2026-03-10 20:46:17,1,0,1,0,0
2026-03-10 20:46:18,1,0,1,0,0
2026-03-10 20:46:18,1,0,1,0,0
2026-03-10 20:46:18,1,0,1,0,0
2026-03-10 20:46:18,1,0,1,0,0
2026-03-10 20:46:18,1,0,1,0,0
2026-03-10 20:46:18,1,0,1,0,0
2026-03-10 20:46:19,1,0,1,0,0
2026-03-10 20:46:19,1,0,1,0,0
2026-03-10 20:46:19,1,0,1,0,0
2026-03-10 20:46:19,1,0,1,0,0
2026-03-10 20:46:19,1,0,1,0,0
2026-03-10 20:46:19,1,0,1,0,0
2026-03-10 20:46:20,1,0,1,0,0
2026-03-10 20:46:20,1,0,1,0,0
2026-03-10 20:46:20,1,0,1,0,0
2026-03-10 20:46:20,1,0,1,0,0
2026-03-10 20:46:20,1,0,1,0,0
2026-03-10 20:46:20,1,0,1,0,0
2026-03-10 20:46:21,1,0,1,0,0
2026-03-10 20:46:21,1,0,1,0,0
2026-03-10 20:46:21,1,0,1,0,0
2026-03-10 20:46:21,1,0,1,0,0
2026-03-10 20:46:21,1,0,1,0,0
2026-03-10 20:46:21,1,0,1,0,0
2026-03-10 20:46:22,1,0,1,0,0
2026-03-10 20:46:22,1,0,1,0,0
2026-03-10 20:46:22,1,0,1,0,0
2026-03-10 20:46:22,1,0,1,0,0
2026-03-10 20:46:22,1,0,1,0,0
2026-03-10 20:46:22,1,0,1,0,0
2026-03-10 20:46:23,1,0,1,0,0
2026-03-10 20:46:23,1,0,1,0,0
2026-03-10 20:46:23,1,0,1,0,0
2026-03-10 20:46:23,1,0,1,0,0
2026-03-10 20:46:23,1,0,1,0,0
2026-03-10 20:46:23,1,0,1,0,0
2026-03-10 20:46:24,1,0,1,0,0
2026-03-10 20:46:24,1,0,1,0,0
2026-03-10 20:46:24,1,0,1,0,0
2026-03-10 20:46:24,1,0,1,0,0
2026-03-10 20:46:24,1,0,1,0,0
2026-03-10 20:46:24,1,0,1,0,0
2026-03-10 20:46:25,1,0,1,0,0
2026-03-10 20:46:25,1,0,1,0,0
2026-03-10 20:46:25,1,0,1,0,0
2026-03-10 20:46:25,1,0,1,0,0
2026-03-10 20:46:25,1,0,1,0,0
2026-03-10 20:46:25,1,0,1,0,0
2026-03-10 20:46:26,1,0,1,0,0
2026-03-10 20:46:26,1,0,1,0,0
2026-03-10 20:46:26,1,0,1,0,0
2026-03-10 20:46:26,1,0,1,0,0
2026-03-10 20:46:26,1,0,1,0,0
2026-03-10 20:46:26,1,0,1,0,0
2026-03-10 20:46:27,1,0,1,0,0
2026-03-10 20:46:27,1,0,1,0,0
2026-03-10 20:46:27,1,0,1,0,0
2026-03-10 20:46:27,1,0,1,0,0
2026-03-10 20:46:27,1,0,1,0,0
2026-03-10 20:46:27,1,0,1,0,0
2026-03-10 20:46:28,1,0,1,0,0
2026-03-10 20:46:28,1,0,1,0,0
2026-03-10 20:46:28,1,0,1,0,0
2026-03-10 20:46:28,1,0,1,0,0
2026-03-10 20:46:28,1,0,1,0,0
2026-03-10 20:46:28,1,0,1,0,0
2026-03-10 20:46:29,1,0,1,0,0
2026-03-10 20:46:29,1,0,1,0,0
2026-03-10 20:46:29,1,0,1,0,0
2026-03-10 20:46:29,1,0,1,0,0
2026-03-10 20:46:29,1,0,1,0,0
2026-03-10 20:46:30,1,0,1,0,0
2026-03-10 20:46:30,1,0,1,0,0
2026-03-10 20:46:30,1,0,1,0,0
2026-03-10 20:46:30,1,0,1,0,0
2026-03-10 20:46:30,1,0,1,0,0
2026-03-10 20:46:30,1,0,1,0,0
2026-03-10 20:46:31,1,0,1,0,0
2026-03-10 20:46:31,1,0,1,0,0
2026-03-10 20:46:31,1,0,1,0,0
2026-03-10 20:46:31,1,0,1,0,0
2026-03-10 20:46:31,1,0,1,0,0
2026-03-10 20:46:32,1,0,1,0,0
2026-03-10 20:46:32,1,0,1,0,0
2026-03-10 20:46:32,1,0,1,0,0
2026-03-10 20:46:32,1,0,1,0,0
2026-03-10 20:46:32,1,0,1,0,0
2026-03-10 20:46:33,1,0,1,0,0
2026-03-10 20:46:33,1,0,1,0,0
2026-03-10 20:46:33,1,0,1,0,0
2026-03-10 20:46:33,1,0,1,0,0
2026-03-10 20:46:33,1,0,1,0,0
2026-03-10 20:46:33,1,0,1,0,0
2026-03-10 20:46:34,1,0,1,0,0
2026-03-10 20:46:34,1,0,1,0,0
2026-03-10 20:46:34,1,0,1,0,0
2026-03-10 20:46:34,1,0,1,0,0
2026-03-10 20:46:34,1,0,1,0,0
2026-03-10 20:46:34,1,0,1,0,0
2026-03-10 20:46:34,1,0,1,0,0
2026-03-10 20:46:35,1,0,1,0,0
2026-03-10 20:46:35,1,0,1,0,0
2026-03-10 20:46:35,1,0,1,0,0
2026-03-10 20:46:35,1,0,1,0,0
2026-03-10 20:46:35,1,0,1,0,0
2026-03-10 20:46:35,1,0,1,0,0
2026-03-10 20:46:36,1,0,1,0,0
2026-03-10 20:46:36,1,0,1,0,0
2026-03-10 20:46:36,1,0,1,0,0
2026-03-10 20:46:36,1,0,1,0,0
2026-03-10 20:46:36,1,0,1,0,0
2026-03-10 20:46:36,1,0,1,0,0
2026-03-10 20:46:37,1,0,1,0,0
2026-03-10 20:46:37,1,0,1,0,0
2026-03-10 20:46:37,1,0,1,0,0
2026-03-10 20:46:37,1,0,1,0,0
2026-03-10 20:46:37,1,0,1,0,0
2026-03-10 20:46:37,1,0,1,0,0
2026-03-10 20:46:38,1,0,1,0,0
2026-03-10 20:46:38,1,0,1,0,0
2026-03-10 20:46:38,1,0,1,0,0
2026-03-10 20:46:38,1,0,1,0,0
2026-03-10 20:46:38,1,0,1,0,0
2026-03-10 20:46:39,1,0,1,0,0
2026-03-10 20:46:39,1,0,1,0,0
2026-03-10 20:46:39,1,0,1,0,0
2026-03-10 20:46:39,1,0,1,0,0
2026-03-10 20:46:39,1,0,1,0,0
2026-03-10 20:46:39,1,0,1,0,0
2026-03-10 20:46:40,1,0,1,0,0
2026-03-10 20:46:40,1,0,1,0,0
2026-03-10 20:46:40,1,0,1,0,0
2026-03-10 20:46:40,1,0,1,0,0
2026-03-10 20:46:40,1,0,1,0,0
2026-03-10 20:46:40,1,0,1,0,0
2026-03-10 20:46:41,1,0,1,0,0
2026-03-10 20:46:41,1,0,1,0,0
2026-03-10 20:46:41,1,0,1,0,0
2026-03-10 20:46:41,1,0,1,0,0
2026-03-10 20:46:41,1,0,1,0,0
2026-03-10 20:46:41,1,0,1,0,0
2026-03-10 20:46:42,1,0,1,0,0
2026-03-10 20:46:42,1,0,1,0,0
2026-03-10 20:46:42,1,0,1,0,0
2026-03-10 20:46:42,1,0,1,0,0
2026-03-10 20:46:42,1,0,1,0,0
2026-03-10 20:46:42,1,0,1,0,0
2026-03-10 20:46:43,1,0,1,0,0
2026-03-10 20:46:43,1,0,1,0,0
2026-03-10 20:46:43,1,0,1,0,0
2026-03-10 20:46:43,1,0,1,0,0
2026-03-10 20:46:43,1,0,1,0,0
2026-03-10 20:46:43,1,0,1,0,0
2026-03-10 20:46:44,1,0,1,0,0
2026-03-10 20:46:44,1,0,1,0,0
2026-03-10 20:46:44,1,0,1,0,0
2026-03-10 20:46:44,1,0,1,0,0
2026-03-10 20:46:44,1,0,1,0,0
2026-03-10 20:46:44,1,0,1,0,0
2026-03-10 20:46:45,1,0,1,0,0
2026-03-10 20:46:45,1,0,1,0,0
2026-03-10 20:46:45,1,0,1,0,0
2026-03-10 20:46:45,1,0,1,0,0
2026-03-10 20:46:45,1,0,1,0,0
2026-03-10 20:46:45,1,0,1,0,0
2026-03-10 20:46:46,1,0,1,0,0
2026-03-10 20:46:46,1,0,1,0,0
2026-03-10 20:46:46,1,0,1,0,0
2026-03-10 20:46:46,1,0,1,0,0
2026-03-10 20:46:46,1,0,1,0,0
2026-03-10 20:46:46,1,0,1,0,0
2026-03-10 20:46:47,1,0,1,0,0
2026-03-10 20:46:47,1,0,1,0,0
2026-03-10 20:46:47,1,0,1,0,0
2026-03-10 20:46:47,1,0,1,0,0
2026-03-10 20:46:47,1,0,1,0,0
2026-03-10 20:46:48,1,0,1,0,0
2026-03-10 20:46:48,1,0,1,0,0
2026-03-10 20:46:48,1,0,1,0,0
2026-03-10 20:46:48,1,0,1,0,0
2026-03-10 20:46:48,1,0,1,0,0
2026-03-10 20:46:48,1,0,1,0,0
2026-03-10 20:46:49,1,0,1,0,0
2026-03-10 20:46:49,1,0,1,0,0
2026-03-10 20:46:49,1,0,1,0,0
2026-03-10 20:46:49,1,0,1,0,0
2026-03-10 20:46:49,1,0,1,0,0
2026-03-10 20:46:49,1,0,1,0,0
2026-03-10 20:46:49,1,0,1,0,0
2026-03-10 20:46:50,1,0,1,0,0
2026-03-10 20:46:50,1,0,1,0,0
2026-03-10 20:46:50,1,0,1,0,0
2026-03-10 20:46:50,1,0,1,0,0
2026-03-10 20:46:50,1,0,1,0,0
2026-03-10 20:46:51,1,0,1,0,0
2026-03-10 20:46:51,1,0,1,0,0
2026-03-10 20:46:51,1,0,1,0,0
2026-03-10 20:46:51,1,0,1,0,0
2026-03-10 20:46:51,1,0,1,0,0
2026-03-10 20:46:51,1,0,1,0,0
2026-03-10 20:46:52,1,0,1,0,0
2026-03-10 20:46:52,1,0,1,0,0
2026-03-10 20:46:52,1,0,1,0,0
2026-03-10 20:46:52,1,0,1,0,0
2026-03-10 20:46:52,1,0,1,0,0
2026-03-10 20:46:52,1,0,1,0,0
2026-03-10 20:46:53,1,0,1,0,0
2026-03-10 20:46:53,1,0,1,0,0
2026-03-10 20:46:53,1,0,1,0,0
2026-03-10 20:46:53,1,0,1,0,0
2026-03-10 20:46:53,1,0,1,0,0
2026-03-10 20:46:53,1,0,1,0,0
2026-03-10 20:46:54,1,0,1,0,0
2026-03-10 20:46:54,1,0,1,0,0
2026-03-10 20:46:54,1,0,1,0,0
2026-03-10 20:46:54,1,0,1,0,0
2026-03-10 20:46:54,1,0,1,0,0
2026-03-10 20:46:54,1,0,1,0,0
2026-03-10 20:46:55,1,0,1,0,0
2026-03-10 20:46:55,1,0,1,0,0
2026-03-10 20:46:55,1,0,1,0,0
2026-03-10 20:46:55,1,0,1,0,0
2026-03-10 20:46:55,1,0,1,0,0
2026-03-10 20:46:55,1,0,1,0,0
2026-03-10 20:46:56,1,0,1,0,0
2026-03-10 20:46:56,1,0,1,0,0
2026-03-10 20:46:56,1,0,1,0,0
2026-03-10 20:46:56,1,0,1,0,0
2026-03-10 20:46:56,1,0,1,0,0
2026-03-10 20:46:56,1,0,1,0,0
2026-03-10 20:46:57,1,0,1,0,0
2026-03-10 20:46:57,1,0,1,0,0
2026-03-10 20:46:57,1,0,1,0,0
2026-03-10 20:46:57,1,0,1,0,0
2026-03-10 20:46:57,1,0,1,0,0
2026-03-10 20:46:57,1,0,1,0,0
2026-03-10 20:46:58,1,0,1,0,0
2026-03-10 20:46:58,1,0,1,0,0
2026-03-10 20:46:58,1,0,1,0,0
2026-03-10 20:46:58,1,0,1,0,0
2026-03-10 20:46:58,1,0,1,0,0
2026-03-10 20:46:58,1,0,1,0,0
2026-03-10 20:46:59,1,0,1,0,0
2026-03-10 20:46:59,1,0,1,0,0
2026-03-10 20:46:59,1,0,1,0,0
2026-03-10 20:46:59,1,0,1,0,0
2026-03-10 20:46:59,1,0,1,0,0
2026-03-10 20:46:59,1,0,1,0,0
2026-03-10 20:47:00,1,0,1,0,0
2026-03-10 20:47:00,1,0,1,0,0
2026-03-10 20:47:00,1,0,1,0,0
2026-03-10 20:47:00,1,0,1,0,0
2026-03-10 20:47:00,1,0,1,0,0
2026-03-10 20:47:00,1,0,1,0,0
2026-03-10 20:47:01,1,0,1,0,0
2026-03-10 20:47:01,1,0,1,0,0
2026-03-10 20:47:01,1,0,1,0,0
2026-03-10 20:47:01,1,0,1,0,0
2026-03-10 20:47:01,1,0,1,0,0
2026-03-10 20:47:02,1,0,1,0,0
2026-03-10 20:47:02,1,0,1,0,0
2026-03-10 20:47:02,1,0,1,0,0
2026-03-10 20:47:02,1,0,1,0,0
2026-03-10 20:47:02,1,0,1,0,0
2026-03-10 20:47:03,1,0,1,0,0
2026-03-10 20:47:03,1,0,1,0,0
2026-03-10 20:47:03,1,0,1,0,0
2026-03-10 20:47:03,1,0,1,0,0
2026-03-10 20:47:03,1,0,1,0,0
2026-03-10 20:47:04,1,0,1,0,0
2026-03-10 20:47:04,1,0,1,0,0
2026-03-10 20:47:04,1,0,1,0,0
2026-03-10 20:47:04,1,0,1,0,0
2026-03-10 20:47:04,1,0,1,0,0
2026-03-10 20:47:05,1,0,1,0,0
2026-03-10 20:47:05,1,0,1,0,0
2026-03-10 20:47:05,1,0,1,0,0
2026-03-10 20:47:05,1,0,1,0,0
2026-03-10 20:47:05,1,0,1,0,0
2026-03-10 20:47:05,1,0,1,0,0
2026-03-10 20:47:06,1,0,1,0,0
2026-03-10 20:47:06,1,0,1,0,0
2026-03-10 20:47:06,1,0,1,0,0
2026-03-10 20:47:06,1,0,1,0,0
2026-03-10 20:47:06,1,0,1,0,0
2026-03-10 20:47:06,1,0,1,0,0
2026-03-10 20:47:07,1,0,1,0,0
2026-03-10 20:47:07,1,0,1,0,0
2026-03-10 20:47:07,1,0,1,0,0
2026-03-10 20:47:07,1,0,1,0,0
2026-03-10 20:47:07,1,0,1,0,0
2026-03-10 20:47:07,1,0,1,0,0
2026-03-10 20:47:08,1,0,1,0,0
2026-03-10 20:47:08,1,0,1,0,0
2026-03-10 20:47:08,1,0,1,0,0
2026-03-10 20:47:08,1,0,1,0,0
2026-03-10 20:47:08,1,0,1,0,0
2026-03-10 20:47:08,1,0,1,0,0
2026-03-10 20:47:09,1,0,1,0,0
2026-03-10 20:47:09,1,0,1,0,0
2026-03-10 20:47:09,1,0,1,0,0
2026-03-10 20:47:09,1,0,1,0,0
2026-03-10 20:47:09,1,0,1,0,0
2026-03-10 20:47:09,1,0,1,0,0
2026-03-10 20:47:10,1,0,1,0,0
2026-03-10 20:47:10,1,0,1,0,0
2026-03-10 20:47:10,1,0,1,0,0
2026-03-10 20:47:10,1,0,1,0,0
2026-03-10 20:47:10,1,0,1,0,0
2026-03-10 20:47:10,1,0,1,0,0
2026-03-10 20:47:11,1,0,1,0,0
2026-03-10 20:47:11,1,0,1,0,0
2026-03-10 20:47:11,1,0,1,0,0
2026-03-10 20:47:11,1,0,1,0,0
2026-03-10 20:47:11,1,0,1,0,0
2026-03-10 20:47:11,1,0,1,0,0
2026-03-10 20:47:12,1,0,1,0,0
2026-03-10 20:47:12,1,0,1,0,0
2026-03-10 20:47:12,1,0,1,0,0
2026-03-10 20:47:12,1,0,1,0,0
2026-03-10 20:47:12,1,0,1,0,0
2026-03-10 20:47:12,1,0,1,0,0
2026-03-10 20:47:13,1,0,1,0,0
2026-03-10 20:47:13,1,0,1,0,0
2026-03-10 20:47:13,1,0,1,0,0
2026-03-10 20:47:13,1,0,1,0,0
2026-03-10 20:47:13,1,0,1,0,0
2026-03-10 20:47:13,1,0,1,0,0
2026-03-10 20:47:14,1,0,1,0,0
2026-03-10 20:47:14,1,0,1,0,0
2026-03-10 20:47:14,1,0,1,0,0
2026-03-10 20:47:14,1,0,1,0,0
2026-03-10 20:47:14,1,0,1,0,0
2026-03-10 20:47:14,1,0,1,0,0
2026-03-10 20:47:15,1,0,1,0,0
2026-03-10 20:47:15,1,0,1,0,0
2026-03-10 20:47:15,1,0,1,0,0
2026-03-10 20:47:15,1,0,1,0,0
2026-03-10 20:47:15,1,0,1,0,0
2026-03-10 20:47:15,1,0,1,0,0
2026-03-10 20:47:16,1,0,1,0,0
2026-03-10 20:47:16,1,0,1,0,0
2026-03-10 20:47:16,1,0,1,0,0
2026-03-10 20:47:16,1,0,1,0,0
2026-03-10 20:47:16,1,0,1,0,0
2026-03-10 20:47:16,1,0,1,0,0
2026-03-10 20:47:17,1,0,1,0,0
2026-03-10 20:47:17,1,0,1,0,0
2026-03-10 20:47:17,1,0,1,0,0
2026-03-10 20:47:17,1,0,1,0,0
2026-03-10 20:47:17,1,0,1,0,0
2026-03-10 20:47:18,1,0,1,0,0
2026-03-10 20:47:18,1,0,1,0,0
2026-03-10 20:47:18,1,0,1,0,0
2026-03-10 20:47:18,1,0,1,0,0
2026-03-10 20:47:18,1,0,1,0,0
2026-03-10 20:47:18,1,0,1,0,0
2026-03-10 20:47:19,1,0,1,0,0
2026-03-10 20:47:19,1,0,1,0,0
2026-03-10 20:47:19,1,0,1,0,0
2026-03-10 20:47:19,1,0,1,0,0
2026-03-10 20:47:19,1,0,1,0,0
2026-03-10 20:47:19,1,0,1,0,0
2026-03-10 20:47:20,1,0,1,0,0
2026-03-10 20:47:20,1,0,1,0,0
2026-03-10 20:47:20,1,0,1,0,0
2026-03-10 20:47:20,1,0,1,0,0
2026-03-10 20:47:20,1,0,1,0,0
2026-03-10 20:47:20,1,0,1,0,0
2026-03-10 20:47:21,1,0,1,0,0
2026-03-10 20:47:21,1,0,1,0,0
2026-03-10 20:47:21,1,0,1,0,0
2026-03-10 20:47:21,1,0,1,0,0
2026-03-10 20:47:21,1,0,1,0,0
2026-03-10 20:47:21,1,0,1,0,0
2026-03-10 20:47:22,1,0,1,0,0
2026-03-10 20:47:22,1,0,1,0,0
2026-03-10 20:47:22,1,0,1,0,0
2026-03-10 20:47:22,1,0,1,0,0
2026-03-10 20:47:22,1,0,1,0,0
2026-03-10 20:47:22,1,0,1,0,0
2026-03-10 20:47:23,1,0,1,0,0
2026-03-10 20:47:23,1,0,1,0,0
2026-03-10 20:47:23,1,0,1,0,0
2026-03-10 20:47:23,1,0,1,0,0
2026-03-10 20:47:23,1,0,1,0,0
2026-03-10 20:47:23,1,0,1,0,0
2026-03-10 20:47:24,1,0,1,0,0
2026-03-10 20:47:24,1,0,1,0,0
2026-03-10 20:47:24,1,0,1,0,0
2026-03-10 20:47:24,1,0,1,0,0
2026-03-10 20:47:24,1,0,1,0,0
2026-03-10 20:47:24,1,0,1,0,0
2026-03-10 20:47:25,1,0,1,0,0
2026-03-10 20:47:25,1,0,1,0,0
2026-03-10 20:47:25,1,0,1,0,0
2026-03-10 20:47:25,1,0,1,0,0
2026-03-10 20:47:25,1,0,1,0,0
2026-03-10 20:47:25,1,0,1,0,0
2026-03-10 20:47:26,1,0,1,0,0
2026-03-10 20:47:26,1,0,1,0,0
2026-03-10 20:47:26,1,0,1,0,0
2026-03-10 20:47:26,1,0,1,0,0
2026-03-10 20:47:26,1,0,1,0,0
2026-03-10 20:47:26,1,0,1,0,0
2026-03-10 20:47:27,1,0,1,0,0
2026-03-10 20:47:27,1,0,1,0,0
2026-03-10 20:47:27,1,0,1,0,0
2026-03-10 20:47:27,1,0,1,0,0
2026-03-10 20:47:27,1,0,1,0,0
2026-03-10 20:47:27,1,0,1,0,0
2026-03-10 20:47:28,1,0,1,0,0
2026-03-10 20:47:28,1,0,1,0,0
2026-03-10 20:47:28,1,0,1,0,0
2026-03-10 20:47:28,1,0,1,0,0
2026-03-10 20:47:28,1,0,1,0,0
2026-03-10 20:47:29,1,0,1,0,0
2026-03-10 20:47:29,1,0,1,0,0
2026-03-10 20:47:29,1,0,1,0,0
2026-03-10 20:47:29,1,0,1,0,0
2026-03-10 20:47:29,1,0,1,0,0
2026-03-10 20:47:29,1,0,1,0,0
2026-03-10 20:47:30,1,0,1,0,0
2026-03-10 20:47:30,1,0,1,0,0
2026-03-10 20:47:30,1,0,1,0,0
2026-03-10 20:47:30,1,0,1,0,0
2026-03-10 20:47:30,1,0,1,0,0
2026-03-10 20:47:30,1,0,1,0,0
2026-03-10 20:47:31,1,0,1,0,0
2026-03-10 20:47:31,1,0,1,0,0
2026-03-10 20:47:31,1,0,1,0,0
2026-03-10 20:47:31,1,0,1,0,0
2026-03-10 20:47:31,1,0,1,0,0
2026-03-10 20:47:32,1,0,1,0,0
2026-03-10 20:47:32,1,0,1,0,0
2026-03-10 20:47:32,1,0,1,0,0
2026-03-10 20:47:32,1,0,1,0,0
2026-03-10 20:47:32,1,0,1,0,0
2026-03-10 20:47:33,1,0,1,0,0
2026-03-10 20:47:33,1,0,1,0,0
2026-03-10 20:47:33,1,0,1,0,0
2026-03-10 20:47:33,1,0,1,0,0
2026-03-10 20:47:33,1,0,1,0,0
2026-03-10 20:47:34,1,0,1,0,0
2026-03-10 20:47:34,1,0,1,0,0
2026-03-10 20:47:34,1,0,1,0,0
2026-03-10 20:47:34,1,0,1,0,0
2026-03-10 20:47:34,1,0,1,0,0
2026-03-10 20:47:34,1,0,1,0,0
2026-03-10 20:47:35,1,0,1,0,0
2026-03-10 20:47:35,1,0,1,0,0
2026-03-10 20:47:35,1,0,1,0,0
2026-03-10 20:47:35,1,0,1,0,0
2026-03-10 20:47:35,1,0,1,0,0
2026-03-10 20:47:35,1,0,1,0,0
2026-03-10 20:47:36,1,0,1,0,0
2026-03-10 20:47:36,1,0,1,0,0
2026-03-10 20:47:36,1,0,1,0,0
2026-03-10 20:47:36,1,0,1,0,0
2026-03-10 20:47:36,1,0,1,0,0
2026-03-10 20:47:36,1,0,1,0,0
2026-03-10 20:47:37,1,0,1,0,0
2026-03-10 20:47:37,1,0,1,0,0
2026-03-10 20:47:37,1,0,1,0,0
2026-03-10 20:47:37,1,0,1,0,0
2026-03-10 20:47:37,1,0,1,0,0
2026-03-10 20:47:37,1,0,1,0,0
2026-03-10 20:47:38,1,0,1,0,0
2026-03-10 20:47:38,1,0,1,0,0
2026-03-10 20:47:38,1,0,1,0,0
2026-03-10 20:47:38,1,0,1,0,0
2026-03-10 20:47:38,1,0,1,0,0
2026-03-10 20:47:38,1,0,1,0,0
2026-03-10 20:47:39,1,0,1,0,0
2026-03-10 20:47:39,1,0,1,0,0
2026-03-10 20:47:39,1,0,1,0,0
2026-03-10 20:47:39,1,0,1,0,0
2026-03-10 20:47:39,1,0,1,0,0
2026-03-10 20:47:39,1,0,1,0,0
2026-03-10 20:47:40,1,0,1,0,0
2026-03-10 20:47:40,1,0,1,0,0
2026-03-10 20:47:40,1,0,1,0,0
2026-03-10 20:47:40,1,0,1,0,0
2026-03-10 20:47:40,1,0,1,0,0
2026-03-10 20:47:41,1,0,1,0,0
2026-03-10 20:47:41,1,0,1,0,0
2026-03-10 20:47:41,1,0,1,0,0
2026-03-10 20:47:41,1,0,1,0,0
2026-03-10 20:47:41,1,0,1,0,0
2026-03-10 20:47:41,1,0,1,0,0
2026-03-10 20:47:42,1,0,1,0,0
2026-03-10 20:47:42,1,0,1,0,0
2026-03-10 20:47:42,1,0,1,0,0
2026-03-10 20:47:42,1,0,1,0,0
2026-03-10 20:47:42,1,0,1,0,0
2026-03-10 20:47:42,1,0,1,0,0
2026-03-10 20:47:43,1,0,1,0,0
2026-03-10 20:47:43,1,0,1,0,0
2026-03-10 20:47:43,1,0,1,0,0
2026-03-10 20:47:43,1,0,1,0,0
2026-03-10 20:47:43,1,0,1,0,0
2026-03-10 20:47:43,1,0,1,0,0
2026-03-10 20:47:43,1,0,1,0,0
2026-03-10 20:47:44,1,0,1,0,0
2026-03-10 20:47:44,1,0,1,0,0
2026-03-10 20:47:44,1,0,1,0,0
2026-03-10 20:47:44,1,0,1,0,0
2026-03-10 20:47:44,1,0,1,0,0
2026-03-10 20:47:44,1,0,1,0,0
2026-03-10 20:47:45,1,0,1,0,0
2026-03-10 20:47:45,1,0,1,0,0
2026-03-10 20:47:45,1,0,1,0,0
2026-03-10 20:47:45,1,0,1,0,0
2026-03-10 20:47:45,1,0,1,0,0
2026-03-10 20:47:45,1,0,1,0,0
2026-03-10 20:47:46,1,0,1,0,0
2026-03-10 20:47:46,1,0,1,0,0
2026-03-10 20:47:46,1,0,1,0,0
2026-03-10 20:47:46,1,0,1,0,0
2026-03-10 20:47:46,1,0,1,0,0
2026-03-10 20:47:46,1,0,1,0,0
2026-03-10 20:47:47,1,0,1,0,0
2026-03-10 20:47:47,1,0,1,0,0
2026-03-10 20:47:47,1,0,1,0,0
2026-03-10 20:47:47,1,0,1,0,0
2026-03-10 20:47:47,1,0,1,0,0
2026-03-10 20:47:48,1,0,1,0,0
2026-03-10 20:47:48,1,0,1,0,0
2026-03-10 20:47:48,1,0,1,0,0
2026-03-10 20:47:48,1,0,1,0,0
2026-03-10 20:47:48,1,0,1,0,0
2026-03-10 20:47:48,1,0,1,0,0
2026-03-10 20:47:49,1,0,1,0,0
2026-03-10 20:47:49,1,0,1,0,0
2026-03-10 20:47:49,1,0,1,0,0
2026-03-10 20:47:49,1,0,1,0,0
2026-03-10 20:47:49,1,0,1,0,0
2026-03-10 20:47:49,1,0,1,0,0
2026-03-10 20:47:50,1,0,1,0,0
2026-03-10 20:47:50,1,0,1,0,0
2026-03-10 20:47:50,1,0,1,0,0
2026-03-10 20:47:50,1,0,1,0,0
2026-03-10 20:47:50,1,0,1,0,0
2026-03-10 20:47:50,1,0,1,0,0
2026-03-10 20:47:51,1,0,1,0,0
2026-03-10 20:47:51,1,0,1,0,0
2026-03-10 20:47:51,1,0,1,0,0
2026-03-10 20:47:51,1,0,1,0,0
2026-03-10 20:47:51,1,0,1,0,0
2026-03-10 20:47:51,1,0,1,0,0
2026-03-10 20:47:52,1,0,1,0,0
2026-03-10 20:47:52,1,0,1,0,0
2026-03-10 20:47:52,1,0,1,0,0
2026-03-10 20:47:52,1,0,1,0,0
2026-03-10 20:47:52,1,0,1,0,0
2026-03-10 20:47:52,1,0,1,0,0
2026-03-10 20:47:53,1,0,1,0,0
2026-03-10 20:47:53,1,0,1,0,0
2026-03-10 20:47:53,1,0,1,0,0
2026-03-10 20:47:53,1,0,1,0,0
2026-03-10 20:47:53,1,0,1,0,0
2026-03-10 20:47:53,1,0,1,0,0
2026-03-10 20:47:53,1,0,1,0,0
2026-03-10 20:47:54,1,0,1,0,0
2026-03-10 20:47:54,1,0,1,0,0
2026-03-10 20:47:54,1,0,1,0,0
2026-03-10 20:47:54,1,0,1,0,0
2026-03-10 20:47:54,1,0,1,0,0
2026-03-10 20:47:55,1,0,1,0,0
2026-03-10 20:47:55,1,0,1,0,0
2026-03-10 20:47:55,1,0,1,0,0
2026-03-10 20:47:55,1,0,1,0,0
2026-03-10 20:47:55,1,0,1,0,0
2026-03-10 20:47:55,1,0,1,0,0
2026-03-10 20:47:55,1,0,1,0,0
2026-03-10 20:47:56,1,0,1,0,0
2026-03-10 20:47:56,1,0,1,0,0
2026-03-10 20:47:56,1,0,1,0,0
2026-03-10 20:47:56,1,0,1,0,0
2026-03-10 20:47:56,1,0,1,0,0
2026-03-10 20:47:57,1,0,1,0,0
2026-03-10 20:47:57,1,0,1,0,0
2026-03-10 20:47:57,1,0,1,0,0
2026-03-10 20:47:57,1,0,1,0,0
2026-03-10 20:47:57,1,0,1,0,0
2026-03-10 20:47:57,1,0,1,0,0
2026-03-10 20:47:57,1,0,1,0,0
2026-03-10 20:47:58,1,0,1,0,0
2026-03-10 20:47:58,1,0,1,0,0
2026-03-10 20:47:58,1,0,1,0,0
2026-03-10 20:47:58,1,0,1,0,0
2026-03-10 20:47:58,1,0,1,0,0
2026-03-10 20:47:58,1,0,1,0,0
2026-03-10 20:47:59,1,0,1,0,0
2026-03-10 20:47:59,1,0,1,0,0
2026-03-10 20:47:59,1,0,1,0,0
2026-03-10 20:47:59,1,0,1,0,0
2026-03-10 20:47:59,1,0,1,0,0
2026-03-10 20:47:59,1,0,1,0,0
2026-03-10 20:48:00,1,0,1,0,0
2026-03-10 20:48:00,1,0,1,0,0
2026-03-10 20:48:00,1,0,1,0,0
2026-03-10 20:48:00,1,0,1,0,0
2026-03-10 20:48:00,1,0,1,0,0
2026-03-10 20:48:00,1,0,1,0,0
2026-03-10 20:48:01,1,0,1,0,0
2026-03-10 20:48:01,1,0,1,0,0
2026-03-10 20:48:01,1,0,1,0,0
2026-03-10 20:48:01,1,0,1,0,0
2026-03-10 20:48:01,1,0,1,0,0
2026-03-10 20:48:02,1,0,1,0,0
2026-03-10 20:48:02,1,0,1,0,0
2026-03-10 20:48:02,1,0,1,0,0
2026-03-10 20:48:02,1,0,1,0,0
2026-03-10 20:48:02,1,0,1,0,0
2026-03-10 20:48:02,1,0,1,0,0
2026-03-10 20:48:03,1,0,1,0,0
2026-03-10 20:48:03,1,0,1,0,0
2026-03-10 20:48:03,1,0,1,0,0
2026-03-10 20:48:03,1,0,1,0,0
2026-03-10 20:48:03,1,0,1,0,0
2026-03-10 20:48:03,1,0,1,0,0
2026-03-10 20:48:04,1,0,1,0,0
2026-03-10 20:48:04,1,0,1,0,0
2026-03-10 20:48:04,1,0,1,0,0
2026-03-10 20:48:04,1,0,1,0,0
2026-03-10 20:48:04,1,0,1,0,0
2026-03-10 20:48:04,1,0,1,0,0
2026-03-10 20:48:05,1,0,1,0,0
2026-03-10 20:48:05,1,0,1,0,0
2026-03-10 20:48:05,1,0,1,0,0
2026-03-10 20:48:05,1,0,1,0,0
2026-03-10 20:48:05,1,0,1,0,0
2026-03-10 20:48:05,1,0,1,0,0
2026-03-10 20:48:06,1,0,1,0,0
2026-03-10 20:48:06,1,0,1,0,0
2026-03-10 20:48:06,1,0,1,0,0
2026-03-10 20:48:06,1,0,1,0,0
2026-03-10 20:48:06,1,0,1,0,0
2026-03-10 20:48:06,1,0,1,0,0
2026-03-10 20:48:07,1,0,1,0,0
2026-03-10 20:48:07,1,0,1,0,0
2026-03-10 20:48:07,1,0,1,0,0
2026-03-10 20:48:07,1,0,1,0,0
2026-03-10 20:48:07,1,0,1,0,0
2026-03-10 20:48:07,1,0,1,0,0
2026-03-10 20:48:08,1,0,1,0,0
2026-03-10 20:48:08,1,0,1,0,0
2026-03-10 20:48:08,1,0,1,0,0
2026-03-10 20:48:08,1,0,1,0,0
2026-03-10 20:48:08,1,0,1,0,0
2026-03-10 20:48:08,1,0,1,0,0
2026-03-10 20:48:09,1,0,1,0,0
2026-03-10 20:48:09,1,0,1,0,0
2026-03-10 20:48:09,1,0,1,0,0
2026-03-10 20:48:09,1,0,1,0,0
2026-03-10 20:48:09,1,0,1,0,0
2026-03-10 20:48:09,1,0,1,0,0
2026-03-10 20:48:10,1,0,1,0,0
2026-03-10 20:48:10,1,0,1,0,0
2026-03-10 20:48:10,1,0,1,0,0
2026-03-10 20:48:10,1,0,1,0,0
2026-03-10 20:48:10,1,0,1,0,0
2026-03-10 20:48:10,1,0,1,0,0
2026-03-10 20:48:11,1,0,1,0,0
2026-03-10 20:48:11,1,0,1,0,0
2026-03-10 20:48:11,1,0,1,0,0
2026-03-10 20:48:11,1,0,1,0,0
2026-03-10 20:48:11,1,0,1,0,0
2026-03-10 20:48:11,1,0,1,0,0
2026-03-10 20:48:12,1,0,1,0,0
2026-03-10 20:48:12,1,0,1,0,0
2026-03-10 20:48:12,1,0,1,0,0
2026-03-10 20:48:12,1,0,1,0,0
2026-03-10 20:48:12,1,0,1,0,0
2026-03-10 20:48:12,1,0,1,0,0
2026-03-10 20:48:13,1,0,1,0,0
2026-03-10 20:48:13,1,0,1,0,0
2026-03-10 20:48:13,1,0,1,0,0
2026-03-10 20:48:13,1,0,1,0,0
2026-03-10 20:48:13,1,0,1,0,0
2026-03-10 20:48:13,1,0,1,0,0
2026-03-10 20:48:13,1,0,1,0,0
2026-03-10 20:48:14,1,0,1,0,0
2026-03-10 20:48:14,1,0,1,0,0
2026-03-10 20:48:14,1,0,1,0,0
2026-03-10 20:48:14,1,0,1,0,0
2026-03-10 20:48:14,1,0,1,0,0
2026-03-10 20:48:14,1,0,1,0,0
2026-03-10 20:48:15,1,0,1,0,0
2026-03-10 20:48:15,1,0,1,0,0
2026-03-10 20:48:15,1,0,1,0,0
2026-03-10 20:48:15,1,0,1,0,0
2026-03-10 20:48:15,1,0,1,0,0
2026-03-10 20:48:15,1,0,1,0,0
2026-03-10 20:48:16,1,0,1,0,0
2026-03-10 20:48:16,1,0,1,0,0
2026-03-10 20:48:16,1,0,1,0,0
2026-03-10 20:48:16,1,0,1,0,0
2026-03-10 20:48:16,1,0,1,0,0
2026-03-10 20:48:16,1,0,1,0,0
2026-03-10 20:48:17,1,0,1,0,0
2026-03-10 20:48:17,1,0,1,0,0
2026-03-10 20:48:17,1,0,1,0,0
2026-03-10 20:48:17,1,0,1,0,0
2026-03-10 20:48:17,1,0,1,0,0
2026-03-10 20:48:17,1,0,1,0,0
2026-03-10 20:48:18,1,0,1,0,0
2026-03-10 20:48:18,1,0,1,0,0
2026-03-10 20:48:18,1,0,1,0,0
2026-03-10 20:48:18,1,0,1,0,0
2026-03-10 20:48:18,1,0,1,0,0
2026-03-10 20:48:18,1,0,1,0,0
2026-03-10 20:48:19,1,0,1,0,0
2026-03-10 20:48:19,1,0,1,0,0
2026-03-10 20:48:19,1,0,1,0,0
2026-03-10 20:48:19,1,0,1,0,0
2026-03-10 20:48:19,1,0,1,0,0
2026-03-10 20:48:19,1,0,1,0,0
2026-03-10 20:48:20,1,0,1,0,0
2026-03-10 20:48:20,1,0,1,0,0
2026-03-10 20:48:20,1,0,1,0,0
2026-03-10 20:48:20,1,0,1,0,0
2026-03-10 20:48:20,1,0,1,0,0
2026-03-10 20:48:20,1,0,1,0,0
2026-03-10 20:48:21,1,0,1,0,0
2026-03-10 20:48:21,1,0,1,0,0
2026-03-10 20:48:21,1,0,1,0,0
2026-03-10 20:48:21,1,0,1,0,0
2026-03-10 20:48:21,1,0,1,0,0
2026-03-10 20:48:21,1,0,1,0,0
2026-03-10 20:48:22,1,0,1,0,0
2026-03-10 20:48:22,1,0,1,0,0
2026-03-10 20:48:22,1,0,1,0,0
2026-03-10 20:48:22,1,0,1,0,0
2026-03-10 20:48:22,1,0,1,0,0
2026-03-10 20:48:22,1,0,1,0,0
2026-03-10 20:48:23,1,0,1,0,0
2026-03-10 20:48:23,1,0,1,0,0
2026-03-10 20:48:23,1,0,1,0,0
2026-03-10 20:48:23,1,0,1,0,0
2026-03-10 20:48:23,1,0,1,0,0
2026-03-10 20:48:23,1,0,1,0,0
2026-03-10 20:48:24,1,0,1,0,0
2026-03-10 20:48:24,1,0,1,0,0
2026-03-10 20:48:24,1,0,1,0,0
2026-03-10 20:48:24,1,0,1,0,0
2026-03-10 20:48:24,1,0,1,0,0
2026-03-10 20:48:24,1,0,1,0,0
2026-03-10 20:48:25,1,0,1,0,0
2026-03-10 20:48:25,1,0,1,0,0
2026-03-10 20:48:25,1,0,1,0,0
2026-03-10 20:48:25,1,0,1,0,0
2026-03-10 20:48:25,1,0,1,0,0
2026-03-10 20:48:25,1,0,1,0,0
2026-03-10 20:48:26,1,0,1,0,0
2026-03-10 20:48:26,1,0,1,0,0
2026-03-10 20:48:26,1,0,1,0,0
2026-03-10 20:48:26,1,0,1,0,0
2026-03-10 20:48:26,1,0,1,0,0
2026-03-10 20:48:26,1,0,1,0,0
2026-03-10 20:48:27,1,0,1,0,0
2026-03-10 20:48:27,1,0,1,0,0
2026-03-10 20:48:27,1,0,1,0,0
2026-03-10 20:48:27,1,0,1,0,0
2026-03-10 20:48:27,1,0,1,0,0
2026-03-10 20:48:27,1,0,1,0,0
2026-03-10 20:48:28,1,0,1,0,0
2026-03-10 20:48:28,1,0,1,0,0
2026-03-10 20:48:28,1,0,1,0,0
2026-03-10 20:48:28,1,0,1,0,0
2026-03-10 20:48:28,1,0,1,0,0
2026-03-10 20:48:29,1,0,1,0,0
2026-03-10 20:48:29,1,0,1,0,0
2026-03-10 20:48:29,1,0,1,0,0
2026-03-10 20:48:29,1,0,1,0,0
2026-03-10 20:48:29,1,0,1,0,0
2026-03-10 20:48:29,1,0,1,0,0
2026-03-10 20:48:30,1,0,1,0,0
2026-03-10 20:48:30,1,0,1,0,0
2026-03-10 20:48:30,1,0,1,0,0
2026-03-10 20:48:30,1,0,1,0,0
2026-03-10 20:48:30,1,0,1,0,0
2026-03-10 20:48:30,1,0,1,0,0
2026-03-10 20:48:31,1,0,1,0,0
2026-03-10 20:48:31,1,0,1,0,0
2026-03-10 20:48:31,1,0,1,0,0
2026-03-10 20:48:31,1,0,1,0,0
2026-03-10 20:48:31,1,0,1,0,0
2026-03-10 20:48:31,1,0,1,0,0
2026-03-10 20:48:32,1,0,1,0,0
2026-03-10 20:48:32,1,0,1,0,0
2026-03-10 20:48:32,1,0,1,0,0
2026-03-10 20:48:32,1,0,1,0,0
2026-03-10 20:48:32,1,0,1,0,0
2026-03-10 20:48:33,1,0,1,0,0
2026-03-10 20:48:33,1,0,1,0,0
2026-03-10 20:48:33,1,0,1,0,0
2026-03-10 20:48:33,1,0,1,0,0
2026-03-10 20:48:33,1,0,1,0,0
2026-03-10 20:48:33,1,0,1,0,0
2026-03-10 20:48:34,1,0,1,0,0
2026-03-10 20:48:34,1,0,1,0,0
2026-03-10 20:48:34,1,0,1,0,0
2026-03-10 20:48:34,1,0,1,0,0
2026-03-10 20:48:34,1,0,1,0,0
2026-03-10 20:48:34,1,0,1,0,0
2026-03-10 20:48:35,1,0,1,0,0
2026-03-10 20:48:35,1,0,1,0,0
2026-03-10 20:48:35,1,0,1,0,0
2026-03-10 20:48:35,1,0,1,0,0
2026-03-10 20:48:35,1,0,1,0,0
2026-03-10 20:48:35,1,0,1,0,0
2026-03-10 20:48:36,1,0,1,0,0
2026-03-10 20:48:36,1,0,1,0,0
2026-03-10 20:48:36,1,0,1,0,0
2026-03-10 20:48:36,1,0,1,0,0
2026-03-10 20:48:36,1,0,1,0,0
2026-03-10 20:48:36,1,0,1,0,0
2026-03-10 20:48:37,1,0,1,0,0
2026-03-10 20:48:37,1,0,1,0,0
2026-03-10 20:48:37,1,0,1,0,0
2026-03-10 20:48:37,1,0,1,0,0
2026-03-10 20:48:37,1,0,1,0,0
2026-03-10 20:48:37,1,0,1,0,0
2026-03-10 20:48:38,1,0,1,0,0
2026-03-10 20:48:38,1,0,1,0,0
2026-03-10 20:48:38,1,0,1,0,0
2026-03-10 20:48:38,1,0,1,0,0
2026-03-10 20:48:38,1,0,1,0,0
2026-03-10 20:48:38,1,0,1,0,0
2026-03-10 20:48:39,1,0,1,0,0
2026-03-10 20:48:39,1,0,1,0,0
2026-03-10 20:48:39,1,0,1,0,0
2026-03-10 20:48:39,1,0,1,0,0
2026-03-10 20:48:39,1,0,1,0,0
2026-03-10 20:48:39,1,0,1,0,0
2026-03-10 20:48:40,1,0,1,0,0
2026-03-10 20:48:40,1,0,1,0,0
2026-03-10 20:48:40,1,0,1,0,0
2026-03-10 20:48:40,1,0,1,0,0
2026-03-10 20:48:40,1,0,1,0,0
2026-03-10 20:48:40,1,0,1,0,0
2026-03-10 20:48:41,1,0,1,0,0
2026-03-10 20:48:41,1,0,1,0,0
2026-03-10 20:48:41,1,0,1,0,0
2026-03-10 20:48:41,1,0,1,0,0
2026-03-10 20:48:41,1,0,1,0,0
2026-03-10 20:48:41,1,0,1,0,0
2026-03-10 20:48:42,1,0,1,0,0
2026-03-10 20:48:42,1,0,1,0,0
2026-03-10 20:48:42,1,0,1,0,0
2026-03-10 20:48:42,1,0,1,0,0
2026-03-10 20:48:42,1,0,1,0,0
2026-03-10 20:48:42,1,0,1,0,0
2026-03-10 20:48:43,1,0,1,0,0
2026-03-10 20:48:43,1,0,1,0,0
2026-03-10 20:48:43,1,0,1,0,0
2026-03-10 20:48:43,1,0,1,0,0
2026-03-10 20:48:43,1,0,1,0,0
2026-03-10 20:48:43,1,0,1,0,0
2026-03-10 20:48:44,1,0,1,0,0
2026-03-10 20:48:44,1,0,1,0,0
2026-03-10 20:48:44,1,0,1,0,0
2026-03-10 20:48:44,1,0,1,0,0
2026-03-10 20:48:44,1,0,1,0,0
2026-03-10 20:48:45,1,0,1,0,0
2026-03-10 20:48:45,1,0,1,0,0
2026-03-10 20:48:45,1,0,1,0,0
2026-03-10 20:48:45,1,0,1,0,0
2026-03-10 20:48:45,1,0,1,0,0
2026-03-10 20:48:45,1,0,1,0,0
2026-03-10 20:48:46,1,0,1,0,0
2026-03-10 20:48:46,1,0,1,0,0
2026-03-10 20:48:46,1,0,1,0,0
2026-03-10 20:48:46,1,0,1,0,0
2026-03-10 20:48:46,1,0,1,0,0
2026-03-10 20:48:46,1,0,1,0,0
2026-03-10 20:48:47,1,0,1,0,0
2026-03-10 20:48:47,1,0,1,0,0
2026-03-10 20:48:47,1,0,1,0,0
2026-03-10 20:48:47,1,0,1,0,0
2026-03-10 20:48:47,1,0,1,0,0
2026-03-10 20:48:48,1,0,1,0,0
2026-03-10 20:48:48,1,0,1,0,0
2026-03-10 20:48:48,1,0,1,0,0
2026-03-10 20:48:48,1,0,1,0,0
2026-03-10 20:48:48,1,0,1,0,0
2026-03-10 20:48:48,1,0,1,0,0
2026-03-10 20:48:49,1,0,1,0,0
2026-03-10 20:48:49,1,0,1,0,0
2026-03-10 20:48:49,1,0,1,0,0
2026-03-10 20:48:49,1,0,1,0,0
2026-03-10 20:48:49,1,0,1,0,0
2026-03-10 20:48:49,1,0,1,0,0
2026-03-10 20:48:50,1,0,1,0,0
2026-03-10 20:48:50,1,0,1,0,0
2026-03-10 20:48:50,1,0,1,0,0
2026-03-10 20:48:50,1,0,1,0,0
2026-03-10 20:48:50,1,0,1,0,0
2026-03-10 20:48:50,1,0,1,0,0
2026-03-10 20:48:51,1,0,1,0,0
2026-03-10 20:48:51,1,0,1,0,0
2026-03-10 20:48:51,1,0,1,0,0
2026-03-10 20:48:51,1,0,1,0,0
2026-03-10 20:48:51,1,0,1,0,0
2026-03-10 20:48:51,1,0,1,0,0
2026-03-10 20:48:52,1,0,1,0,0
2026-03-10 20:48:52,1,0,1,0,0
2026-03-10 20:48:52,1,0,1,0,0
2026-03-10 20:48:52,1,0,1,0,0
2026-03-10 20:48:52,1,0,1,0,0
2026-03-10 20:48:52,1,0,1,0,0
2026-03-10 20:48:53,1,0,1,0,0
2026-03-10 20:48:53,1,0,1,0,0
2026-03-10 20:48:53,1,0,1,0,0
2026-03-10 20:48:53,1,0,1,0,0
2026-03-10 20:48:53,1,0,1,0,0
2026-03-10 20:48:53,1,0,1,0,0
2026-03-10 20:48:54,1,0,1,0,0
2026-03-10 20:48:54,1,0,1,0,0
2026-03-10 20:48:54,1,0,1,0,0
2026-03-10 20:48:54,1,0,1,0,0
2026-03-10 20:48:54,1,0,1,0,0
2026-03-10 20:48:54,1,0,1,0,0
2026-03-10 20:48:55,1,0,1,0,0
2026-03-10 20:48:55,1,0,1,0,0
2026-03-10 20:48:55,1,0,1,0,0
2026-03-10 20:48:55,1,0,1,0,0
2026-03-10 20:48:55,1,0,1,0,0
2026-03-10 20:48:55,1,0,1,0,0
2026-03-10 20:48:56,1,0,1,0,0
2026-03-10 20:48:56,1,0,1,0,0
2026-03-10 20:48:56,1,0,1,0,0
2026-03-10 20:48:56,1,0,1,0,0
2026-03-10 20:48:56,1,0,1,0,0
2026-03-10 20:48:57,1,0,1,0,0
2026-03-10 20:48:57,1,0,1,0,0
2026-03-10 20:48:57,1,0,1,0,0
2026-03-10 20:48:57,1,0,1,0,0
2026-03-10 20:48:57,1,0,1,0,0
2026-03-10 20:48:57,1,0,1,0,0
2026-03-10 20:48:58,1,0,1,0,0
2026-03-10 20:48:58,1,0,1,0,0
2026-03-10 20:48:58,1,0,1,0,0
2026-03-10 20:48:58,1,0,1,0,0
2026-03-10 20:48:58,1,0,1,0,0
2026-03-10 20:48:58,1,0,1,0,0
2026-03-10 20:48:59,1,0,1,0,0
2026-03-10 20:48:59,1,0,1,0,0
2026-03-10 20:48:59,1,0,1,0,0
2026-03-10 20:48:59,1,0,1,0,0
2026-03-10 20:48:59,1,0,1,0,0
2026-03-10 20:48:59,1,0,1,0,0
2026-03-10 20:49:00,1,0,1,0,0
2026-03-10 20:49:00,1,0,1,0,0
2026-03-10 20:49:00,1,0,1,0,0
2026-03-10 20:49:00,1,0,1,0,0
2026-03-10 20:49:00,1,0,1,0,0
2026-03-10 20:49:00,1,0,1,0,0
2026-03-10 20:49:01,1,0,1,0,0
2026-03-10 20:49:01,1,0,1,0,0
2026-03-10 20:49:01,1,0,1,0,0
2026-03-10 20:49:01,1,0,1,0,0
2026-03-10 20:49:01,1,0,1,0,0
2026-03-10 20:49:01,1,0,1,0,0
2026-03-10 20:49:02,1,0,1,0,0
2026-03-10 20:49:02,1,0,1,0,0
2026-03-10 20:49:02,1,0,1,0,0
2026-03-10 20:49:02,1,0,1,0,0
2026-03-10 20:49:02,1,0,1,0,0
2026-03-10 20:49:02,1,0,1,0,0
2026-03-10 20:49:03,1,0,1,0,0
2026-03-10 20:49:03,1,0,1,0,0
2026-03-10 20:49:03,1,0,1,0,0
2026-03-10 20:49:03,1,0,1,0,0
2026-03-10 20:49:03,1,0,1,0,0
2026-03-10 20:49:03,1,0,1,0,0
2026-03-10 20:49:04,1,0,1,0,0
2026-03-10 20:49:04,1,0,1,0,0
2026-03-10 20:49:04,1,0,1,0,0
2026-03-10 20:49:04,1,0,1,0,0
2026-03-10 20:49:04,1,0,1,0,0
2026-03-10 20:49:05,1,0,1,0,0
2026-03-10 20:49:05,1,0,1,0,0
2026-03-10 20:49:05,1,0,1,0,0
2026-03-10 20:49:05,1,0,1,0,0
2026-03-10 20:49:05,1,0,1,0,0
2026-03-10 20:49:05,1,0,1,0,0
2026-03-10 20:49:06,1,0,1,0,0
2026-03-10 20:49:06,1,0,1,0,0
2026-03-10 20:49:06,1,0,1,0,0
2026-03-10 20:49:06,1,0,1,0,0
2026-03-10 20:49:06,1,0,1,0,0
2026-03-10 20:49:06,1,0,1,0,0
2026-03-10 20:49:07,1,0,1,0,0
2026-03-10 20:49:07,1,0,1,0,0
2026-03-10 20:49:07,1,0,1,0,0
2026-03-10 20:49:07,1,0,1,0,0
2026-03-10 20:49:07,1,0,1,0,0
2026-03-10 20:49:07,1,0,1,0,0
2026-03-10 20:49:08,1,0,1,0,0
2026-03-10 20:49:08,1,0,1,0,0
2026-03-10 20:49:08,1,0,1,0,0
2026-03-10 20:49:08,1,0,1,0,0
2026-03-10 20:49:08,1,0,1,0,0
2026-03-10 20:49:08,1,0,1,0,0
2026-03-10 20:49:09,1,0,1,0,0
2026-03-10 20:49:09,1,0,1,0,0
2026-03-10 20:49:09,1,0,1,0,0
2026-03-10 20:49:09,1,0,1,0,0
2026-03-10 20:49:09,1,0,1,0,0
2026-03-10 20:49:09,1,0,1,0,0
2026-03-10 20:49:10,1,0,1,0,0
2026-03-10 20:49:10,1,0,1,0,0
2026-03-10 20:49:10,1,0,1,0,0
2026-03-10 20:49:10,1,0,1,0,0
2026-03-10 20:49:10,1,0,1,0,0
2026-03-10 20:49:10,1,0,1,0,0
2026-03-10 20:49:11,1,0,1,0,0
2026-03-10 20:49:11,1,0,1,0,0
2026-03-10 20:49:11,1,0,1,0,0
2026-03-10 20:49:11,1,0,1,0,0
2026-03-10 20:49:11,1,0,1,0,0
2026-03-10 20:49:12,1,0,1,0,0
2026-03-10 20:49:12,1,0,1,0,0
2026-03-10 20:49:12,1,0,1,0,0
2026-03-10 20:49:12,1,0,1,0,0
2026-03-10 20:49:12,1,0,1,0,0
2026-03-10 20:49:12,1,0,1,0,0
2026-03-10 20:49:13,1,0,1,0,0
2026-03-10 20:49:13,1,0,1,0,0
2026-03-10 20:49:13,1,0,1,0,0
2026-03-10 20:49:13,1,0,1,0,0
2026-03-10 20:49:13,1,0,1,0,0
2026-03-10 20:49:13,1,0,1,0,0
2026-03-10 20:49:14,1,0,1,0,0
2026-03-10 20:49:14,1,0,1,0,0
2026-03-10 20:49:14,1,0,1,0,0
2026-03-10 20:49:14,1,0,1,0,0
2026-03-10 20:49:14,1,0,1,0,0
2026-03-10 20:49:14,1,0,1,0,0
2026-03-10 20:49:15,1,0,1,0,0
2026-03-10 20:49:15,1,0,1,0,0
2026-03-10 20:49:15,1,0,1,0,0
2026-03-10 20:49:15,1,0,1,0,0
2026-03-10 20:49:15,1,0,1,0,0
2026-03-10 20:49:16,1,0,1,0,0
2026-03-10 20:49:16,1,0,1,0,0
2026-03-10 20:49:16,1,0,1,0,0
2026-03-10 20:49:16,1,0,1,0,0
2026-03-10 20:49:16,1,0,1,0,0
2026-03-10 20:49:16,1,0,1,0,0
2026-03-10 20:49:17,1,0,1,0,0
2026-03-10 20:49:17,1,0,1,0,0
2026-03-10 20:49:17,1,0,1,0,0
2026-03-10 20:49:17,1,0,1,0,0
2026-03-10 20:49:17,1,0,1,0,0
2026-03-10 20:49:17,1,0,1,0,0
2026-03-10 20:49:18,1,0,1,0,0
2026-03-10 20:49:18,1,0,1,0,0
2026-03-10 20:49:18,1,0,1,0,0
2026-03-10 20:49:18,1,0,1,0,0
2026-03-10 20:49:18,1,0,1,0,0
2026-03-10 20:49:19,1,0,1,0,0
2026-03-10 20:49:19,1,0,1,0,0
2026-03-10 20:49:19,1,0,1,0,0
2026-03-10 20:49:19,1,0,1,0,0
2026-03-10 20:49:19,1,0,1,0,0
2026-03-10 20:49:20,1,0,1,0,0
2026-03-10 20:49:20,1,0,1,0,0
2026-03-10 20:49:20,1,0,1,0,0
2026-03-10 20:49:20,1,0,1,0,0
2026-03-10 20:49:20,1,0,1,0,0
2026-03-10 20:49:20,1,0,1,0,0
2026-03-10 20:49:21,1,0,1,0,0
2026-03-10 20:49:21,1,0,1,0,0
2026-03-10 20:49:21,1,0,1,0,0
2026-03-10 20:49:21,1,0,1,0,0
2026-03-10 20:49:21,1,0,1,0,0
2026-03-10 20:49:21,1,0,1,0,0
2026-03-10 20:49:21,1,0,1,0,0
2026-03-10 20:49:22,1,0,1,0,0
2026-03-10 20:49:22,1,0,1,0,0
2026-03-10 20:49:22,1,0,1,0,0
2026-03-10 20:49:22,1,0,1,0,0
2026-03-10 20:49:22,1,0,1,0,0
2026-03-10 20:49:23,1,0,1,0,0
2026-03-10 20:49:23,1,0,1,0,0
2026-03-10 20:49:23,1,0,1,0,0
2026-03-10 20:49:23,1,0,1,0,0
2026-03-10 20:49:23,1,0,1,0,0
2026-03-10 20:49:23,1,0,1,0,0
2026-03-10 20:49:23,1,0,1,0,0
2026-03-10 20:49:24,1,0,1,0,0
2026-03-10 20:49:24,1,0,1,0,0
2026-03-10 20:49:24,1,0,1,0,0
2026-03-10 20:49:24,1,0,1,0,0
2026-03-10 20:49:24,1,0,1,0,0
2026-03-10 20:49:25,1,0,1,0,0
2026-03-10 20:49:25,1,0,1,0,0
2026-03-10 20:49:25,1,0,1,0,0
2026-03-10 20:49:25,1,0,1,0,0
2026-03-10 20:49:25,1,0,1,0,0
2026-03-10 20:49:25,1,0,1,0,0
2026-03-10 20:49:25,1,0,1,0,0
2026-03-10 20:49:26,1,0,1,0,0
2026-03-10 20:49:26,1,0,1,0,0
2026-03-10 20:49:26,1,0,1,0,0
2026-03-10 20:49:26,1,0,1,0,0
2026-03-10 20:49:26,1,0,1,0,0
2026-03-10 20:49:26,1,0,1,0,0
2026-03-10 20:49:27,1,0,1,0,0
2026-03-10 20:49:27,1,0,1,0,0
2026-03-10 20:49:27,1,0,1,0,0
2026-03-10 20:49:27,1,0,1,0,0
2026-03-10 20:49:27,1,0,1,0,0
2026-03-10 20:49:27,1,0,1,0,0
2026-03-10 20:49:28,1,0,1,0,0
2026-03-10 20:49:28,1,0,1,0,0
2026-03-10 20:49:28,1,0,1,0,0
2026-03-10 20:49:28,1,0,1,0,0
2026-03-10 20:49:28,1,0,1,0,0
2026-03-10 20:49:28,1,0,1,0,0
2026-03-10 20:49:29,1,0,1,0,0
2026-03-10 20:49:29,1,0,1,0,0
2026-03-10 20:49:29,1,0,1,0,0
2026-03-10 20:49:29,1,0,1,0,0
2026-03-10 20:49:29,1,0,1,0,0
2026-03-10 20:49:29,1,0,1,0,0
2026-03-10 20:49:30,1,0,1,0,0
2026-03-10 20:49:30,1,0,1,0,0
2026-03-10 20:49:30,1,0,1,0,0
2026-03-10 20:49:30,1,0,1,0,0
2026-03-10 20:49:30,1,0,1,0,0
2026-03-10 20:49:30,1,0,1,0,0
2026-03-10 20:49:31,1,0,1,0,0
2026-03-10 20:49:31,1,0,1,0,0
2026-03-10 20:49:31,1,0,1,0,0
2026-03-10 20:49:31,1,0,1,0,0
2026-03-10 20:49:31,1,0,1,0,0
2026-03-10 20:49:31,1,0,1,0,0
2026-03-10 20:49:31,1,0,1,0,0
2026-03-10 20:49:32,1,0,1,0,0
2026-03-10 20:49:32,1,0,1,0,0
2026-03-10 20:49:32,1,0,1,0,0
2026-03-10 20:49:32,1,0,1,0,0
2026-03-10 20:49:32,1,0,1,0,0
2026-03-10 20:49:33,1,0,1,0,0
2026-03-10 20:49:33,1,0,1,0,0
2026-03-10 20:49:33,1,0,1,0,0
2026-03-10 20:49:33,1,0,1,0,0
2026-03-10 20:49:33,1,0,1,0,0
2026-03-10 20:49:33,1,0,1,0,0
2026-03-10 20:49:34,1,0,1,0,0
2026-03-10 20:49:34,1,0,1,0,0
2026-03-10 20:49:34,1,0,1,0,0
2026-03-10 20:49:34,1,0,1,0,0
2026-03-10 20:49:34,1,0,1,0,0
2026-03-10 20:49:34,1,0,1,0,0
2026-03-10 20:49:35,1,0,1,0,0
2026-03-10 20:49:35,1,0,1,0,0
2026-03-10 20:49:35,1,0,1,0,0
2026-03-10 20:49:35,1,0,1,0,0
2026-03-10 20:49:35,1,0,1,0,0
2026-03-10 20:49:35,1,0,1,0,0
2026-03-10 20:49:35,1,0,1,0,0
2026-03-10 20:49:36,1,0,1,0,0
2026-03-10 20:49:36,1,0,1,0,0
2026-03-10 20:49:36,1,0,1,0,0
2026-03-10 20:49:36,1,0,1,0,0
2026-03-10 20:49:36,1,0,1,0,0
2026-03-10 20:49:36,1,0,1,0,0
2026-03-10 20:49:37,1,0,1,0,0
2026-03-10 20:49:37,1,0,1,0,0
2026-03-10 20:49:37,1,0,1,0,0
2026-03-10 20:49:37,1,0,1,0,0
2026-03-10 20:49:37,1,0,1,0,0
2026-03-10 20:49:37,1,0,1,0,0
2026-03-10 20:49:38,1,0,1,0,0
2026-03-10 20:49:38,1,0,1,0,0
2026-03-10 20:49:38,1,0,1,0,0
2026-03-10 20:49:38,1,0,1,0,0
2026-03-10 20:49:38,1,0,1,0,0
2026-03-10 20:49:38,1,0,1,0,0
2026-03-10 20:49:39,1,0,1,0,0
2026-03-10 20:49:39,1,0,1,0,0
2026-03-10 20:49:39,1,0,1,0,0
2026-03-10 20:49:39,1,0,1,0,0
2026-03-10 20:49:39,1,0,1,0,0
2026-03-10 20:49:39,1,0,1,0,0
2026-03-10 20:49:40,1,0,1,0,0
2026-03-10 20:49:40,1,0,1,0,0
2026-03-10 20:49:40,1,0,1,0,0
2026-03-10 20:49:40,1,0,1,0,0
2026-03-10 20:49:40,1,0,1,0,0
2026-03-10 20:49:40,1,0,1,0,0
2026-03-10 20:49:41,1,0,1,0,0
2026-03-10 20:49:41,1,0,1,0,0
2026-03-10 20:49:41,1,0,1,0,0
2026-03-10 20:49:41,1,0,1,0,0
2026-03-10 20:49:41,1,0,1,0,0
2026-03-10 20:49:41,1,0,1,0,0
2026-03-10 20:49:42,1,0,1,0,0
2026-03-10 20:49:42,1,0,1,0,0
2026-03-10 20:49:42,1,0,1,0,0
2026-03-10 20:49:42,1,0,1,0,0
2026-03-10 20:49:42,1,0,1,0,0
2026-03-10 20:49:42,1,0,1,0,0
2026-03-10 20:49:43,1,0,1,0,0
2026-03-10 20:49:43,1,0,1,0,0
2026-03-10 20:49:43,1,0,1,0,0
2026-03-10 20:49:43,1,0,1,0,0
2026-03-10 20:49:43,1,0,1,0,0
2026-03-10 20:49:43,1,0,1,0,0
2026-03-10 20:49:44,1,0,1,0,0
2026-03-10 20:49:44,1,0,1,0,0
2026-03-10 20:49:44,1,0,1,0,0
2026-03-10 20:49:44,1,0,1,0,0
2026-03-10 20:49:44,1,0,1,0,0
2026-03-10 20:49:44,1,0,1,0,0
2026-03-10 20:49:45,1,0,1,0,0
2026-03-10 20:49:45,1,0,1,0,0
2026-03-10 20:49:45,1,0,1,0,0
2026-03-10 20:49:45,1,0,1,0,0
2026-03-10 20:49:45,1,0,1,0,0
2026-03-10 20:49:45,1,0,1,0,0
2026-03-10 20:49:46,1,0,1,0,0
2026-03-10 20:49:46,1,0,1,0,0
2026-03-10 20:49:46,1,0,1,0,0
2026-03-10 20:49:46,1,0,1,0,0
2026-03-10 20:49:46,1,0,1,0,0
2026-03-10 20:49:46,1,0,1,0,0
2026-03-10 20:49:47,1,0,1,0,0
2026-03-10 20:49:47,1,0,1,0,0
2026-03-10 20:49:47,1,0,1,0,0
2026-03-10 20:49:47,1,0,1,0,0
2026-03-10 20:49:47,1,0,1,0,0
2026-03-10 20:49:48,1,0,1,0,0
2026-03-10 20:49:48,1,0,1,0,0
2026-03-10 20:49:48,1,0,1,0,0
2026-03-10 20:49:48,1,0,1,0,0
2026-03-10 20:49:48,1,0,1,0,0
2026-03-10 20:49:48,1,0,1,0,0
2026-03-10 20:49:49,1,0,1,0,0
2026-03-10 20:49:49,1,0,1,0,0
2026-03-10 20:49:49,1,0,1,0,0
2026-03-10 20:49:49,1,0,1,0,0
2026-03-10 20:49:49,1,0,1,0,0
2026-03-10 20:49:49,1,0,1,0,0
2026-03-10 20:49:49,1,0,1,0,0
2026-03-10 20:49:50,1,0,1,0,0
2026-03-10 20:49:50,1,0,1,0,0
2026-03-10 20:49:50,1,0,1,0,0
2026-03-10 20:49:50,1,0,1,0,0
2026-03-10 20:49:50,1,0,1,0,0
2026-03-10 20:49:50,1,0,1,0,0
2026-03-10 20:49:51,1,0,1,0,0
2026-03-10 20:49:51,1,0,1,0,0
2026-03-10 20:49:51,1,0,1,0,0
2026-03-10 20:49:51,1,0,1,0,0
2026-03-10 20:49:51,1,0,1,0,0
2026-03-10 20:49:51,1,0,1,0,0
2026-03-10 20:49:52,1,0,1,0,0
2026-03-10 20:49:52,1,0,1,0,0
2026-03-10 20:49:52,1,0,1,0,0
2026-03-10 20:49:52,1,0,1,0,0
2026-03-10 20:49:52,1,0,1,0,0
2026-03-10 20:49:52,1,0,1,0,0
2026-03-10 20:49:53,1,0,1,0,0
2026-03-10 20:49:53,1,0,1,0,0
2026-03-10 20:49:53,1,0,1,0,0
2026-03-10 20:49:53,1,0,1,0,0
2026-03-10 20:49:53,1,0,1,0,0
2026-03-10 20:49:53,1,0,1,0,0
2026-03-10 20:49:54,1,0,1,0,0
2026-03-10 20:49:54,1,0,1,0,0
2026-03-10 20:49:54,1,0,1,0,0
2026-03-10 20:49:54,1,0,1,0,0
2026-03-10 20:49:54,1,0,1,0,0
2026-03-10 20:49:55,1,0,1,0,0
2026-03-10 20:49:55,1,0,1,0,0
2026-03-10 20:49:55,1,0,1,0,0
2026-03-10 20:49:55,1,0,1,0,0
2026-03-10 20:49:55,1,0,1,0,0
2026-03-10 20:49:56,1,0,1,0,0
2026-03-10 20:49:56,1,0,1,0,0
2026-03-10 20:49:56,1,0,1,0,0
2026-03-10 20:49:56,1,0,1,0,0
2026-03-10 20:49:56,1,0,1,0,0
2026-03-10 20:49:56,1,0,1,0,0
2026-03-10 20:49:56,1,0,1,0,0
2026-03-10 20:49:57,1,0,1,0,0
2026-03-10 20:49:57,1,0,1,0,0
2026-03-10 20:49:57,1,0,1,0,0
2026-03-10 20:49:57,1,0,1,0,0
2026-03-10 20:49:57,1,0,1,0,0
2026-03-10 20:49:57,1,0,1,0,0
2026-03-10 20:49:58,1,0,1,0,0
2026-03-10 20:49:58,1,0,1,0,0
2026-03-10 20:49:58,1,0,1,0,0
2026-03-10 20:49:58,1,0,1,0,0
2026-03-10 20:49:58,1,0,1,0,0
2026-03-10 20:49:58,1,0,1,0,0
2026-03-10 20:49:59,1,0,1,0,0
2026-03-10 20:49:59,1,0,1,0,0
2026-03-10 20:49:59,1,0,1,0,0
2026-03-10 20:49:59,1,0,1,0,0
2026-03-10 20:49:59,1,0,1,0,0
2026-03-10 20:49:59,1,0,1,0,0
2026-03-10 20:50:00,1,0,1,0,0
2026-03-10 20:50:00,1,0,1,0,0
2026-03-10 20:50:00,1,0,1,0,0
2026-03-10 20:50:00,1,0,1,0,0
2026-03-10 20:50:00,1,0,1,0,0
2026-03-10 20:50:00,1,0,1,0,0
2026-03-10 20:50:01,1,0,1,0,0
2026-03-10 20:50:01,1,0,1,0,0
2026-03-10 20:50:01,1,0,1,0,0
2026-03-10 20:50:01,1,0,1,0,0
2026-03-10 20:50:01,1,0,1,0,0
2026-03-10 20:50:01,1,0,1,0,0
2026-03-10 20:50:02,1,0,1,0,0
2026-03-10 20:50:02,1,0,1,0,0
2026-03-10 20:50:02,1,0,1,0,0
2026-03-10 20:50:02,1,0,1,0,0
2026-03-10 20:50:02,1,0,1,0,0
2026-03-10 20:50:02,1,0,1,0,0
2026-03-10 20:50:03,1,0,1,0,0
2026-03-10 20:50:03,1,0,1,0,0
2026-03-10 20:50:03,1,0,1,0,0
2026-03-10 20:50:03,1,0,1,0,0
2026-03-10 20:50:03,1,0,1,0,0
2026-03-10 20:50:03,1,0,1,0,0
2026-03-10 20:50:04,1,0,1,0,0
2026-03-10 20:50:04,1,0,1,0,0
2026-03-10 20:50:04,1,0,1,0,0
2026-03-10 20:50:04,1,0,1,0,0
2026-03-10 20:50:04,1,0,1,0,0
2026-03-10 20:50:04,1,0,1,0,0
2026-03-10 20:50:05,1,0,1,0,0
2026-03-10 20:50:05,1,0,1,0,0
2026-03-10 20:50:05,1,0,1,0,0
2026-03-10 20:50:05,1,0,1,0,0
2026-03-10 20:50:05,1,0,1,0,0
2026-03-10 20:50:06,1,0,1,0,0
2026-03-10 20:50:06,1,0,1,0,0
2026-03-10 20:50:06,1,0,1,0,0
2026-03-10 20:50:06,1,0,1,0,0
2026-03-10 20:50:06,1,0,1,0,0
2026-03-10 20:50:06,1,0,1,0,0
2026-03-10 20:50:07,1,0,1,0,0
2026-03-10 20:50:07,1,0,1,0,0
2026-03-10 20:50:07,1,0,1,0,0
2026-03-10 20:50:07,1,0,1,0,0
2026-03-10 20:50:07,1,0,1,0,0
2026-03-10 20:50:07,1,0,1,0,0
2026-03-10 20:50:08,1,0,1,0,0
2026-03-10 20:50:08,1,0,1,0,0
2026-03-10 20:50:08,1,0,1,0,0
2026-03-10 20:50:08,1,0,1,0,0
2026-03-10 20:50:08,1,0,1,0,0
2026-03-10 20:50:09,1,0,1,0,0
2026-03-10 20:50:09,1,0,1,0,0
2026-03-10 20:50:09,1,0,1,0,0
2026-03-10 20:50:09,1,0,1,0,0
2026-03-10 20:50:09,1,0,1,0,0
2026-03-10 20:50:09,1,0,1,0,0
2026-03-10 20:50:10,1,0,1,0,0
2026-03-10 20:50:10,1,0,1,0,0
2026-03-10 20:50:10,1,0,1,0,0
2026-03-10 20:50:10,1,0,1,0,0
2026-03-10 20:50:10,1,0,1,0,0
2026-03-10 20:50:10,1,0,1,0,0
2026-03-10 20:50:11,1,0,1,0,0
2026-03-10 20:50:11,1,0,1,0,0
2026-03-10 20:50:11,1,0,1,0,0
2026-03-10 20:50:11,1,0,1,0,0
2026-03-10 20:50:11,1,0,1,0,0
2026-03-10 20:50:11,1,0,1,0,0
2026-03-10 20:50:12,1,0,1,0,0
2026-03-10 20:50:12,1,0,1,0,0
2026-03-10 20:50:12,1,0,1,0,0
2026-03-10 20:50:12,1,0,1,0,0
2026-03-10 20:50:12,1,0,1,0,0
2026-03-10 20:50:12,1,0,1,0,0
2026-03-10 20:50:13,1,0,1,0,0
2026-03-10 20:50:13,1,0,1,0,0
2026-03-10 20:50:13,1,0,1,0,0
2026-03-10 20:50:13,1,0,1,0,0
2026-03-10 20:50:13,1,0,1,0,0
2026-03-10 20:50:13,1,0,1,0,0
2026-03-10 20:50:14,1,0,1,0,0
2026-03-10 20:50:14,1,0,1,0,0
2026-03-10 20:50:14,1,0,1,0,0
2026-03-10 20:50:14,1,0,1,0,0
2026-03-10 20:50:14,1,0,1,0,0
2026-03-10 20:50:14,1,0,1,0,0
2026-03-10 20:50:15,1,0,1,0,0
2026-03-10 20:50:15,1,0,1,0,0
2026-03-10 20:50:15,1,0,1,0,0
2026-03-10 20:50:15,1,0,1,0,0
2026-03-10 20:50:15,1,0,1,0,0
2026-03-10 20:50:15,1,0,1,0,0
2026-03-10 20:50:16,1,0,1,0,0
2026-03-10 20:50:16,1,0,1,0,0
2026-03-10 20:50:16,1,0,1,0,0
2026-03-10 20:50:16,1,0,1,0,0
2026-03-10 20:50:16,1,0,1,0,0
2026-03-10 20:50:17,1,0,1,0,0
2026-03-10 20:50:17,1,0,1,0,0
2026-03-10 20:50:17,1,0,1,0,0
2026-03-10 20:50:17,1,0,1,0,0
2026-03-10 20:50:17,1,0,1,0,0
2026-03-10 20:50:17,1,0,1,0,0
2026-03-10 20:50:18,1,0,1,0,0
2026-03-10 20:50:18,1,0,1,0,0
2026-03-10 20:50:18,1,0,1,0,0
2026-03-10 20:50:18,1,0,1,0,0
2026-03-10 20:50:18,1,0,1,0,0
2026-03-10 20:50:18,1,0,1,0,0
2026-03-10 20:50:19,1,0,1,0,0
2026-03-10 20:50:19,1,0,1,0,0
2026-03-10 20:50:19,1,0,1,0,0
2026-03-10 20:50:19,1,0,1,0,0
2026-03-10 20:50:19,1,0,1,0,0
2026-03-10 20:50:19,1,0,1,0,0
2026-03-10 20:50:20,1,0,1,0,0
2026-03-10 20:50:20,1,0,1,0,0
2026-03-10 20:50:20,1,0,1,0,0
2026-03-10 20:50:20,1,0,1,0,0
2026-03-10 20:50:20,1,0,1,0,0
2026-03-10 20:50:20,1,0,1,0,0
2026-03-10 20:50:21,1,0,1,0,0
2026-03-10 20:50:21,1,0,1,0,0
2026-03-10 20:50:21,1,0,1,0,0
2026-03-10 20:50:21,1,0,1,0,0
2026-03-10 20:50:21,1,0,1,0,0
2026-03-10 20:50:21,1,0,1,0,0
2026-03-10 20:50:22,1,0,1,0,0
2026-03-10 20:50:22,1,0,1,0,0
2026-03-10 20:50:22,1,0,1,0,0
2026-03-10 20:50:22,1,0,1,0,0
2026-03-10 20:50:22,1,0,1,0,0
2026-03-10 20:50:22,1,0,1,0,0
2026-03-10 20:50:23,1,0,1,0,0
2026-03-10 20:50:23,1,0,1,0,0
2026-03-10 20:50:23,1,0,1,0,0
2026-03-10 20:50:23,1,0,1,0,0
2026-03-10 20:50:23,1,0,1,0,0
2026-03-10 20:50:23,1,0,1,0,0
2026-03-10 20:50:24,1,0,1,0,0
2026-03-10 20:50:24,1,0,1,0,0
2026-03-10 20:50:24,1,0,1,0,0
2026-03-10 20:50:24,1,0,1,0,0
2026-03-10 20:50:24,1,0,1,0,0
2026-03-10 20:50:25,1,0,1,0,0
2026-03-10 20:50:25,1,0,1,0,0
2026-03-10 20:50:25,1,0,1,0,0
2026-03-10 20:50:25,1,0,1,0,0
2026-03-10 20:50:25,1,0,1,0,0
2026-03-10 20:50:25,1,0,1,0,0
2026-03-10 20:50:26,1,0,1,0,0
2026-03-10 20:50:26,1,0,1,0,0
2026-03-10 20:50:26,1,0,1,0,0
2026-03-10 20:50:26,1,0,1,0,0
2026-03-10 20:50:26,1,0,1,0,0
2026-03-10 20:50:26,1,0,1,0,0
2026-03-10 20:50:27,1,0,1,0,0
2026-03-10 20:50:27,1,0,1,0,0
2026-03-10 20:50:27,1,0,1,0,0
2026-03-10 20:50:27,1,0,1,0,0
2026-03-10 20:50:27,1,0,1,0,0
2026-03-10 20:50:27,1,0,1,0,0
2026-03-10 20:50:28,1,0,1,0,0
2026-03-10 20:50:28,1,0,1,0,0
2026-03-10 20:50:28,1,0,1,0,0
2026-03-10 20:50:28,1,0,1,0,0
2026-03-10 20:50:28,1,0,1,0,0
2026-03-10 20:50:28,1,0,1,0,0
2026-03-10 20:50:29,1,0,1,0,0
2026-03-10 20:50:29,1,0,1,0,0
2026-03-10 20:50:29,1,0,1,0,0
2026-03-10 20:50:29,1,0,1,0,0
2026-03-10 20:50:29,1,0,1,0,0
2026-03-10 20:50:29,1,0,1,0,0
2026-03-10 20:50:30,1,0,1,0,0
2026-03-10 20:50:30,1,0,1,0,0
2026-03-10 20:50:30,1,0,1,0,0
2026-03-10 20:50:30,1,0,1,0,0
2026-03-10 20:50:30,1,0,1,0,0
2026-03-10 20:50:30,1,0,1,0,0
2026-03-10 20:50:31,1,0,1,0,0
2026-03-10 20:50:31,1,0,1,0,0
2026-03-10 20:50:31,1,0,1,0,0
2026-03-10 20:50:31,1,0,1,0,0
2026-03-10 20:50:31,1,0,1,0,0
2026-03-10 20:50:31,1,0,1,0,0
2026-03-10 20:50:32,1,0,1,0,0
2026-03-10 20:50:32,1,0,1,0,0
2026-03-10 20:50:32,1,0,1,0,0
2026-03-10 20:50:32,1,0,1,0,0
2026-03-10 20:50:32,1,0,1,0,0
2026-03-10 20:50:33,1,0,1,0,0
2026-03-10 20:50:33,1,0,1,0,0
2026-03-10 20:50:33,1,0,1,0,0
2026-03-10 20:50:33,1,0,1,0,0
2026-03-10 20:50:33,1,0,1,0,0
2026-03-10 20:50:33,1,0,1,0,0
2026-03-10 20:50:34,1,0,1,0,0
2026-03-10 20:50:34,1,0,1,0,0
2026-03-10 20:50:34,1,0,1,0,0
2026-03-10 20:50:34,1,0,1,0,0
2026-03-10 20:50:34,1,0,1,0,0
2026-03-10 20:50:34,1,0,1,0,0
2026-03-10 20:50:35,1,0,1,0,0
2026-03-10 20:50:35,1,0,1,0,0
2026-03-10 20:50:35,1,0,1,0,0
2026-03-10 20:50:35,1,0,1,0,0
2026-03-10 20:50:35,1,0,1,0,0
2026-03-10 20:50:35,1,0,1,0,0
2026-03-10 20:50:36,1,0,1,0,0
2026-03-10 20:50:36,1,0,1,0,0
2026-03-10 20:50:36,1,0,1,0,0
2026-03-10 20:50:36,1,0,1,0,0
2026-03-10 20:50:36,1,0,1,0,0
2026-03-10 20:50:36,1,0,1,0,0
2026-03-10 20:50:37,1,0,1,0,0
2026-03-10 20:50:37,1,0,1,0,0
2026-03-10 20:50:37,1,0,1,0,0
2026-03-10 20:50:37,1,0,1,0,0
2026-03-10 20:50:37,1,0,1,0,0
2026-03-10 20:50:37,1,0,1,0,0
2026-03-10 20:50:38,1,0,1,0,0
2026-03-10 20:50:38,1,0,1,0,0
2026-03-10 20:50:38,1,0,1,0,0
2026-03-10 20:50:38,1,0,1,0,0
2026-03-10 20:50:38,1,0,1,0,0
2026-03-10 20:50:38,1,0,1,0,0
2026-03-10 20:50:39,1,0,1,0,0
2026-03-10 20:50:39,1,0,1,0,0
2026-03-10 20:50:39,1,0,1,0,0
2026-03-10 20:50:39,1,0,1,0,0
2026-03-10 20:50:39,1,0,1,0,0
2026-03-10 20:50:39,1,0,1,0,0
2026-03-10 20:50:40,1,0,1,0,0
2026-03-10 20:50:40,1,0,1,0,0
2026-03-10 20:50:40,1,0,1,0,0
2026-03-10 20:50:40,1,0,1,0,0
2026-03-10 20:50:40,1,0,1,0,0
2026-03-10 20:50:40,1,0,1,0,0
2026-03-10 20:50:41,1,0,1,0,0
2026-03-10 20:50:41,1,0,1,0,0
2026-03-10 20:50:41,1,0,1,0,0
2026-03-10 20:50:41,1,0,1,0,0
2026-03-10 20:50:41,1,0,1,0,0
2026-03-10 20:50:41,1,0,1,0,0
2026-03-10 20:50:42,1,0,1,0,0
2026-03-10 20:50:42,1,0,1,0,0
2026-03-10 20:50:42,1,0,1,0,0
2026-03-10 20:50:42,1,0,1,0,0
2026-03-10 20:50:42,1,0,1,0,0
2026-03-10 20:50:42,1,0,1,0,0
2026-03-10 20:50:43,1,0,1,0,0
2026-03-10 20:50:43,1,0,1,0,0
2026-03-10 20:50:43,1,0,1,0,0
2026-03-10 20:50:43,1,0,1,0,0
2026-03-10 20:50:43,1,0,1,0,0
2026-03-10 20:50:43,1,0,1,0,0
2026-03-10 20:50:44,1,0,1,0,0
2026-03-10 20:50:44,1,0,1,0,0
2026-03-10 20:50:44,1,0,1,0,0
2026-03-10 20:50:44,1,0,1,0,0
2026-03-10 20:50:44,1,0,1,0,0
2026-03-10 20:50:44,1,0,1,0,0
2026-03-10 20:50:45,1,0,1,0,0
2026-03-10 20:50:45,1,0,1,0,0
2026-03-10 20:50:45,1,0,1,0,0
2026-03-10 20:50:45,1,0,1,0,0
2026-03-10 20:50:45,1,0,1,0,0
2026-03-10 20:50:45,1,0,1,0,0
2026-03-10 20:50:46,1,0,1,0,0
2026-03-10 20:50:46,1,0,1,0,0
2026-03-10 20:50:46,1,0,1,0,0
2026-03-10 20:50:46,1,0,1,0,0
2026-03-10 20:50:46,1,0,1,0,0
2026-03-10 20:50:46,1,0,1,0,0
2026-03-10 20:50:47,1,0,1,0,0
2026-03-10 20:50:47,1,0,1,0,0
2026-03-10 20:50:47,1,0,1,0,0
2026-03-10 20:50:47,1,0,1,0,0
2026-03-10 20:50:47,1,0,1,0,0
2026-03-10 20:50:48,1,0,1,0,0
2026-03-10 20:50:48,1,0,1,0,0
2026-03-10 20:50:48,1,0,1,0,0
2026-03-10 20:50:48,1,0,1,0,0
2026-03-10 20:50:48,1,0,1,0,0
2026-03-10 20:50:48,1,0,1,0,0
2026-03-10 20:50:49,1,0,1,0,0
2026-03-10 20:50:49,1,0,1,0,0
2026-03-10 20:50:49,1,0,1,0,0
2026-03-10 20:50:49,1,0,1,0,0
2026-03-10 20:50:49,1,0,1,0,0
2026-03-10 20:50:49,1,0,1,0,0
2026-03-10 20:50:50,1,0,1,0,0
2026-03-10 20:50:50,1,0,1,0,0
2026-03-10 20:50:50,1,0,1,0,0
2026-03-10 20:50:50,1,0,1,0,0
2026-03-10 20:50:50,1,0,1,0,0
2026-03-10 20:50:50,1,0,1,0,0
2026-03-10 20:50:51,1,0,1,0,0
2026-03-10 20:50:51,1,0,1,0,0
2026-03-10 20:50:51,1,0,1,0,0
2026-03-10 20:50:51,1,0,1,0,0
2026-03-10 20:50:51,1,0,1,0,0
2026-03-10 20:50:51,1,0,1,0,0
2026-03-10 20:50:52,1,0,1,0,0
2026-03-10 20:50:52,1,0,1,0,0
2026-03-10 20:50:52,1,0,1,0,0
2026-03-10 20:50:52,1,0,1,0,0
2026-03-10 20:50:52,1,0,1,0,0
2026-03-10 20:50:52,1,0,1,0,0
2026-03-10 20:50:53,1,0,1,0,0
2026-03-10 20:50:53,1,0,1,0,0
2026-03-10 20:50:53,1,0,1,0,0
2026-03-10 20:50:53,1,0,1,0,0
2026-03-10 20:50:53,1,0,1,0,0
2026-03-10 20:50:53,1,0,1,0,0
2026-03-10 20:50:54,1,0,1,0,0
2026-03-10 20:50:54,1,0,1,0,0
2026-03-10 20:50:54,1,0,1,0,0
2026-03-10 20:50:54,1,0,1,0,0
2026-03-10 20:50:54,1,0,1,0,0
2026-03-10 20:50:54,1,0,1,0,0
2026-03-10 20:50:55,1,0,1,0,0
2026-03-10 20:50:55,1,0,1,0,0
2026-03-10 20:50:55,1,0,1,0,0
2026-03-10 20:50:55,1,0,1,0,0
2026-03-10 20:50:55,1,0,1,0,0
2026-03-10 20:50:56,1,0,1,0,0
2026-03-10 20:50:56,1,0,1,0,0
2026-03-10 20:50:56,1,0,1,0,0
2026-03-10 20:50:56,1,0,1,0,0
2026-03-10 20:50:56,1,0,1,0,0
2026-03-10 20:50:56,1,0,1,0,0
2026-03-10 20:50:57,1,0,1,0,0
2026-03-10 20:50:57,1,0,1,0,0
2026-03-10 20:50:57,1,0,1,0,0
2026-03-10 20:50:57,1,0,1,0,0
2026-03-10 20:50:57,1,0,1,0,0
2026-03-10 20:50:57,1,0,1,0,0
2026-03-10 20:50:58,1,0,1,0,0
2026-03-10 20:50:58,1,0,1,0,0
2026-03-10 20:50:58,1,0,1,0,0
2026-03-10 20:50:58,1,0,1,0,0
2026-03-10 20:50:58,1,0,1,0,0
2026-03-10 20:50:58,1,0,1,0,0
2026-03-10 20:50:59,1,0,1,0,0
2026-03-10 20:50:59,1,0,1,0,0
2026-03-10 20:50:59,1,0,1,0,0
2026-03-10 20:50:59,1,0,1,0,0
2026-03-10 20:50:59,1,0,1,0,0
2026-03-10 20:50:59,1,0,1,0,0
2026-03-10 20:51:00,1,0,1,0,0
2026-03-10 20:51:00,1,0,1,0,0
2026-03-10 20:51:00,1,0,1,0,0
2026-03-10 20:51:00,1,0,1,0,0
2026-03-10 20:51:00,1,0,1,0,0
2026-03-10 20:51:00,1,0,1,0,0
2026-03-10 20:51:01,1,0,1,0,0
2026-03-10 20:51:01,1,0,1,0,0
2026-03-10 20:51:01,1,0,1,0,0
2026-03-10 20:51:01,1,0,1,0,0
2026-03-10 20:51:01,1,0,1,0,0
2026-03-10 20:51:02,1,0,1,0,0
2026-03-10 20:51:02,1,0,1,0,0
2026-03-10 20:51:02,1,0,1,0,0
2026-03-10 20:51:02,1,0,1,0,0
2026-03-10 20:51:02,1,0,1,0,0
2026-03-10 20:51:02,1,0,1,0,0
2026-03-10 20:51:03,1,0,1,0,0
2026-03-10 20:51:03,1,0,1,0,0
2026-03-10 20:51:03,1,0,1,0,0
2026-03-10 20:51:03,1,0,1,0,0
2026-03-10 20:51:03,1,0,1,0,0
2026-03-10 20:51:03,1,0,1,0,0
2026-03-10 20:51:04,1,0,1,0,0
2026-03-10 20:51:04,1,0,1,0,0
2026-03-10 20:51:04,1,0,1,0,0
2026-03-10 20:51:04,1,0,1,0,0
2026-03-10 20:51:04,1,0,1,0,0
2026-03-10 20:51:04,1,0,1,0,0
2026-03-10 20:51:05,1,0,1,0,0
2026-03-10 20:51:05,1,0,1,0,0
2026-03-10 20:51:05,1,0,1,0,0
2026-03-10 20:51:05,1,0,1,0,0
2026-03-10 20:51:05,1,0,1,0,0
2026-03-10 20:51:05,1,0,1,0,0
2026-03-10 20:51:06,1,0,1,0,0
2026-03-10 20:51:06,1,0,1,0,0
2026-03-10 20:51:06,1,0,1,0,0
2026-03-10 20:51:06,1,0,1,0,0
2026-03-10 20:51:06,1,0,1,0,0
2026-03-10 20:51:07,1,0,1,0,0
2026-03-10 20:51:07,1,0,1,0,0
2026-03-10 20:51:07,1,0,1,0,0
2026-03-10 20:51:07,1,0,1,0,0
2026-03-10 20:51:07,1,0,1,0,0
2026-03-10 20:51:08,1,0,1,0,0
2026-03-10 20:51:08,1,0,1,0,0
2026-03-10 20:51:08,1,0,1,0,0
2026-03-10 20:51:08,1,0,1,0,0
2026-03-10 20:51:08,1,0,1,0,0
2026-03-10 20:51:08,1,0,1,0,0
2026-03-10 20:51:09,1,0,1,0,0
2026-03-10 20:51:09,1,0,1,0,0
2026-03-10 20:51:09,1,0,1,0,0
2026-03-10 20:51:09,1,0,1,0,0
2026-03-10 20:51:09,1,0,1,0,0
2026-03-10 20:51:09,1,0,1,0,0
2026-03-10 20:51:10,1,0,1,0,0
2026-03-10 20:51:10,1,0,1,0,0
2026-03-10 20:51:10,1,0,1,0,0
2026-03-10 20:51:10,1,0,1,0,0
2026-03-10 20:51:10,1,0,1,0,0
2026-03-10 20:51:10,1,0,1,0,0
2026-03-10 20:51:11,1,0,1,0,0
2026-03-10 20:51:11,1,0,1,0,0
2026-03-10 20:51:11,1,0,1,0,0
2026-03-10 20:51:11,1,0,1,0,0
2026-03-10 20:51:11,1,0,1,0,0
2026-03-10 20:51:12,1,0,1,0,0
2026-03-10 20:51:12,1,0,1,0,0
2026-03-10 20:51:12,1,0,1,0,0
2026-03-10 20:51:12,1,0,1,0,0
2026-03-10 20:51:12,1,0,1,0,0
2026-03-10 20:51:12,1,0,1,0,0
2026-03-10 20:51:13,1,0,1,0,0
2026-03-10 20:51:13,1,0,1,0,0
2026-03-10 20:51:13,1,0,1,0,0
2026-03-10 20:51:13,1,0,1,0,0
2026-03-10 20:51:13,1,0,1,0,0
2026-03-10 20:51:13,1,0,1,0,0
2026-03-10 20:51:14,1,0,1,0,0
2026-03-10 20:51:14,1,0,1,0,0
2026-03-10 20:51:14,1,0,1,0,0
2026-03-10 20:51:14,1,0,1,0,0
2026-03-10 20:51:14,1,0,1,0,0
2026-03-10 20:51:14,1,0,1,0,0
2026-03-10 20:51:15,1,0,1,0,0
2026-03-10 20:51:15,1,0,1,0,0
2026-03-10 20:51:15,1,0,1,0,0
2026-03-10 20:51:15,1,0,1,0,0
2026-03-10 20:51:15,1,0,1,0,0
2026-03-10 20:51:15,1,0,1,0,0
2026-03-10 20:51:16,1,0,1,0,0
2026-03-10 20:51:16,1,0,1,0,0
2026-03-10 20:51:16,1,0,1,0,0
2026-03-10 20:51:16,1,0,1,0,0
2026-03-10 20:51:16,1,0,1,0,0
2026-03-10 20:51:16,1,0,1,0,0
2026-03-10 20:51:17,1,0,1,0,0
2026-03-10 20:51:17,1,0,1,0,0
2026-03-10 20:51:17,1,0,1,0,0
2026-03-10 20:51:17,1,0,1,0,0
2026-03-10 20:51:17,1,0,1,0,0
2026-03-10 20:51:17,1,0,1,0,0
2026-03-10 20:51:18,1,0,1,0,0
2026-03-10 20:51:18,1,0,1,0,0
2026-03-10 20:51:18,1,0,1,0,0
2026-03-10 20:51:18,1,0,1,0,0
2026-03-10 20:51:18,1,0,1,0,0
2026-03-10 20:51:18,1,0,1,0,0
2026-03-10 20:51:19,1,0,1,0,0
2026-03-10 20:51:19,1,0,1,0,0
2026-03-10 20:51:19,1,0,1,0,0
2026-03-10 20:51:19,1,0,1,0,0
2026-03-10 20:51:19,1,0,1,0,0
2026-03-10 20:51:19,1,0,1,0,0
2026-03-10 20:51:20,1,0,1,0,0
2026-03-10 20:51:20,1,0,1,0,0
2026-03-10 20:51:20,1,0,1,0,0
2026-03-10 20:51:20,1,0,1,0,0
2026-03-10 20:51:20,1,0,1,0,0
2026-03-10 20:51:20,1,0,1,0,0
2026-03-10 20:51:21,1,0,1,0,0
2026-03-10 20:51:21,1,0,1,0,0
2026-03-10 20:51:21,1,0,1,0,0
2026-03-10 20:51:21,1,0,1,0,0
2026-03-10 20:51:21,1,0,1,0,0
2026-03-10 20:51:21,1,0,1,0,0
2026-03-10 20:51:22,1,0,1,0,0
2026-03-10 20:51:22,1,0,1,0,0
2026-03-10 20:51:22,1,0,1,0,0
2026-03-10 20:51:22,1,0,1,0,0
2026-03-10 20:51:22,1,0,1,0,0
2026-03-10 20:51:23,1,0,1,0,0
2026-03-10 20:51:23,1,0,1,0,0
2026-03-10 20:51:23,1,0,1,0,0
2026-03-10 20:51:23,1,0,1,0,0
2026-03-10 20:51:23,1,0,1,0,0
2026-03-10 20:51:23,1,0,1,0,0
2026-03-10 20:51:24,1,0,1,0,0
2026-03-10 20:51:24,1,0,1,0,0
2026-03-10 20:51:24,1,0,1,0,0
2026-03-10 20:51:24,1,0,1,0,0
2026-03-10 20:51:24,1,0,1,0,0
2026-03-10 20:51:24,1,0,1,0,0
2026-03-10 20:51:25,1,0,1,0,0
2026-03-10 20:51:25,1,0,1,0,0
2026-03-10 20:51:25,1,0,1,0,0
2026-03-10 20:51:25,1,0,1,0,0
2026-03-10 20:51:25,1,0,1,0,0
2026-03-10 20:51:25,1,0,1,0,0
2026-03-10 20:51:26,1,0,1,0,0
2026-03-10 20:51:26,1,0,1,0,0
2026-03-10 20:51:26,1,0,1,0,0
2026-03-10 20:51:26,1,0,1,0,0
2026-03-10 20:51:26,1,0,1,0,0
2026-03-10 20:51:26,1,0,1,0,0
2026-03-10 20:51:27,1,0,1,0,0
2026-03-10 20:51:27,1,0,1,0,0
2026-03-10 20:51:27,1,0,1,0,0
2026-03-10 20:51:27,1,0,1,0,0
2026-03-10 20:51:27,1,0,1,0,0
2026-03-10 20:51:27,1,0,1,0,0
2026-03-10 20:51:28,1,0,1,0,0
2026-03-10 20:51:28,1,0,1,0,0
2026-03-10 20:51:28,1,0,1,0,0
2026-03-10 20:51:28,1,0,1,0,0
2026-03-10 20:51:28,1,0,1,0,0
2026-03-10 20:51:28,1,0,1,0,0
2026-03-10 20:51:29,1,0,1,0,0
2026-03-10 20:51:29,1,0,1,0,0
2026-03-10 20:51:29,1,0,1,0,0
2026-03-10 20:51:29,1,0,1,0,0
2026-03-10 20:51:29,1,0,1,0,0
2026-03-10 20:51:29,1,0,1,0,0
2026-03-10 20:51:30,1,0,1,0,0
2026-03-10 20:51:30,1,0,1,0,0
2026-03-10 20:51:30,1,0,1,0,0
2026-03-10 20:51:30,1,0,1,0,0
2026-03-10 20:51:30,1,0,1,0,0
2026-03-10 20:51:30,1,0,1,0,0
2026-03-10 20:51:31,1,0,1,0,0
2026-03-10 20:51:31,1,0,1,0,0
2026-03-10 20:51:31,1,0,1,0,0
2026-03-10 20:51:31,1,0,1,0,0
2026-03-10 20:51:31,1,0,1,0,0
2026-03-10 20:51:31,1,0,1,0,0
2026-03-10 20:51:32,1,0,1,0,0
2026-03-10 20:51:32,1,0,1,0,0
2026-03-10 20:51:32,1,0,1,0,0
2026-03-10 20:51:32,1,0,1,0,0
2026-03-10 20:51:32,1,0,1,0,0
2026-03-10 20:51:32,1,0,1,0,0
2026-03-10 20:51:33,1,0,1,0,0
2026-03-10 20:51:33,1,0,1,0,0
2026-03-10 20:51:33,1,0,1,0,0
2026-03-10 20:51:33,1,0,1,0,0
2026-03-10 20:51:33,1,0,1,0,0
2026-03-10 20:51:33,1,0,1,0,0
2026-03-10 20:51:34,1,0,1,0,0
2026-03-10 20:51:34,1,0,1,0,0
2026-03-10 20:51:34,1,0,1,0,0
2026-03-10 20:51:34,1,0,1,0,0
2026-03-10 20:51:34,1,0,1,0,0
2026-03-10 20:51:34,1,0,1,0,0
2026-03-10 20:51:35,1,0,1,0,0
2026-03-10 20:51:35,1,0,1,0,0
2026-03-10 20:51:35,1,0,1,0,0
2026-03-10 20:51:35,1,0,1,0,0
2026-03-10 20:51:35,1,0,1,0,0
2026-03-10 20:51:35,1,0,1,0,0
2026-03-10 20:51:36,1,0,1,0,0
2026-03-10 20:51:36,1,0,1,0,0
2026-03-10 20:51:36,1,0,1,0,0
2026-03-10 20:51:36,1,0,1,0,0
2026-03-10 20:51:36,1,0,1,0,0
2026-03-10 20:51:36,1,0,1,0,0
2026-03-10 20:51:37,1,0,1,0,0
2026-03-10 20:51:37,1,0,1,0,0
2026-03-10 20:51:37,1,0,1,0,0
2026-03-10 20:51:37,1,0,1,0,0
2026-03-10 20:51:37,1,0,1,0,0
2026-03-10 20:51:37,1,0,1,0,0
2026-03-10 20:51:38,1,0,1,0,0
2026-03-10 20:51:38,1,0,1,0,0
2026-03-10 20:51:38,1,0,1,0,0
2026-03-10 20:51:38,1,0,1,0,0
2026-03-10 20:51:38,1,0,1,0,0
2026-03-10 20:51:38,1,0,1,0,0
2026-03-10 20:51:39,1,0,1,0,0
2026-03-10 20:51:39,1,0,1,0,0
2026-03-10 20:51:39,1,0,1,0,0
2026-03-10 20:51:39,1,0,1,0,0
2026-03-10 20:51:39,1,0,1,0,0
2026-03-10 20:51:39,1,0,1,0,0
2026-03-10 20:51:40,1,0,1,0,0
2026-03-10 20:51:40,1,0,1,0,0
2026-03-10 20:51:40,1,0,1,0,0
2026-03-10 20:51:40,1,0,1,0,0
2026-03-10 20:51:40,1,0,1,0,0
2026-03-10 20:51:40,1,0,1,0,0
2026-03-10 20:51:41,1,0,1,0,0
2026-03-10 20:51:41,1,0,1,0,0
2026-03-10 20:51:41,1,0,1,0,0
2026-03-10 20:51:41,1,0,1,0,0
2026-03-10 20:51:41,1,0,1,0,0
2026-03-10 20:51:42,1,0,1,0,0
2026-03-10 20:51:42,1,0,1,0,0
2026-03-10 20:51:42,1,0,1,0,0
2026-03-10 20:51:42,1,0,1,0,0
2026-03-10 20:51:42,1,0,1,0,0
2026-03-10 20:51:42,1,0,1,0,0
2026-03-10 20:51:43,1,0,1,0,0
2026-03-10 20:51:43,1,0,1,0,0
2026-03-10 20:51:43,1,0,1,0,0
2026-03-10 20:51:43,1,0,1,0,0
2026-03-10 20:51:43,1,0,1,0,0
2026-03-10 20:51:43,1,0,1,0,0
2026-03-10 20:51:44,1,0,1,0,0
2026-03-10 20:51:44,1,0,1,0,0
2026-03-10 20:51:44,1,0,1,0,0
2026-03-10 20:51:44,1,0,1,0,0
2026-03-10 20:51:44,1,0,1,0,0
2026-03-10 20:51:44,1,0,1,0,0
2026-03-10 20:51:45,1,0,1,0,0
2026-03-10 20:51:45,1,0,1,0,0
2026-03-10 20:51:45,1,0,1,0,0
2026-03-10 20:51:45,1,0,1,0,0
2026-03-10 20:51:45,1,0,1,0,0
2026-03-10 20:51:45,1,0,1,0,0
2026-03-10 20:51:46,1,0,1,0,0
2026-03-10 20:51:46,1,0,1,0,0
2026-03-10 20:51:46,1,0,1,0,0
2026-03-10 20:51:46,1,0,1,0,0
2026-03-10 20:51:46,1,0,1,0,0
2026-03-10 20:51:46,1,0,1,0,0
2026-03-10 20:51:47,1,0,1,0,0
2026-03-10 20:51:47,1,0,1,0,0
2026-03-10 20:51:47,1,0,1,0,0
2026-03-10 20:51:47,1,0,1,0,0
2026-03-10 20:51:47,1,0,1,0,0
2026-03-10 20:51:47,1,0,1,0,0
2026-03-10 20:51:48,1,0,1,0,0
2026-03-10 20:51:48,1,0,1,0,0
2026-03-10 20:51:48,1,0,1,0,0
2026-03-10 20:51:48,1,0,1,0,0
2026-03-10 20:51:48,1,0,1,0,0
2026-03-10 20:51:48,1,0,1,0,0
2026-03-10 20:51:49,1,0,1,0,0
2026-03-10 20:51:49,1,0,1,0,0
2026-03-10 20:51:49,1,0,1,0,0
2026-03-10 20:51:49,1,0,1,0,0
2026-03-10 20:51:49,1,0,1,0,0
2026-03-10 20:51:50,1,0,1,0,0
2026-03-10 20:51:50,1,0,1,0,0
2026-03-10 20:51:50,1,0,1,0,0
2026-03-10 20:51:50,1,0,1,0,0
2026-03-10 20:51:50,1,0,1,0,0
2026-03-10 20:51:50,1,0,1,0,0
2026-03-10 20:51:51,1,0,1,0,0
2026-03-10 20:51:51,1,0,1,0,0
2026-03-10 20:51:51,1,0,1,0,0
2026-03-10 20:51:51,1,0,1,0,0
2026-03-10 20:51:51,1,0,1,0,0
2026-03-10 20:51:51,1,0,1,0,0
2026-03-10 20:51:52,1,0,1,0,0
2026-03-10 20:51:52,1,0,1,0,0
2026-03-10 20:51:52,1,0,1,0,0
2026-03-10 20:51:52,1,0,1,0,0
2026-03-10 20:51:52,1,0,1,0,0
2026-03-10 20:51:52,1,0,1,0,0
2026-03-10 20:51:53,1,0,1,0,0
2026-03-10 20:51:53,1,0,1,0,0
2026-03-10 20:51:53,1,0,1,0,0
2026-03-10 20:51:53,1,0,1,0,0
2026-03-10 20:51:53,1,0,1,0,0
2026-03-10 20:51:53,1,0,1,0,0
2026-03-10 20:51:54,1,0,1,0,0
2026-03-10 20:51:54,1,0,1,0,0
2026-03-10 20:51:54,1,0,1,0,0
2026-03-10 20:51:54,1,0,1,0,0
2026-03-10 20:51:54,1,0,1,0,0
2026-03-10 20:51:54,1,0,1,0,0
2026-03-10 20:51:55,1,0,1,0,0
2026-03-10 20:51:55,1,0,1,0,0
2026-03-10 20:51:55,1,0,1,0,0
2026-03-10 20:51:55,1,0,1,0,0
2026-03-10 20:51:55,1,0,1,0,0
2026-03-10 20:51:55,1,0,1,0,0
2026-03-10 20:51:56,1,0,1,0,0
2026-03-10 20:51:56,1,0,1,0,0
2026-03-10 20:51:56,1,0,1,0,0
2026-03-10 20:51:56,1,0,1,0,0
2026-03-10 20:51:56,1,0,1,0,0
2026-03-10 20:51:56,1,0,1,0,0
2026-03-10 20:51:57,1,0,1,0,0
2026-03-10 20:51:57,1,0,1,0,0
2026-03-10 20:51:57,1,0,1,0,0
2026-03-10 20:51:57,1,0,1,0,0
2026-03-10 20:51:57,1,0,1,0,0
2026-03-10 20:51:57,1,0,1,0,0
2026-03-10 20:51:58,1,0,1,0,0
2026-03-10 20:51:58,1,0,1,0,0
2026-03-10 20:51:58,1,0,1,0,0
2026-03-10 20:51:58,1,0,1,0,0
2026-03-10 20:51:58,1,0,1,0,0
2026-03-10 20:51:58,1,0,1,0,0
2026-03-10 20:51:59,1,0,1,0,0
2026-03-10 20:51:59,1,0,1,0,0
2026-03-10 20:51:59,1,0,1,0,0
2026-03-10 20:51:59,1,0,1,0,0
2026-03-10 20:51:59,1,0,1,0,0
2026-03-10 20:51:59,1,0,1,0,0
2026-03-10 20:52:00,1,0,1,0,0
2026-03-10 20:52:00,1,0,1,0,0
2026-03-10 20:52:00,1,0,1,0,0
2026-03-10 20:52:00,1,0,1,0,0
2026-03-10 20:52:00,1,0,1,0,0
2026-03-10 20:52:01,1,0,1,0,0
2026-03-10 20:52:01,1,0,1,0,0
2026-03-10 20:52:01,1,0,1,0,0
2026-03-10 20:52:01,1,0,1,0,0
2026-03-10 20:52:01,1,0,1,0,0
2026-03-10 20:52:01,1,0,1,0,0
2026-03-10 20:52:02,1,0,1,0,0
2026-03-10 20:52:02,1,0,1,0,0
2026-03-10 20:52:02,1,0,1,0,0
2026-03-10 20:52:02,1,0,1,0,0
2026-03-10 20:52:02,1,0,1,0,0
2026-03-10 20:52:02,1,0,1,0,0
2026-03-10 20:52:03,1,0,1,0,0
2026-03-10 20:52:03,1,0,1,0,0
2026-03-10 20:52:03,1,0,1,0,0
2026-03-10 20:52:03,1,0,1,0,0
2026-03-10 20:52:03,1,0,1,0,0
2026-03-10 20:52:03,1,0,1,0,0
2026-03-10 20:52:04,1,0,1,0,0
2026-03-10 20:52:04,1,0,1,0,0
2026-03-10 20:52:04,1,0,1,0,0
2026-03-10 20:52:04,1,0,1,0,0
2026-03-10 20:52:04,1,0,1,0,0
2026-03-10 20:52:05,1,0,1,0,0
2026-03-10 20:52:05,1,0,1,0,0
2026-03-10 20:52:05,1,0,1,0,0
2026-03-10 20:52:05,1,0,1,0,0
2026-03-10 20:52:05,1,0,1,0,0
2026-03-10 20:52:05,1,0,1,0,0
2026-03-10 20:52:06,1,0,1,0,0
2026-03-10 20:52:06,1,0,1,0,0
2026-03-10 20:52:06,1,0,1,0,0
2026-03-10 20:52:06,1,0,1,0,0
2026-03-10 20:52:06,1,0,1,0,0
2026-03-10 20:52:06,1,0,1,0,0
2026-03-10 20:52:07,1,0,1,0,0
2026-03-10 20:52:07,1,0,1,0,0
2026-03-10 20:52:07,1,0,1,0,0
2026-03-10 20:52:07,1,0,1,0,0
2026-03-10 20:52:07,1,0,1,0,0
2026-03-10 20:52:07,1,0,1,0,0
2026-03-10 20:52:08,1,0,1,0,0
2026-03-10 20:52:08,1,0,1,0,0
2026-03-10 20:52:08,1,0,1,0,0
2026-03-10 20:52:08,1,0,1,0,0
2026-03-10 20:52:08,1,0,1,0,0
2026-03-10 20:52:08,1,0,1,0,0
2026-03-10 20:52:09,1,0,1,0,0
2026-03-10 20:52:09,1,0,1,0,0
2026-03-10 20:52:09,1,0,1,0,0
2026-03-10 20:52:09,1,0,1,0,0
2026-03-10 20:52:09,1,0,1,0,0
2026-03-10 20:52:09,1,0,1,0,0
2026-03-10 20:52:10,1,0,1,0,0
2026-03-10 20:52:10,1,0,1,0,0
2026-03-10 20:52:10,1,0,1,0,0
2026-03-10 20:52:10,1,0,1,0,0
2026-03-10 20:52:10,1,0,1,0,0
2026-03-10 20:52:10,1,0,1,0,0
2026-03-10 20:52:11,1,0,1,0,0
2026-03-10 20:52:11,1,0,1,0,0
2026-03-10 20:52:11,1,0,1,0,0
2026-03-10 20:52:11,1,0,1,0,0
2026-03-10 20:52:11,1,0,1,0,0
2026-03-10 20:52:11,1,0,1,0,0
2026-03-10 20:52:12,1,0,1,0,0
2026-03-10 20:52:12,1,0,1,0,0
2026-03-10 20:52:12,1,0,1,0,0
2026-03-10 20:52:12,1,0,1,0,0
2026-03-10 20:52:12,1,0,1,0,0
2026-03-10 20:52:12,1,0,1,0,0
2026-03-10 20:52:13,1,0,1,0,0
2026-03-10 20:52:13,1,0,1,0,0
2026-03-10 20:52:13,1,0,1,0,0
2026-03-10 20:52:13,1,0,1,0,0
2026-03-10 20:52:13,1,0,1,0,0
2026-03-10 20:52:13,1,0,1,0,0
2026-03-10 20:52:14,1,0,1,0,0
2026-03-10 20:52:14,1,0,1,0,0
2026-03-10 20:52:14,1,0,1,0,0
2026-03-10 20:52:14,1,0,1,0,0
2026-03-10 20:52:14,1,0,1,0,0
2026-03-10 20:52:14,1,0,1,0,0
2026-03-10 20:52:15,1,0,1,0,0
2026-03-10 20:52:15,1,0,1,0,0
2026-03-10 20:52:15,1,0,1,0,0
2026-03-10 20:52:15,1,0,1,0,0
2026-03-10 20:52:15,1,0,1,0,0
2026-03-10 20:52:15,1,0,1,0,0
2026-03-10 20:52:16,1,0,1,0,0
2026-03-10 20:52:16,1,0,1,0,0
2026-03-10 20:52:16,1,0,1,0,0
2026-03-10 20:52:16,1,0,1,0,0
2026-03-10 20:52:16,1,0,1,0,0
2026-03-10 20:52:16,1,0,1,0,0
2026-03-10 20:52:17,1,0,1,0,0
2026-03-10 20:52:17,1,0,1,0,0
2026-03-10 20:52:17,1,0,1,0,0
2026-03-10 20:52:17,1,0,1,0,0
2026-03-10 20:52:17,1,0,1,0,0
2026-03-10 20:52:17,1,0,1,0,0
2026-03-10 20:52:18,1,0,1,0,0
2026-03-10 20:52:18,1,0,1,0,0
2026-03-10 20:52:18,1,0,1,0,0
2026-03-10 20:52:18,1,0,1,0,0
2026-03-10 20:52:18,1,0,1,0,0
2026-03-10 20:52:18,1,0,1,0,0
2026-03-10 20:52:19,1,0,1,0,0
2026-03-10 20:52:19,1,0,1,0,0
2026-03-10 20:52:19,1,0,1,0,0
2026-03-10 20:52:19,1,0,1,0,0
2026-03-10 20:52:19,1,0,1,0,0
2026-03-10 20:52:20,1,0,1,0,0
2026-03-10 20:52:20,1,0,1,0,0
2026-03-10 20:52:20,1,0,1,0,0
2026-03-10 20:52:20,1,0,1,0,0
2026-03-10 20:52:20,1,0,1,0,0
2026-03-10 20:52:20,1,0,1,0,0
2026-03-10 20:52:21,1,0,1,0,0
2026-03-10 20:52:21,1,0,1,0,0
2026-03-10 20:52:21,1,0,1,0,0
2026-03-10 20:52:21,1,0,1,0,0
2026-03-10 20:52:21,1,0,1,0,0
2026-03-10 20:52:21,1,0,1,0,0
2026-03-10 20:52:22,1,0,1,0,0
2026-03-10 20:52:22,1,0,1,0,0
2026-03-10 20:52:22,1,0,1,0,0
2026-03-10 20:52:22,1,0,1,0,0
2026-03-10 20:52:22,1,0,1,0,0
2026-03-10 20:52:22,1,0,1,0,0
2026-03-10 20:52:23,1,0,1,0,0
2026-03-10 20:52:23,1,0,1,0,0
2026-03-10 20:52:23,1,0,1,0,0
2026-03-10 20:52:23,1,0,1,0,0
2026-03-10 20:52:23,1,0,1,0,0
2026-03-10 20:52:23,1,0,1,0,0
2026-03-10 20:52:24,1,0,1,0,0
2026-03-10 20:52:24,1,0,1,0,0
2026-03-10 20:52:24,1,0,1,0,0
2026-03-10 20:52:24,1,0,1,0,0
2026-03-10 20:52:24,1,0,1,0,0
2026-03-10 20:52:24,1,0,1,0,0
2026-03-10 20:52:25,1,0,1,0,0
2026-03-10 20:52:25,1,0,1,0,0
2026-03-10 20:52:25,1,0,1,0,0
2026-03-10 20:52:25,1,0,1,0,0
2026-03-10 20:52:25,1,0,1,0,0
2026-03-10 20:52:25,1,0,1,0,0
2026-03-10 20:52:26,1,0,1,0,0
2026-03-10 20:52:26,1,0,1,0,0
2026-03-10 20:52:26,1,0,1,0,0
2026-03-10 20:52:26,1,0,1,0,0
2026-03-10 20:52:26,1,0,1,0,0
2026-03-10 20:52:26,1,0,1,0,0
2026-03-10 20:52:27,1,0,1,0,0
2026-03-10 20:52:27,1,0,1,0,0
2026-03-10 20:52:27,1,0,1,0,0
2026-03-10 20:52:27,1,0,1,0,0
2026-03-10 20:52:27,1,0,1,0,0
2026-03-10 20:52:27,1,0,1,0,0
2026-03-10 20:52:28,1,0,1,0,0
2026-03-10 20:52:28,1,0,1,0,0
2026-03-10 20:52:28,1,0,1,0,0
2026-03-10 20:52:28,1,0,1,0,0
2026-03-10 20:52:28,1,0,1,0,0
2026-03-10 20:52:28,1,0,1,0,0
2026-03-10 20:52:29,1,0,1,0,0
2026-03-10 20:52:29,1,0,1,0,0
2026-03-10 20:52:29,1,0,1,0,0
2026-03-10 20:52:29,1,0,1,0,0
2026-03-10 20:52:29,1,0,1,0,0
2026-03-10 20:52:29,1,0,1,0,0
2026-03-10 20:52:30,1,0,1,0,0
2026-03-10 20:52:30,1,0,1,0,0
2026-03-10 20:52:30,1,0,1,0,0
2026-03-10 20:52:30,1,0,1,0,0
2026-03-10 20:52:30,1,0,1,0,0
2026-03-10 20:52:30,1,0,1,0,0
2026-03-10 20:52:31,1,0,1,0,0
2026-03-10 20:52:31,1,0,1,0,0
2026-03-10 20:52:31,1,0,1,0,0
2026-03-10 20:52:31,1,0,1,0,0
2026-03-10 20:52:31,1,0,1,0,0
2026-03-10 20:52:31,1,0,1,0,0
2026-03-10 20:52:32,1,0,1,0,0
2026-03-10 20:52:32,1,0,1,0,0
2026-03-10 20:52:32,1,0,1,0,0
2026-03-10 20:52:32,1,0,1,0,0
2026-03-10 20:52:32,1,0,1,0,0
2026-03-10 20:52:32,1,0,1,0,0
2026-03-10 20:52:33,1,0,1,0,0
2026-03-10 20:52:33,1,0,1,0,0
2026-03-10 20:52:33,1,0,1,0,0
2026-03-10 20:52:33,1,0,1,0,0
2026-03-10 20:52:33,1,0,1,0,0
2026-03-10 20:52:33,1,0,1,0,0
2026-03-10 20:52:34,1,0,1,0,0
2026-03-10 20:52:34,1,0,1,0,0
2026-03-10 20:52:34,1,0,1,0,0
2026-03-10 20:52:34,1,0,1,0,0
2026-03-10 20:52:34,1,0,1,0,0
2026-03-10 20:52:35,1,0,1,0,0
2026-03-10 20:52:35,1,0,1,0,0
2026-03-10 20:52:35,1,0,1,0,0
2026-03-10 20:52:35,1,0,1,0,0
2026-03-10 20:52:35,1,0,1,0,0
2026-03-10 20:52:35,1,0,1,0,0
2026-03-10 20:52:36,1,0,1,0,0
2026-03-10 20:52:36,1,0,1,0,0
2026-03-10 20:52:36,1,0,1,0,0
2026-03-10 20:52:36,1,0,1,0,0
2026-03-10 20:52:36,1,0,1,0,0
2026-03-10 20:52:36,1,0,1,0,0
2026-03-10 20:52:37,1,0,1,0,0
2026-03-10 20:52:37,1,0,1,0,0
2026-03-10 20:52:37,1,0,1,0,0
2026-03-10 20:52:37,1,0,1,0,0
2026-03-10 20:52:37,1,0,1,0,0
2026-03-10 20:52:38,1,0,1,0,0
2026-03-10 20:52:38,1,0,1,0,0
2026-03-10 20:52:38,1,0,1,0,0
2026-03-10 20:52:38,1,0,1,0,0
2026-03-10 20:52:38,1,0,1,0,0
2026-03-10 20:52:38,1,0,1,0,0
2026-03-10 20:52:39,1,0,1,0,0
2026-03-10 20:52:39,1,0,1,0,0
2026-03-10 20:52:39,1,0,1,0,0
2026-03-10 20:52:39,1,0,1,0,0
2026-03-10 20:52:39,1,0,1,0,0
2026-03-10 20:52:39,1,0,1,0,0
2026-03-10 20:52:40,1,0,1,0,0
2026-03-10 20:52:40,1,0,1,0,0
2026-03-10 20:52:40,1,0,1,0,0
2026-03-10 20:52:40,1,0,1,0,0
2026-03-10 20:52:40,1,0,1,0,0
2026-03-10 20:52:41,1,0,1,0,0
2026-03-10 20:52:41,1,0,1,0,0
2026-03-10 20:52:41,1,0,1,0,0
2026-03-10 20:52:41,1,0,1,0,0
2026-03-10 20:52:41,1,0,1,0,0
2026-03-10 20:52:41,1,0,1,0,0
2026-03-10 20:52:42,1,0,1,0,0
2026-03-10 20:52:42,1,0,1,0,0
2026-03-10 20:52:42,1,0,1,0,0
2026-03-10 20:52:42,1,0,1,0,0
2026-03-10 20:52:42,1,0,1,0,0
2026-03-10 20:52:42,1,0,1,0,0
2026-03-10 20:52:43,1,0,1,0,0
2026-03-10 20:52:43,1,0,1,0,0
2026-03-10 20:52:43,1,0,1,0,0
2026-03-10 20:52:43,1,0,1,0,0
2026-03-10 20:52:43,1,0,1,0,0
2026-03-10 20:52:43,1,0,1,0,0
2026-03-10 20:52:44,1,0,1,0,0
2026-03-10 20:52:44,1,0,1,0,0
2026-03-10 20:52:44,1,0,1,0,0
2026-03-10 20:52:44,1,0,1,0,0
2026-03-10 20:52:44,1,0,1,0,0
2026-03-10 20:52:44,1,0,1,0,0
2026-03-10 20:52:45,1,0,1,0,0
2026-03-10 20:52:45,1,0,1,0,0
2026-03-10 20:52:45,1,0,1,0,0
2026-03-10 20:52:45,1,0,1,0,0
2026-03-10 20:52:45,1,0,1,0,0
2026-03-10 20:52:46,1,0,1,0,0
2026-03-10 20:52:46,1,0,1,0,0
2026-03-10 20:52:46,1,0,1,0,0
2026-03-10 20:52:46,1,0,1,0,0
2026-03-10 20:52:46,1,0,1,0,0
2026-03-10 20:52:46,1,0,1,0,0
2026-03-10 20:52:47,1,0,1,0,0
2026-03-10 20:52:47,1,0,1,0,0
2026-03-10 20:52:47,1,0,1,0,0
2026-03-10 20:52:47,1,0,1,0,0
2026-03-10 20:52:47,1,0,1,0,0
2026-03-10 20:52:47,1,0,1,0,0
2026-03-10 20:52:48,1,0,1,0,0
2026-03-10 20:52:48,1,0,1,0,0
2026-03-10 20:52:48,1,0,1,0,0
2026-03-10 20:52:48,1,0,1,0,0
2026-03-10 20:52:48,1,0,1,0,0
2026-03-10 20:52:48,1,0,1,0,0
2026-03-10 20:52:49,1,0,1,0,0
2026-03-10 20:52:49,1,0,1,0,0
2026-03-10 20:52:49,1,0,1,0,0
2026-03-10 20:52:49,1,0,1,0,0
2026-03-10 20:52:49,1,0,1,0,0
2026-03-10 20:52:49,1,0,1,0,0
2026-03-10 20:52:50,1,0,1,0,0
2026-03-10 20:52:50,1,0,1,0,0
2026-03-10 20:52:50,1,0,1,0,0
2026-03-10 20:52:50,1,0,1,0,0
2026-03-10 20:52:50,1,0,1,0,0
2026-03-10 20:52:50,1,0,1,0,0
2026-03-10 20:52:51,1,0,1,0,0
2026-03-10 20:52:51,1,0,1,0,0
2026-03-10 20:52:51,1,0,1,0,0
2026-03-10 20:52:51,1,0,1,0,0
2026-03-10 20:52:51,1,0,1,0,0
2026-03-10 20:52:51,1,0,1,0,0
2026-03-10 20:52:52,1,0,1,0,0
2026-03-10 20:52:52,1,0,1,0,0
2026-03-10 20:52:52,1,0,1,0,0
2026-03-10 20:52:52,1,0,1,0,0
2026-03-10 20:52:52,1,0,1,0,0
2026-03-10 20:52:53,1,0,1,0,0
2026-03-10 20:52:53,1,0,1,0,0
2026-03-10 20:52:53,1,0,1,0,0
2026-03-10 20:52:53,1,0,1,0,0
2026-03-10 20:52:53,1,0,1,0,0
2026-03-10 20:52:53,1,0,1,0,0
2026-03-10 20:52:54,1,0,1,0,0
2026-03-10 20:52:54,1,0,1,0,0
2026-03-10 20:52:54,1,0,1,0,0
2026-03-10 20:52:54,1,0,1,0,0
2026-03-10 20:52:54,1,0,1,0,0
2026-03-10 20:52:54,1,0,1,0,0
2026-03-10 20:52:55,1,0,1,0,0
2026-03-10 20:52:55,1,0,1,0,0
2026-03-10 20:52:55,1,0,1,0,0
2026-03-10 20:52:55,1,0,1,0,0
2026-03-10 20:52:55,1,0,1,0,0
2026-03-10 20:52:55,1,0,1,0,0
2026-03-10 20:52:56,1,0,1,0,0
2026-03-10 20:52:56,1,0,1,0,0
2026-03-10 20:52:56,1,0,1,0,0
2026-03-10 20:52:56,1,0,1,0,0
2026-03-10 20:52:56,1,0,1,0,0
2026-03-10 20:52:56,1,0,1,0,0
2026-03-10 20:52:57,1,0,1,0,0
2026-03-10 20:52:57,1,0,1,0,0
2026-03-10 20:52:57,1,0,1,0,0
2026-03-10 20:52:57,1,0,1,0,0
2026-03-10 20:52:57,1,0,1,0,0
2026-03-10 20:52:57,1,0,1,0,0
2026-03-10 20:52:58,1,0,1,0,0
2026-03-10 20:52:58,1,0,1,0,0
2026-03-10 20:52:58,1,0,1,0,0
2026-03-10 20:52:58,1,0,1,0,0
2026-03-10 20:52:58,1,0,1,0,0
2026-03-10 20:52:59,1,0,1,0,0
2026-03-10 20:52:59,1,0,1,0,0
2026-03-10 20:52:59,1,0,1,0,0
2026-03-10 20:52:59,1,0,1,0,0
2026-03-10 20:52:59,1,0,1,0,0
2026-03-10 20:52:59,1,0,1,0,0
2026-03-10 20:53:00,1,0,1,0,0
2026-03-10 20:53:00,1,0,1,0,0
2026-03-10 20:53:00,1,0,1,0,0
2026-03-10 20:53:00,1,0,1,0,0
2026-03-10 20:53:00,1,0,1,0,0
2026-03-10 20:53:00,1,0,1,0,0
2026-03-10 20:53:01,1,0,1,0,0
2026-03-10 20:53:01,1,0,1,0,0
2026-03-10 20:53:01,1,0,1,0,0
2026-03-10 20:53:01,1,0,1,0,0
2026-03-10 20:53:01,1,0,1,0,0
2026-03-10 20:53:01,1,0,1,0,0
2026-03-10 20:53:02,1,0,1,0,0
2026-03-10 20:53:02,1,0,1,0,0
2026-03-10 20:53:02,1,0,1,0,0
2026-03-10 20:53:02,1,0,1,0,0
2026-03-10 20:53:02,1,0,1,0,0
2026-03-10 20:53:02,1,0,1,0,0
2026-03-10 20:53:03,1,0,1,0,0
2026-03-10 20:53:03,1,0,1,0,0
2026-03-10 20:53:03,1,0,1,0,0
2026-03-10 20:53:03,1,0,1,0,0
2026-03-10 20:53:03,1,0,1,0,0
2026-03-10 20:53:03,1,0,1,0,0
2026-03-10 20:53:04,1,0,1,0,0
2026-03-10 20:53:04,1,0,1,0,0
2026-03-10 20:53:04,1,0,1,0,0
2026-03-10 20:53:04,1,0,1,0,0
2026-03-10 20:53:04,1,0,1,0,0
2026-03-10 20:53:04,1,0,1,0,0
2026-03-10 20:53:05,1,0,1,0,0
2026-03-10 20:53:05,1,0,1,0,0
2026-03-10 20:53:05,1,0,1,0,0
2026-03-10 20:53:05,1,0,1,0,0
2026-03-10 20:53:05,1,0,1,0,0
2026-03-10 20:53:06,1,0,1,0,0
2026-03-10 20:53:06,1,0,1,0,0
2026-03-10 20:53:06,1,0,1,0,0
2026-03-10 20:53:06,1,0,1,0,0
2026-03-10 20:53:06,1,0,1,0,0
2026-03-10 20:53:06,1,0,1,0,0
2026-03-10 20:53:07,1,0,1,0,0
2026-03-10 20:53:07,1,0,1,0,0
2026-03-10 20:53:07,1,0,1,0,0
2026-03-10 20:53:07,1,0,1,0,0
2026-03-10 20:53:07,1,0,1,0,0
2026-03-10 20:53:07,1,0,1,0,0
2026-03-10 20:53:08,1,0,1,0,0
2026-03-10 20:53:08,1,0,1,0,0
2026-03-10 20:53:08,1,0,1,0,0
2026-03-10 20:53:08,1,0,1,0,0
2026-03-10 20:53:08,1,0,1,0,0
2026-03-10 20:53:08,1,0,1,0,0
2026-03-10 20:53:09,1,0,1,0,0
2026-03-10 20:53:09,1,0,1,0,0
2026-03-10 20:53:09,1,0,1,0,0
2026-03-10 20:53:09,1,0,1,0,0
2026-03-10 20:53:09,1,0,1,0,0
2026-03-10 20:53:09,1,0,1,0,0
2026-03-10 20:53:10,1,0,1,0,0
2026-03-10 20:53:10,1,0,1,0,0
2026-03-10 20:53:10,1,0,1,0,0
2026-03-10 20:53:10,1,0,1,0,0
2026-03-10 20:53:10,1,0,1,0,0
2026-03-10 20:53:10,1,0,1,0,0
2026-03-10 20:53:11,1,0,1,0,0
2026-03-10 20:53:11,1,0,1,0,0
2026-03-10 20:53:11,1,0,1,0,0
2026-03-10 20:53:11,1,0,1,0,0
2026-03-10 20:53:11,1,0,1,0,0
2026-03-10 20:53:11,1,0,1,0,0
2026-03-10 20:53:12,1,0,1,0,0
2026-03-10 20:53:12,1,0,1,0,0
2026-03-10 20:53:12,1,0,1,0,0
2026-03-10 20:53:12,1,0,1,0,0
2026-03-10 20:53:12,1,0,1,0,0
2026-03-10 20:53:12,1,0,1,0,0
2026-03-10 20:53:13,1,0,1,0,0
2026-03-10 20:53:13,1,0,1,0,0
2026-03-10 20:53:13,1,0,1,0,0
2026-03-10 20:53:13,1,0,1,0,0
2026-03-10 20:53:13,1,0,1,0,0
2026-03-10 20:53:13,1,0,1,0,0
2026-03-10 20:53:14,1,0,1,0,0
2026-03-10 20:53:14,1,0,1,0,0
2026-03-10 20:53:14,1,0,1,0,0
2026-03-10 20:53:14,1,0,1,0,0
2026-03-10 20:53:14,1,0,1,0,0
2026-03-10 20:53:15,1,0,1,0,0
2026-03-10 20:53:15,1,0,1,0,0
2026-03-10 20:53:15,1,0,1,0,0
2026-03-10 20:53:15,1,0,1,0,0
2026-03-10 20:53:15,1,0,1,0,0
2026-03-10 20:53:15,1,0,1,0,0
2026-03-10 20:53:15,1,0,1,0,0
2026-03-10 20:53:16,1,0,1,0,0
2026-03-10 20:53:16,1,0,1,0,0
2026-03-10 20:53:16,1,0,1,0,0
2026-03-10 20:53:16,1,0,1,0,0
2026-03-10 20:53:16,1,0,1,0,0
2026-03-10 20:53:16,1,0,1,0,0
2026-03-10 20:53:17,1,0,1,0,0
2026-03-10 20:53:17,1,0,1,0,0
2026-03-10 20:53:17,1,0,1,0,0
2026-03-10 20:53:17,1,0,1,0,0
2026-03-10 20:53:17,1,0,1,0,0
2026-03-10 20:53:17,1,0,1,0,0
2026-03-10 20:53:18,1,0,1,0,0
2026-03-10 20:53:18,1,0,1,0,0
2026-03-10 20:53:18,1,0,1,0,0
2026-03-10 20:53:18,1,0,1,0,0
2026-03-10 20:53:18,1,0,1,0,0
2026-03-10 20:53:18,1,0,1,0,0
2026-03-10 20:53:19,1,0,1,0,0
2026-03-10 20:53:19,1,0,1,0,0
2026-03-10 20:53:19,1,0,1,0,0
2026-03-10 20:53:19,1,0,1,0,0
2026-03-10 20:53:19,1,0,1,0,0
2026-03-10 20:53:20,1,0,1,0,0
2026-03-10 20:53:20,1,0,1,0,0
2026-03-10 20:53:20,1,0,1,0,0
2026-03-10 20:53:20,1,0,1,0,0
2026-03-10 20:53:20,1,0,1,0,0
2026-03-10 20:53:20,1,0,1,0,0
2026-03-10 20:53:21,1,0,1,0,0
2026-03-10 20:53:21,1,0,1,0,0
2026-03-10 20:53:21,1,0,1,0,0
2026-03-10 20:53:21,1,0,1,0,0
2026-03-10 20:53:21,1,0,1,0,0
2026-03-10 20:53:21,1,0,1,0,0
2026-03-10 20:53:22,1,0,1,0,0
2026-03-10 20:53:22,1,0,1,0,0
2026-03-10 20:53:22,1,0,1,0,0
2026-03-10 20:53:22,1,0,1,0,0
2026-03-10 20:53:22,1,0,1,0,0
2026-03-10 20:53:22,1,0,1,0,0
2026-03-10 20:53:23,1,0,1,0,0
2026-03-10 20:53:23,1,0,1,0,0
2026-03-10 20:53:23,1,0,1,0,0
2026-03-10 20:53:23,1,0,1,0,0
2026-03-10 20:53:23,1,0,1,0,0
2026-03-10 20:53:23,1,0,1,0,0
2026-03-10 20:53:24,1,0,1,0,0
2026-03-10 20:53:24,1,0,1,0,0
2026-03-10 20:53:24,1,0,1,0,0
2026-03-10 20:53:24,1,0,1,0,0
2026-03-10 20:53:24,1,0,1,0,0
2026-03-10 20:53:24,1,0,1,0,0
2026-03-10 20:53:25,1,0,1,0,0
2026-03-10 20:53:25,1,0,1,0,0
2026-03-10 20:53:25,1,0,1,0,0
2026-03-10 20:53:25,1,0,1,0,0
2026-03-10 20:53:25,1,0,1,0,0
2026-03-10 20:53:25,1,0,1,0,0
2026-03-10 20:53:26,1,0,1,0,0
2026-03-10 20:53:26,1,0,1,0,0
2026-03-10 20:53:26,1,0,1,0,0
2026-03-10 20:53:26,1,0,1,0,0
2026-03-10 20:53:26,1,0,1,0,0
2026-03-10 20:53:26,1,0,1,0,0
2026-03-10 20:53:27,1,0,1,0,0
2026-03-10 20:53:27,1,0,1,0,0
2026-03-10 20:53:27,1,0,1,0,0
2026-03-10 20:53:27,1,0,1,0,0
2026-03-10 20:53:27,1,0,1,0,0
2026-03-10 20:53:27,1,0,1,0,0
2026-03-10 20:53:28,1,0,1,0,0
2026-03-10 20:53:28,1,0,1,0,0
2026-03-10 20:53:28,1,0,1,0,0
2026-03-10 20:53:28,1,0,1,0,0
2026-03-10 20:53:28,1,0,1,0,0
2026-03-10 20:53:28,1,0,1,0,0
2026-03-10 20:53:29,1,0,1,0,0
2026-03-10 20:53:29,1,0,1,0,0
2026-03-10 20:53:29,1,0,1,0,0
2026-03-10 20:53:29,1,0,1,0,0
2026-03-10 20:53:29,1,0,1,0,0
2026-03-10 20:53:30,1,0,1,0,0
2026-03-10 20:53:30,1,0,1,0,0
2026-03-10 20:53:30,1,0,1,0,0
2026-03-10 20:53:30,1,0,1,0,0
2026-03-10 20:53:30,1,0,1,0,0
2026-03-10 20:53:31,1,0,1,0,0
2026-03-10 20:53:31,1,0,1,0,0
2026-03-10 20:53:31,1,0,1,0,0
2026-03-10 20:53:31,1,0,1,0,0
2026-03-10 20:53:31,1,0,1,0,0
2026-03-10 20:53:32,1,0,1,0,0
2026-03-10 20:53:32,1,0,1,0,0
2026-03-10 20:53:32,1,0,1,0,0
2026-03-10 20:53:32,1,0,1,0,0
2026-03-10 20:53:32,1,0,1,0,0
2026-03-10 20:53:33,1,0,1,0,0
2026-03-10 20:53:33,1,0,1,0,0
2026-03-10 20:53:33,1,0,1,0,0
2026-03-10 20:53:33,1,0,1,0,0
2026-03-10 20:53:33,1,0,1,0,0
2026-03-10 20:53:33,1,0,1,0,0
2026-03-10 20:53:34,1,0,1,0,0
2026-03-10 20:53:34,1,0,1,0,0
2026-03-10 20:53:34,1,0,1,0,0
2026-03-10 20:53:34,1,0,1,0,0
2026-03-10 20:53:34,1,0,1,0,0
2026-03-10 20:53:34,1,0,1,0,0
2026-03-10 20:53:35,1,0,1,0,0
2026-03-10 20:53:35,1,0,1,0,0
2026-03-10 20:53:35,1,0,1,0,0
2026-03-10 20:53:35,1,0,1,0,0
2026-03-10 20:53:35,1,0,1,0,0
2026-03-10 20:53:35,1,0,1,0,0
2026-03-10 20:53:36,1,0,1,0,0
2026-03-10 20:53:36,1,0,1,0,0
2026-03-10 20:53:36,1,0,1,0,0
2026-03-10 20:53:36,1,0,1,0,0
2026-03-10 20:53:36,1,0,1,0,0
2026-03-10 20:53:36,1,0,1,0,0
2026-03-10 20:53:37,1,0,1,0,0
2026-03-10 20:53:37,1,0,1,0,0
2026-03-10 20:53:37,1,0,1,0,0
2026-03-10 20:53:37,1,0,1,0,0
2026-03-10 20:53:37,1,0,1,0,0
2026-03-10 20:53:37,1,0,1,0,0
2026-03-10 20:53:38,1,0,1,0,0
2026-03-10 20:53:38,1,0,1,0,0
2026-03-10 20:53:38,1,0,1,0,0
2026-03-10 20:53:38,1,0,1,0,0
2026-03-10 20:53:38,1,0,1,0,0
2026-03-10 20:53:38,1,0,1,0,0
2026-03-10 20:53:39,1,0,1,0,0
2026-03-10 20:53:39,1,0,1,0,0
2026-03-10 20:53:39,1,0,1,0,0
2026-03-10 20:53:39,1,0,1,0,0
2026-03-10 20:53:39,1,0,1,0,0
2026-03-10 20:53:39,1,0,1,0,0
2026-03-10 20:53:40,1,0,1,0,0
2026-03-10 20:53:40,1,0,1,0,0
2026-03-10 20:53:40,1,0,1,0,0
2026-03-10 20:53:40,1,0,1,0,0
2026-03-10 20:53:40,1,0,1,0,0
2026-03-10 20:53:40,1,0,1,0,0
2026-03-10 20:53:41,1,0,1,0,0
2026-03-10 20:53:41,1,0,1,0,0
2026-03-10 20:53:41,1,0,1,0,0
2026-03-10 20:53:41,1,0,1,0,0
2026-03-10 20:53:41,1,0,1,0,0
2026-03-10 20:53:42,1,0,1,0,0
2026-03-10 20:53:42,1,0,1,0,0
2026-03-10 20:53:42,1,0,1,0,0
2026-03-10 20:53:42,1,0,1,0,0
2026-03-10 20:53:42,1,0,1,0,0
2026-03-10 20:53:42,1,0,1,0,0
2026-03-10 20:53:43,1,0,1,0,0
2026-03-10 20:53:43,1,0,1,0,0
2026-03-10 20:53:43,1,0,1,0,0
2026-03-10 20:53:43,1,0,1,0,0
2026-03-10 20:53:43,1,0,1,0,0
2026-03-10 20:53:44,1,0,1,0,0
2026-03-10 20:53:44,1,0,1,0,0
2026-03-10 20:53:44,1,0,1,0,0
2026-03-10 20:53:44,1,0,1,0,0
2026-03-10 20:53:44,1,0,1,0,0
2026-03-10 20:53:44,1,0,1,0,0
2026-03-10 20:53:45,1,0,1,0,0
2026-03-10 20:53:45,1,0,1,0,0
2026-03-10 20:53:45,1,0,1,0,0
2026-03-10 20:53:45,1,0,1,0,0
2026-03-10 20:53:45,1,0,1,0,0
2026-03-10 20:53:45,1,0,1,0,0
2026-03-10 20:53:46,1,0,1,0,0
2026-03-10 20:53:46,1,0,1,0,0
2026-03-10 20:53:46,1,0,1,0,0
2026-03-10 20:53:46,1,0,1,0,0
2026-03-10 20:53:46,1,0,1,0,0
2026-03-10 20:53:46,1,0,1,0,0
2026-03-10 20:53:47,1,0,1,0,0
2026-03-10 20:53:47,1,0,1,0,0
2026-03-10 20:53:47,1,0,1,0,0
2026-03-10 20:53:47,1,0,1,0,0
2026-03-10 20:53:47,1,0,1,0,0
2026-03-10 20:53:47,1,0,1,0,0
2026-03-10 20:53:48,1,0,1,0,0
2026-03-10 20:53:48,1,0,1,0,0
2026-03-10 20:53:48,1,0,1,0,0
2026-03-10 20:53:48,1,0,1,0,0
2026-03-10 20:53:48,1,0,1,0,0
2026-03-10 20:53:48,1,0,1,0,0
2026-03-10 20:53:49,1,0,1,0,0
2026-03-10 20:53:49,1,0,1,0,0
2026-03-10 20:53:49,1,0,1,0,0
2026-03-10 20:53:49,1,0,1,0,0
2026-03-10 20:53:49,1,0,1,0,0
2026-03-10 20:53:49,1,0,1,0,0
2026-03-10 20:53:50,1,0,1,0,0
2026-03-10 20:53:50,1,0,1,0,0
2026-03-10 20:53:50,1,0,1,0,0
2026-03-10 20:53:50,1,0,1,0,0
2026-03-10 20:53:50,1,0,1,0,0
2026-03-10 20:53:50,1,0,1,0,0
2026-03-10 20:53:51,1,0,1,0,0
2026-03-10 20:53:51,1,0,1,0,0
2026-03-10 20:53:51,1,0,1,0,0
2026-03-10 20:53:51,1,0,1,0,0
2026-03-10 20:53:51,1,0,1,0,0
2026-03-10 20:53:52,1,0,1,0,0
2026-03-10 20:53:52,1,0,1,0,0
2026-03-10 20:53:52,1,0,1,0,0
2026-03-10 20:53:52,1,0,1,0,0
2026-03-10 20:53:52,1,0,1,0,0
2026-03-10 20:53:52,1,0,1,0,0
2026-03-10 20:53:53,1,0,1,0,0
2026-03-10 20:53:53,1,0,1,0,0
2026-03-10 20:53:53,1,0,1,0,0
2026-03-10 20:53:53,1,0,1,0,0
2026-03-10 20:53:53,1,0,1,0,0
2026-03-10 20:53:53,1,0,1,0,0
2026-03-10 20:53:54,1,0,1,0,0
2026-03-10 20:53:54,1,0,1,0,0
2026-03-10 20:53:54,1,0,1,0,0
2026-03-10 20:53:54,1,0,1,0,0
2026-03-10 20:53:54,1,0,1,0,0
2026-03-10 20:53:54,1,0,1,0,0
2026-03-10 20:53:55,1,0,1,0,0
2026-03-10 20:53:55,1,0,1,0,0
2026-03-10 20:53:55,1,0,1,0,0
2026-03-10 20:53:55,1,0,1,0,0
2026-03-10 20:53:55,1,0,1,0,0
2026-03-10 20:53:55,1,0,1,0,0
2026-03-10 20:53:56,1,0,1,0,0
2026-03-10 20:53:56,1,0,1,0,0
2026-03-10 20:53:56,1,0,1,0,0
2026-03-10 20:53:56,1,0,1,0,0
2026-03-10 20:53:56,1,0,1,0,0
2026-03-10 20:53:56,1,0,1,0,0
2026-03-10 20:53:57,1,0,1,0,0
2026-03-10 20:53:57,1,0,1,0,0
2026-03-10 20:53:57,1,0,1,0,0
2026-03-10 20:53:57,1,0,1,0,0
2026-03-10 20:53:57,1,0,1,0,0
2026-03-10 20:53:57,1,0,1,0,0
2026-03-10 20:53:58,1,0,1,0,0
2026-03-10 20:53:58,1,0,1,0,0
2026-03-10 20:53:58,1,0,1,0,0
2026-03-10 20:53:58,1,0,1,0,0
2026-03-10 20:53:58,1,0,1,0,0
2026-03-10 20:53:58,1,0,1,0,0
2026-03-10 20:53:59,1,0,1,0,0
2026-03-10 20:53:59,1,0,1,0,0
2026-03-10 20:53:59,1,0,1,0,0
2026-03-10 20:53:59,1,0,1,0,0
2026-03-10 20:53:59,1,0,1,0,0
2026-03-10 20:53:59,1,0,1,0,0
2026-03-10 20:54:00,1,0,1,0,0
2026-03-10 20:54:00,1,0,1,0,0
2026-03-10 20:54:00,1,0,1,0,0
2026-03-10 20:54:00,1,0,1,0,0
2026-03-10 20:54:00,1,0,1,0,0
2026-03-10 20:54:01,1,0,1,0,0
2026-03-10 20:54:01,1,0,1,0,0
2026-03-10 20:54:01,1,0,1,0,0
2026-03-10 20:54:01,1,0,1,0,0
2026-03-10 20:54:01,1,0,1,0,0
2026-03-10 20:54:01,1,0,1,0,0
2026-03-10 20:54:02,1,0,1,0,0
2026-03-10 20:54:02,1,0,1,0,0
2026-03-10 20:54:02,1,0,1,0,0
2026-03-10 20:54:02,1,0,1,0,0
2026-03-10 20:54:02,1,0,1,0,0
2026-03-10 20:54:02,1,0,1,0,0
2026-03-10 20:54:03,1,0,1,0,0
2026-03-10 20:54:03,1,0,1,0,0
2026-03-10 20:54:03,1,0,1,0,0
2026-03-10 20:54:03,1,0,1,0,0
2026-03-10 20:54:03,1,0,1,0,0
2026-03-10 20:54:03,1,0,1,0,0
2026-03-10 20:54:04,1,0,1,0,0
2026-03-10 20:54:04,1,0,1,0,0
2026-03-10 20:54:04,1,0,1,0,0
2026-03-10 20:54:04,1,0,1,0,0
2026-03-10 20:54:04,1,0,1,0,0
2026-03-10 20:54:04,1,0,1,0,0
2026-03-10 20:54:05,1,0,1,0,0
2026-03-10 20:54:05,1,0,1,0,0
2026-03-10 20:54:05,1,0,1,0,0
2026-03-10 20:54:05,1,0,1,0,0
2026-03-10 20:54:05,1,0,1,0,0
2026-03-10 20:54:06,1,0,1,0,0
2026-03-10 20:54:06,1,0,1,0,0
2026-03-10 20:54:06,1,0,1,0,0
2026-03-10 20:54:06,1,0,1,0,0
2026-03-10 20:54:06,1,0,1,0,0
2026-03-10 20:54:06,1,0,1,0,0
2026-03-10 20:54:07,1,0,1,0,0
2026-03-10 20:54:07,1,0,1,0,0
2026-03-10 20:54:07,1,0,1,0,0
2026-03-10 20:54:07,1,0,1,0,0
2026-03-10 20:54:07,1,0,1,0,0
2026-03-10 20:54:07,1,0,1,0,0
2026-03-10 20:54:08,1,0,1,0,0
2026-03-10 20:54:08,1,0,1,0,0
2026-03-10 20:54:08,1,0,1,0,0
2026-03-10 20:54:08,1,0,1,0,0
2026-03-10 20:54:08,1,0,1,0,0
2026-03-10 20:54:08,1,0,1,0,0
2026-03-10 20:54:09,1,0,1,0,0
2026-03-10 20:54:09,1,0,1,0,0
2026-03-10 20:54:09,1,0,1,0,0
2026-03-10 20:54:09,1,0,1,0,0
2026-03-10 20:54:09,1,0,1,0,0
2026-03-10 20:54:09,1,0,1,0,0
2026-03-10 20:54:10,1,0,1,0,0
2026-03-10 20:54:10,1,0,1,0,0
2026-03-10 20:54:10,1,0,1,0,0
2026-03-10 20:54:10,1,0,1,0,0
2026-03-10 20:54:10,1,0,1,0,0
2026-03-10 20:54:10,1,0,1,0,0
2026-03-10 20:54:11,1,0,1,0,0
2026-03-10 20:54:11,1,0,1,0,0
2026-03-10 20:54:11,1,0,1,0,0
2026-03-10 20:54:11,1,0,1,0,0
2026-03-10 20:54:11,1,0,1,0,0
2026-03-10 20:54:11,1,0,1,0,0
2026-03-10 20:54:12,1,0,1,0,0
2026-03-10 20:54:12,1,0,1,0,0
2026-03-10 20:54:12,1,0,1,0,0
2026-03-10 20:54:12,1,0,1,0,0
2026-03-10 20:54:12,1,0,1,0,0
2026-03-10 20:54:12,1,0,1,0,0
2026-03-10 20:54:13,1,0,1,0,0
2026-03-10 20:54:13,1,0,1,0,0
2026-03-10 20:54:13,1,0,1,0,0
2026-03-10 20:54:13,1,0,1,0,0
2026-03-10 20:54:13,1,0,1,0,0
2026-03-10 20:54:13,1,0,1,0,0
2026-03-10 20:54:14,1,0,1,0,0
2026-03-10 20:54:14,1,0,1,0,0
2026-03-10 20:54:14,1,0,1,0,0
2026-03-10 20:54:14,1,0,1,0,0
2026-03-10 20:54:14,1,0,1,0,0
2026-03-10 20:54:14,1,0,1,0,0
2026-03-10 20:54:15,1,0,1,0,0
2026-03-10 20:54:15,1,0,1,0,0
2026-03-10 20:54:15,1,0,1,0,0
2026-03-10 20:54:15,1,0,1,0,0
2026-03-10 20:54:15,1,0,1,0,0
2026-03-10 20:54:16,1,0,1,0,0
2026-03-10 20:54:16,1,0,1,0,0
2026-03-10 20:54:16,1,0,1,0,0
2026-03-10 20:54:16,1,0,1,0,0
2026-03-10 20:54:16,1,0,1,0,0
2026-03-10 20:54:16,1,0,1,0,0
2026-03-10 20:54:17,1,0,1,0,0
2026-03-10 20:54:17,1,0,1,0,0
2026-03-10 20:54:17,1,0,1,0,0
2026-03-10 20:54:17,1,0,1,0,0
2026-03-10 20:54:17,1,0,1,0,0
2026-03-10 20:54:17,1,0,1,0,0
2026-03-10 20:54:18,1,0,1,0,0
2026-03-10 20:54:18,1,0,1,0,0
2026-03-10 20:54:18,1,0,1,0,0
2026-03-10 20:54:18,1,0,1,0,0
2026-03-10 20:54:18,1,0,1,0,0
2026-03-10 20:54:18,1,0,1,0,0
2026-03-10 20:54:19,1,0,1,0,0
2026-03-10 20:54:19,1,0,1,0,0
2026-03-10 20:54:19,1,0,1,0,0
2026-03-10 20:54:19,1,0,1,0,0
2026-03-10 20:54:19,1,0,1,0,0
2026-03-10 20:54:19,1,0,1,0,0
2026-03-10 20:54:20,1,0,1,0,0
2026-03-10 20:54:20,1,0,1,0,0
2026-03-10 20:54:20,1,0,1,0,0
2026-03-10 20:54:20,1,0,1,0,0
2026-03-10 20:54:20,1,0,1,0,0
2026-03-10 20:54:20,1,0,1,0,0
2026-03-10 20:54:21,1,0,1,0,0
2026-03-10 20:54:21,1,0,1,0,0
2026-03-10 20:54:21,1,0,1,0,0
2026-03-10 20:54:21,1,0,1,0,0
2026-03-10 20:54:21,1,0,1,0,0
2026-03-10 20:54:21,1,0,1,0,0
2026-03-10 20:54:22,1,0,1,0,0
2026-03-10 20:54:22,1,0,1,0,0
2026-03-10 20:54:22,1,0,1,0,0
2026-03-10 20:54:22,1,0,1,0,0
2026-03-10 20:54:22,1,0,1,0,0
2026-03-10 20:54:22,1,0,1,0,0
2026-03-10 20:54:23,1,0,1,0,0
2026-03-10 20:54:23,1,0,1,0,0
2026-03-10 20:54:23,1,0,1,0,0
2026-03-10 20:54:23,1,0,1,0,0
2026-03-10 20:54:23,1,0,1,0,0
2026-03-10 20:54:23,1,0,1,0,0
2026-03-10 20:54:24,1,0,1,0,0
2026-03-10 20:54:24,1,0,1,0,0
2026-03-10 20:54:24,1,0,1,0,0
2026-03-10 20:54:24,1,0,1,0,0
2026-03-10 20:54:24,1,0,1,0,0
2026-03-10 20:54:24,1,0,1,0,0
2026-03-10 20:54:25,1,0,1,0,0
2026-03-10 20:54:25,1,0,1,0,0
2026-03-10 20:54:25,1,0,1,0,0
2026-03-10 20:54:25,1,0,1,0,0
2026-03-10 20:54:25,1,0,1,0,0
2026-03-10 20:54:25,1,0,1,0,0
2026-03-10 20:54:26,1,0,1,0,0
2026-03-10 20:54:26,1,0,1,0,0
2026-03-10 20:54:26,1,0,1,0,0
2026-03-10 20:54:26,1,0,1,0,0
2026-03-10 20:54:26,1,0,1,0,0
2026-03-10 20:54:27,1,0,1,0,0
2026-03-10 20:54:27,1,0,1,0,0
2026-03-10 20:54:27,1,0,1,0,0
2026-03-10 20:54:27,1,0,1,0,0
2026-03-10 20:54:27,1,0,1,0,0
2026-03-10 20:54:28,1,0,1,0,0
2026-03-10 20:54:28,1,0,1,0,0
2026-03-10 20:54:28,1,0,1,0,0
2026-03-10 20:54:28,1,0,1,0,0
2026-03-10 20:54:28,1,0,1,0,0
2026-03-10 20:54:28,1,0,1,0,0
2026-03-10 20:54:29,1,0,1,0,0
2026-03-10 20:54:29,1,0,1,0,0
2026-03-10 20:54:29,1,0,1,0,0
2026-03-10 20:54:29,1,0,1,0,0
2026-03-10 20:54:29,1,0,1,0,0
2026-03-10 20:54:29,1,0,1,0,0
2026-03-10 20:54:30,1,0,1,0,0
2026-03-10 20:54:30,1,0,1,0,0
2026-03-10 20:54:30,1,0,1,0,0
2026-03-10 20:54:30,1,0,1,0,0
2026-03-10 20:54:30,1,0,1,0,0
2026-03-10 20:54:30,1,0,1,0,0
2026-03-10 20:54:31,1,0,1,0,0
2026-03-10 20:54:31,1,0,1,0,0
2026-03-10 20:54:31,1,0,1,0,0
2026-03-10 20:54:31,1,0,1,0,0
2026-03-10 20:54:31,1,0,1,0,0
2026-03-10 20:54:31,1,0,1,0,0
2026-03-10 20:54:32,1,0,1,0,0
2026-03-10 20:54:32,1,0,1,0,0
2026-03-10 20:54:32,1,0,1,0,0
2026-03-10 20:54:32,1,0,1,0,0
2026-03-10 20:54:32,1,0,1,0,0
2026-03-10 20:54:32,1,0,1,0,0
2026-03-10 20:54:33,1,0,1,0,0
2026-03-10 20:54:33,1,0,1,0,0
2026-03-10 20:54:33,1,0,1,0,0
2026-03-10 20:54:33,1,0,1,0,0
2026-03-10 20:54:33,1,0,1,0,0
2026-03-10 20:54:33,1,0,1,0,0
2026-03-10 20:54:34,1,0,1,0,0
2026-03-10 20:54:34,1,0,1,0,0
2026-03-10 20:54:34,1,0,1,0,0
2026-03-10 20:54:34,1,0,1,0,0
2026-03-10 20:54:34,1,0,1,0,0
2026-03-10 20:54:34,1,0,1,0,0
2026-03-10 20:54:35,1,0,1,0,0
2026-03-10 20:54:35,1,0,1,0,0
2026-03-10 20:54:35,1,0,1,0,0
2026-03-10 20:54:35,1,0,1,0,0
2026-03-10 20:54:35,1,0,1,0,0
2026-03-10 20:54:36,1,0,1,0,0
2026-03-10 20:54:36,1,0,1,0,0
2026-03-10 20:54:36,1,0,1,0,0
2026-03-10 20:54:36,1,0,1,0,0
2026-03-10 20:54:36,1,0,1,0,0
2026-03-10 20:54:36,1,0,1,0,0
2026-03-10 20:54:37,1,0,1,0,0
2026-03-10 20:54:37,1,0,1,0,0
2026-03-10 20:54:37,1,0,1,0,0
2026-03-10 20:54:37,1,0,1,0,0
2026-03-10 20:54:37,1,0,1,0,0
2026-03-10 20:54:37,1,0,1,0,0
2026-03-10 20:54:38,1,0,1,0,0
2026-03-10 20:54:38,1,0,1,0,0
2026-03-10 20:54:38,1,0,1,0,0
2026-03-10 20:54:38,1,0,1,0,0
2026-03-10 20:54:38,1,0,1,0,0
2026-03-10 20:54:38,1,0,1,0,0
2026-03-10 20:54:39,1,0,1,0,0
2026-03-10 20:54:39,1,0,1,0,0
2026-03-10 20:54:39,1,0,1,0,0
2026-03-10 20:54:39,1,0,1,0,0
2026-03-10 20:54:39,1,0,1,0,0
2026-03-10 20:54:39,1,0,1,0,0
2026-03-10 20:54:40,1,0,1,0,0
2026-03-10 20:54:40,1,0,1,0,0
2026-03-10 20:54:40,1,0,1,0,0
2026-03-10 20:54:40,1,0,1,0,0
2026-03-10 20:54:40,1,0,1,0,0
2026-03-10 20:54:40,1,0,1,0,0
2026-03-10 20:54:41,1,0,1,0,0
2026-03-10 20:54:41,1,0,1,0,0
2026-03-10 20:54:41,1,0,1,0,0
2026-03-10 20:54:41,1,0,1,0,0
2026-03-10 20:54:42,1,0,1,0,0
2026-03-10 20:54:42,1,0,1,0,0
2026-03-10 20:54:42,1,0,1,0,0
2026-03-10 20:54:42,1,0,1,0,0
2026-03-10 20:54:42,1,0,1,0,0
2026-03-10 20:54:42,1,0,1,0,0
2026-03-10 20:54:43,1,0,1,0,0
2026-03-10 20:54:43,1,0,1,0,0
2026-03-10 20:54:43,1,0,1,0,0
2026-03-10 20:54:43,1,0,1,0,0
2026-03-10 20:54:43,1,0,1,0,0
2026-03-10 20:54:43,1,0,1,0,0
2026-03-10 20:54:44,1,0,1,0,0
2026-03-10 20:54:44,1,0,1,0,0
2026-03-10 20:54:44,1,0,1,0,0
2026-03-10 20:54:44,1,0,1,0,0
2026-03-10 20:54:44,1,0,1,0,0
2026-03-10 20:54:45,1,0,1,0,0
2026-03-10 20:54:45,1,0,1,0,0
2026-03-10 20:54:45,1,0,1,0,0
2026-03-10 20:54:45,1,0,1,0,0
2026-03-10 20:54:45,1,0,1,0,0
2026-03-10 20:54:45,1,0,1,0,0
2026-03-10 20:54:46,1,0,1,0,0
2026-03-10 20:54:46,1,0,1,0,0
2026-03-10 20:54:46,1,0,1,0,0
2026-03-10 20:54:46,1,0,1,0,0
2026-03-10 20:54:46,1,0,1,0,0
2026-03-10 20:54:47,1,0,1,0,0
2026-03-10 20:54:47,1,0,1,0,0
2026-03-10 20:54:47,1,0,1,0,0
2026-03-10 20:54:47,1,0,1,0,0
2026-03-10 20:54:47,1,0,1,0,0
2026-03-10 20:54:47,1,0,1,0,0
2026-03-10 20:54:48,1,0,1,0,0
2026-03-10 20:54:48,1,0,1,0,0
2026-03-10 20:54:48,1,0,1,0,0
2026-03-10 20:54:48,1,0,1,0,0
2026-03-10 20:54:48,1,0,1,0,0
2026-03-10 20:54:48,1,0,1,0,0
2026-03-10 20:54:49,1,0,1,0,0
2026-03-10 20:54:49,1,0,1,0,0
2026-03-10 20:54:49,1,0,1,0,0
2026-03-10 20:54:49,1,0,1,0,0
2026-03-10 20:54:49,1,0,1,0,0
2026-03-10 20:54:49,1,0,1,0,0
2026-03-10 20:54:50,1,0,1,0,0
2026-03-10 20:54:50,1,0,1,0,0
2026-03-10 20:54:50,1,0,1,0,0
2026-03-10 20:54:50,1,0,1,0,0
2026-03-10 20:54:50,1,0,1,0,0
2026-03-10 20:54:50,1,0,1,0,0
2026-03-10 20:54:51,1,0,1,0,0
2026-03-10 20:54:51,1,0,1,0,0
2026-03-10 20:54:51,1,0,1,0,0
2026-03-10 20:54:51,1,0,1,0,0
2026-03-10 20:54:51,1,0,1,0,0
2026-03-10 20:54:51,1,0,1,0,0
2026-03-10 20:54:52,1,0,1,0,0
2026-03-10 20:54:52,1,0,1,0,0
2026-03-10 20:54:52,1,0,1,0,0
2026-03-10 20:54:52,1,0,1,0,0
2026-03-10 20:54:52,1,0,1,0,0
2026-03-10 20:54:52,1,0,1,0,0
2026-03-10 20:54:53,1,0,1,0,0
2026-03-10 20:54:53,1,0,1,0,0
2026-03-10 20:54:53,1,0,1,0,0
2026-03-10 20:54:53,1,0,1,0,0
2026-03-10 20:54:53,1,0,1,0,0
2026-03-10 20:54:53,1,0,1,0,0
2026-03-10 20:54:54,1,0,1,0,0
2026-03-10 20:54:54,1,0,1,0,0
2026-03-10 20:54:54,1,0,1,0,0
2026-03-10 20:54:54,1,0,1,0,0
2026-03-10 20:54:54,1,0,1,0,0
2026-03-10 20:54:54,1,0,1,0,0
2026-03-10 20:54:55,1,0,1,0,0
2026-03-10 20:54:55,1,0,1,0,0
2026-03-10 20:54:55,1,0,1,0,0
2026-03-10 20:54:55,1,0,1,0,0
2026-03-10 20:54:55,1,0,1,0,0
2026-03-10 20:54:55,1,0,1,0,0
2026-03-10 20:54:56,1,0,1,0,0
2026-03-10 20:54:56,1,0,1,0,0
2026-03-10 20:54:56,1,0,1,0,0
2026-03-10 20:54:56,1,0,1,0,0
2026-03-10 20:54:56,1,0,1,0,0
2026-03-10 20:54:56,1,0,1,0,0
2026-03-10 20:54:57,1,0,1,0,0
2026-03-10 20:54:57,1,0,1,0,0
2026-03-10 20:54:57,1,0,1,0,0
2026-03-10 20:54:57,1,0,1,0,0
2026-03-10 20:54:57,1,0,1,0,0
2026-03-10 20:54:58,1,0,1,0,0
2026-03-10 20:54:58,1,0,1,0,0
2026-03-10 20:54:58,1,0,1,0,0
2026-03-10 20:54:58,1,0,1,0,0
2026-03-10 20:54:58,1,0,1,0,0
2026-03-10 20:54:58,1,0,1,0,0
2026-03-10 20:54:59,1,0,1,0,0
2026-03-10 20:54:59,1,0,1,0,0
2026-03-10 20:54:59,1,0,1,0,0
2026-03-10 20:54:59,1,0,1,0,0
2026-03-10 20:54:59,1,0,1,0,0
2026-03-10 20:54:59,1,0,1,0,0
2026-03-10 20:55:00,1,0,1,0,0
2026-03-10 20:55:00,1,0,1,0,0
2026-03-10 20:55:00,1,0,1,0,0
2026-03-10 20:55:00,1,0,1,0,0
2026-03-10 20:55:00,1,0,1,0,0
2026-03-10 20:55:01,1,0,1,0,0
2026-03-10 20:55:01,1,0,1,0,0
2026-03-10 20:55:01,1,0,1,0,0
2026-03-10 20:55:01,1,0,1,0,0
2026-03-10 20:55:01,1,0,1,0,0
2026-03-10 20:55:01,1,0,1,0,0
2026-03-10 20:55:02,1,0,1,0,0
2026-03-10 20:55:02,1,0,1,0,0
2026-03-10 20:55:02,1,0,1,0,0
2026-03-10 20:55:02,1,0,1,0,0
2026-03-10 20:55:02,1,0,1,0,0
2026-03-10 20:55:02,1,0,1,0,0
2026-03-10 20:55:03,1,0,1,0,0
2026-03-10 20:55:03,1,0,1,0,0
2026-03-10 20:55:03,1,0,1,0,0
2026-03-10 20:55:03,1,0,1,0,0
2026-03-10 20:55:03,1,0,1,0,0
2026-03-10 20:55:03,1,0,1,0,0
2026-03-10 20:55:04,1,0,1,0,0
2026-03-10 20:55:04,1,0,1,0,0
2026-03-10 20:55:04,1,0,1,0,0
2026-03-10 20:55:04,1,0,1,0,0
2026-03-10 20:55:04,1,0,1,0,0
2026-03-10 20:55:05,1,0,1,0,0
2026-03-10 20:55:05,1,0,1,0,0
2026-03-10 20:55:05,1,0,1,0,0
2026-03-10 20:55:05,1,0,1,0,0
2026-03-10 20:55:05,1,0,1,0,0
2026-03-10 20:55:05,1,0,1,0,0
2026-03-10 20:55:06,1,0,1,0,0
2026-03-10 20:55:06,1,0,1,0,0
2026-03-10 20:55:06,1,0,1,0,0
2026-03-10 20:55:06,1,0,1,0,0
2026-03-10 20:55:06,1,0,1,0,0
2026-03-10 20:55:07,1,0,1,0,0
2026-03-10 20:55:07,1,0,1,0,0
2026-03-10 20:55:07,1,0,1,0,0
2026-03-10 20:55:07,1,0,1,0,0
2026-03-10 20:55:07,1,0,1,0,0
2026-03-10 20:55:07,1,0,1,0,0
2026-03-10 20:55:08,1,0,1,0,0
2026-03-10 20:55:08,1,0,1,0,0
2026-03-10 20:55:08,1,0,1,0,0
2026-03-10 20:55:08,1,0,1,0,0
2026-03-10 20:55:09,1,0,1,0,0
2026-03-10 20:55:09,1,0,1,0,0
2026-03-10 20:55:09,1,0,1,0,0
2026-03-10 20:55:09,1,0,1,0,0
2026-03-10 20:55:09,1,0,1,0,0
2026-03-10 20:55:10,1,0,1,0,0
2026-03-10 20:55:10,1,0,1,0,0
2026-03-10 20:55:10,1,0,1,0,0
2026-03-10 20:55:10,1,0,1,0,0
2026-03-10 20:55:10,1,0,1,0,0
2026-03-10 20:55:11,1,0,1,0,0
2026-03-10 20:55:11,1,0,1,0,0
2026-03-10 20:55:11,1,0,1,0,0
2026-03-10 20:55:11,1,0,1,0,0
2026-03-10 20:55:11,1,0,1,0,0
2026-03-10 20:55:11,1,0,1,0,0
2026-03-10 20:55:12,1,0,1,0,0
2026-03-10 20:55:12,1,0,1,0,0
2026-03-10 20:55:12,1,0,1,0,0
2026-03-10 20:55:13,1,0,1,0,0
2026-03-10 20:55:13,1,0,1,0,0
2026-03-10 20:55:13,1,0,1,0,0
2026-03-10 20:55:13,1,0,1,0,0
2026-03-10 20:55:13,1,0,1,0,0
2026-03-10 20:55:14,1,0,1,0,0
2026-03-10 20:55:14,1,0,1,0,0
2026-03-10 20:55:14,1,0,1,0,0
2026-03-10 20:55:14,1,0,1,0,0
2026-03-10 20:55:14,1,0,1,0,0
2026-03-10 20:55:15,1,0,1,0,0
2026-03-10 20:55:15,1,0,1,0,0
2026-03-10 20:55:15,1,0,1,0,0
2026-03-10 20:55:15,1,0,1,0,0
2026-03-10 20:55:16,1,0,1,0,0
2026-03-10 20:55:16,1,0,1,0,0
2026-03-10 20:55:16,1,0,1,0,0
2026-03-10 20:55:17,1,0,1,0,0
2026-03-10 20:55:17,1,0,1,0,0
2026-03-10 20:55:17,1,0,1,0,0
2026-03-10 20:55:17,1,0,1,0,0
2026-03-10 20:55:17,1,0,1,0,0
2026-03-10 20:55:17,1,0,1,0,0
2026-03-10 20:55:18,1,0,1,0,0
2026-03-10 20:55:18,1,0,1,0,0
2026-03-10 20:55:18,1,0,1,0,0
2026-03-10 20:55:18,1,0,1,0,0
2026-03-10 20:55:18,1,0,1,0,0
2026-03-10 20:55:19,1,0,1,0,0
2026-03-10 20:55:19,1,0,1,0,0
2026-03-10 20:55:19,1,0,1,0,0
2026-03-10 20:55:19,1,0,1,0,0
2026-03-10 20:55:19,1,0,1,0,0
2026-03-10 20:55:20,1,0,1,0,0
2026-03-10 20:55:20,1,0,1,0,0
2026-03-10 20:55:20,1,0,1,0,0
2026-03-10 20:55:20,1,0,1,0,0
2026-03-10 20:55:20,1,0,1,0,0
2026-03-10 20:55:20,1,0,1,0,0
2026-03-10 20:55:21,1,0,1,0,0
2026-03-10 20:55:21,1,0,1,0,0
2026-03-10 20:55:21,1,0,1,0,0
2026-03-10 20:55:21,1,0,1,0,0
2026-03-10 20:55:21,1,0,1,0,0
2026-03-10 20:55:22,1,0,1,0,0
2026-03-10 20:55:22,1,0,1,0,0
2026-03-10 20:55:22,1,0,1,0,0
2026-03-10 20:55:22,1,0,1,0,0
2026-03-10 20:55:22,1,0,1,0,0
2026-03-10 20:55:22,1,0,1,0,0
2026-03-10 20:55:23,1,0,1,0,0
2026-03-10 20:55:23,1,0,1,0,0
2026-03-10 20:55:23,1,0,1,0,0
2026-03-10 20:55:23,1,0,1,0,0
2026-03-10 20:55:23,1,0,1,0,0
2026-03-10 20:55:23,1,0,1,0,0
2026-03-10 20:55:24,1,0,1,0,0
2026-03-10 20:55:24,1,0,1,0,0
2026-03-10 20:55:24,1,0,1,0,0
2026-03-10 20:55:24,1,0,1,0,0
2026-03-10 20:55:24,1,0,1,0,0
2026-03-10 20:55:24,1,0,1,0,0
2026-03-10 20:55:25,1,0,1,0,0
2026-03-10 20:55:25,1,0,1,0,0
2026-03-10 20:55:25,1,0,1,0,0
2026-03-10 20:55:25,1,0,1,0,0
2026-03-10 20:55:25,1,0,1,0,0
2026-03-10 20:55:25,1,0,1,0,0
2026-03-10 20:55:26,1,0,1,0,0
2026-03-10 20:55:26,1,0,1,0,0
2026-03-10 20:55:26,1,0,1,0,0
2026-03-10 20:55:26,1,0,1,0,0
2026-03-10 20:55:26,1,0,1,0,0
2026-03-10 20:55:26,1,0,1,0,0
2026-03-10 20:55:27,1,0,1,0,0
2026-03-10 20:55:27,1,0,1,0,0
2026-03-10 20:55:27,1,0,1,0,0
2026-03-10 20:55:27,1,0,1,0,0
2026-03-10 20:55:27,1,0,1,0,0
2026-03-10 20:55:27,1,0,1,0,0
2026-03-10 20:55:28,1,0,1,0,0
2026-03-10 20:55:28,1,0,1,0,0
2026-03-10 20:55:28,1,0,1,0,0
2026-03-10 20:55:28,1,0,1,0,0
2026-03-10 20:55:28,1,0,1,0,0
2026-03-10 20:55:28,1,0,1,0,0
2026-03-10 20:55:29,1,0,1,0,0
2026-03-10 20:55:29,1,0,1,0,0
2026-03-10 20:55:29,1,0,1,0,0
2026-03-10 20:55:29,1,0,1,0,0
2026-03-10 20:55:29,1,0,1,0,0
2026-03-10 20:55:29,1,0,1,0,0
2026-03-10 20:55:30,1,0,1,0,0
2026-03-10 20:55:30,1,0,1,0,0
2026-03-10 20:55:30,1,0,1,0,0
2026-03-10 20:55:30,1,0,1,0,0
2026-03-10 20:55:30,1,0,1,0,0
2026-03-10 20:55:30,1,0,1,0,0
2026-03-10 20:55:31,1,0,1,0,0
2026-03-10 20:55:31,1,0,1,0,0
2026-03-10 20:55:31,1,0,1,0,0
2026-03-10 20:55:31,1,0,1,0,0
2026-03-10 20:55:31,1,0,1,0,0
2026-03-10 20:55:32,1,0,1,0,0
2026-03-10 20:55:32,1,0,1,0,0
2026-03-10 20:55:32,1,0,1,0,0
2026-03-10 20:55:32,1,0,1,0,0
2026-03-10 20:55:32,1,0,1,0,0
2026-03-10 20:55:32,1,0,1,0,0
2026-03-10 20:55:33,1,0,1,0,0
2026-03-10 20:55:33,1,0,1,0,0
2026-03-10 20:55:33,1,0,1,0,0
2026-03-10 20:55:33,1,0,1,0,0
2026-03-10 20:55:33,1,0,1,0,0
2026-03-10 20:55:33,1,0,1,0,0
2026-03-10 20:55:34,1,0,1,0,0
2026-03-10 20:55:34,1,0,1,0,0
2026-03-10 20:55:34,1,0,1,0,0
2026-03-10 20:55:34,1,0,1,0,0
2026-03-10 20:55:34,1,0,1,0,0
2026-03-10 20:55:34,1,0,1,0,0
2026-03-10 20:55:35,1,0,1,0,0
2026-03-10 20:55:35,1,0,1,0,0
2026-03-10 20:55:35,1,0,1,0,0
2026-03-10 20:55:35,1,0,1,0,0
2026-03-10 20:55:35,1,0,1,0,0
2026-03-10 20:55:35,1,0,1,0,0
2026-03-10 20:55:36,1,0,1,0,0
2026-03-10 20:55:36,1,0,1,0,0
2026-03-10 20:55:36,1,0,1,0,0
2026-03-10 20:55:36,1,0,1,0,0
2026-03-10 20:55:36,1,0,1,0,0
2026-03-10 20:55:36,1,0,1,0,0
2026-03-10 20:55:37,1,0,1,0,0
2026-03-10 20:55:37,1,0,1,0,0
2026-03-10 20:55:37,1,0,1,0,0
2026-03-10 20:55:37,1,0,1,0,0
2026-03-10 20:55:37,1,0,1,0,0
2026-03-10 20:55:37,1,0,1,0,0
2026-03-10 20:55:38,1,0,1,0,0
2026-03-10 20:55:38,1,0,1,0,0
2026-03-10 20:55:38,1,0,1,0,0
2026-03-10 20:55:38,1,0,1,0,0
2026-03-10 20:55:38,1,0,1,0,0
2026-03-10 20:55:38,1,0,1,0,0
2026-03-10 20:55:39,1,0,1,0,0
2026-03-10 20:55:39,1,0,1,0,0
2026-03-10 20:55:39,1,0,1,0,0
2026-03-10 20:55:39,1,0,1,0,0
2026-03-10 20:55:39,1,0,1,0,0
2026-03-10 20:55:39,1,0,1,0,0
2026-03-10 20:55:40,1,0,1,0,0
2026-03-10 20:55:40,1,0,1,0,0
2026-03-10 20:55:40,1,0,1,0,0
2026-03-10 20:55:40,1,0,1,0,0
2026-03-10 20:55:40,1,0,1,0,0
2026-03-10 20:55:40,1,0,1,0,0
2026-03-10 20:55:41,1,0,1,0,0
2026-03-10 20:55:41,1,0,1,0,0
2026-03-10 20:55:41,1,0,1,0,0
2026-03-10 20:55:41,1,0,1,0,0
2026-03-10 20:55:41,1,0,1,0,0
2026-03-10 20:55:41,1,0,1,0,0
2026-03-10 20:55:42,1,0,1,0,0
2026-03-10 20:55:42,1,0,1,0,0
2026-03-10 20:55:42,1,0,1,0,0
2026-03-10 20:55:42,1,0,1,0,0
2026-03-10 20:55:42,1,0,1,0,0
2026-03-10 20:55:42,1,0,1,0,0
2026-03-10 20:55:43,1,0,1,0,0
2026-03-10 20:55:43,1,0,1,0,0
2026-03-10 20:55:43,1,0,1,0,0
2026-03-10 20:55:43,1,0,1,0,0
2026-03-10 20:55:43,1,0,1,0,0
2026-03-10 20:55:43,1,0,1,0,0
2026-03-10 20:55:44,1,0,1,0,0
2026-03-10 20:55:44,1,0,1,0,0
2026-03-10 20:55:44,1,0,1,0,0
2026-03-10 20:55:44,1,0,1,0,0
2026-03-10 20:55:44,1,0,1,0,0
2026-03-10 20:55:44,1,0,1,0,0
2026-03-10 20:55:45,1,0,1,0,0
2026-03-10 20:55:45,1,0,1,0,0
2026-03-10 20:55:45,1,0,1,0,0
2026-03-10 20:55:45,1,0,1,0,0
2026-03-10 20:55:45,1,0,1,0,0
2026-03-10 20:55:45,1,0,1,0,0
2026-03-10 20:55:46,1,0,1,0,0
2026-03-10 20:55:46,1,0,1,0,0
2026-03-10 20:55:46,1,0,1,0,0
2026-03-10 20:55:46,1,0,1,0,0
2026-03-10 20:55:46,1,0,1,0,0
2026-03-10 20:55:46,1,0,1,0,0
2026-03-10 20:55:47,1,0,1,0,0
2026-03-10 20:55:47,1,0,1,0,0
2026-03-10 20:55:47,1,0,1,0,0
2026-03-10 20:55:47,1,0,1,0,0
2026-03-10 20:55:47,1,0,1,0,0
2026-03-10 20:55:47,1,0,1,0,0
2026-03-10 20:55:48,1,0,1,0,0
2026-03-10 20:55:48,1,0,1,0,0
2026-03-10 20:55:48,1,0,1,0,0
2026-03-10 20:55:48,1,0,1,0,0
2026-03-10 20:55:48,1,0,1,0,0
2026-03-10 20:55:49,1,0,1,0,0
2026-03-10 20:55:49,1,0,1,0,0
2026-03-10 20:55:49,1,0,1,0,0
2026-03-10 20:55:49,1,0,1,0,0
2026-03-10 20:55:49,1,0,1,0,0
2026-03-10 20:55:49,1,0,1,0,0
2026-03-10 20:55:50,1,0,1,0,0
2026-03-10 20:55:50,1,0,1,0,0
2026-03-10 20:55:50,1,0,1,0,0
2026-03-10 20:55:50,1,0,1,0,0
2026-03-10 20:55:50,1,0,1,0,0
2026-03-10 20:55:50,1,0,1,0,0
2026-03-10 20:55:51,1,0,1,0,0
2026-03-10 20:55:51,1,0,1,0,0
2026-03-10 20:55:51,1,0,1,0,0
2026-03-10 20:55:51,1,0,1,0,0
2026-03-10 20:55:51,1,0,1,0,0
2026-03-10 20:55:51,1,0,1,0,0
2026-03-10 20:55:52,1,0,1,0,0
2026-03-10 20:55:52,1,0,1,0,0
2026-03-10 20:55:52,1,0,1,0,0
2026-03-10 20:55:52,1,0,1,0,0
2026-03-10 20:55:52,1,0,1,0,0
2026-03-10 20:55:52,1,0,1,0,0
2026-03-10 20:55:53,1,0,1,0,0
2026-03-10 20:55:53,1,0,1,0,0
2026-03-10 20:55:53,1,0,1,0,0
2026-03-10 20:55:53,1,0,1,0,0
2026-03-10 20:55:53,1,0,1,0,0
2026-03-10 20:55:53,1,0,1,0,0
2026-03-10 20:55:54,1,0,1,0,0
2026-03-10 20:55:54,1,0,1,0,0
2026-03-10 20:55:54,1,0,1,0,0
2026-03-10 20:55:54,1,0,1,0,0
2026-03-10 20:55:54,1,0,1,0,0
2026-03-10 20:55:54,1,0,1,0,0
2026-03-10 20:55:55,1,0,1,0,0
2026-03-10 20:55:55,1,0,1,0,0
2026-03-10 20:55:55,1,0,1,0,0
2026-03-10 20:55:55,1,0,1,0,0
2026-03-10 20:55:55,1,0,1,0,0
2026-03-10 20:55:55,1,0,1,0,0
2026-03-10 20:55:56,1,0,1,0,0
2026-03-10 20:55:56,1,0,1,0,0
2026-03-10 20:55:56,1,0,1,0,0
2026-03-10 20:55:56,1,0,1,0,0
2026-03-10 20:55:56,1,0,1,0,0
2026-03-10 20:55:56,1,0,1,0,0
2026-03-10 20:55:57,1,0,1,0,0
2026-03-10 20:55:57,1,0,1,0,0
2026-03-10 20:55:57,1,0,1,0,0
2026-03-10 20:55:57,1,0,1,0,0
2026-03-10 20:55:58,1,0,1,0,0
2026-03-10 20:55:58,1,0,1,0,0
2026-03-10 20:55:58,1,0,1,0,0
2026-03-10 20:55:58,1,0,1,0,0
2026-03-10 20:55:58,1,0,1,0,0
2026-03-10 20:55:58,1,0,1,0,0
2026-03-10 20:55:59,1,0,1,0,0
2026-03-10 20:55:59,1,0,1,0,0
2026-03-10 20:55:59,1,0,1,0,0
2026-03-10 20:55:59,1,0,1,0,0
2026-03-10 20:55:59,1,0,1,0,0
2026-03-10 20:56:00,1,0,1,0,0
2026-03-10 20:56:00,1,0,1,0,0
2026-03-10 20:56:00,1,0,1,0,0
2026-03-10 20:56:00,1,0,1,0,0
2026-03-10 20:56:00,1,0,1,0,0
2026-03-10 20:56:00,1,0,1,0,0
2026-03-10 20:56:01,1,0,1,0,0
2026-03-10 20:56:01,1,0,1,0,0
2026-03-10 20:56:01,1,0,1,0,0
2026-03-10 20:56:01,1,0,1,0,0
2026-03-10 20:56:01,1,0,1,0,0
2026-03-10 20:56:01,1,0,1,0,0
2026-03-10 20:56:02,1,0,1,0,0
2026-03-10 20:56:02,1,0,1,0,0
2026-03-10 20:56:02,1,0,1,0,0
2026-03-10 20:56:02,1,0,1,0,0
2026-03-10 20:56:02,1,0,1,0,0
2026-03-10 20:56:02,1,0,1,0,0
2026-03-10 20:56:03,1,0,1,0,0
2026-03-10 20:56:03,1,0,1,0,0
2026-03-10 20:56:03,1,0,1,0,0
2026-03-10 20:56:03,1,0,1,0,0
2026-03-10 20:56:03,1,0,1,0,0
2026-03-10 20:56:03,1,0,1,0,0
2026-03-10 20:56:04,1,0,1,0,0
2026-03-10 20:56:04,1,0,1,0,0
2026-03-10 20:56:04,1,0,1,0,0
2026-03-10 20:56:04,1,0,1,0,0
2026-03-10 20:56:04,1,0,1,0,0
2026-03-10 20:56:04,1,0,1,0,0
2026-03-10 20:56:04,1,0,1,0,0
2026-03-10 20:56:05,1,0,1,0,0
2026-03-10 20:56:05,1,0,1,0,0
2026-03-10 20:56:05,1,0,1,0,0
2026-03-10 20:56:05,1,0,1,0,0
2026-03-10 20:56:05,1,0,1,0,0
2026-03-10 20:56:05,1,0,1,0,0
2026-03-10 20:56:06,1,0,1,0,0
2026-03-10 20:56:06,1,0,1,0,0
2026-03-10 20:56:06,1,0,1,0,0
2026-03-10 20:56:06,1,0,1,0,0
2026-03-10 20:56:06,1,0,1,0,0
2026-03-10 20:56:06,1,0,1,0,0
2026-03-10 20:56:07,1,0,1,0,0
2026-03-10 20:56:07,1,0,1,0,0
2026-03-10 20:56:07,1,0,1,0,0
2026-03-10 20:56:07,1,0,1,0,0
2026-03-10 20:56:07,1,0,1,0,0
2026-03-10 20:56:07,1,0,1,0,0
2026-03-10 20:56:08,1,0,1,0,0
2026-03-10 20:56:08,1,0,1,0,0
2026-03-10 20:56:08,1,0,1,0,0
2026-03-10 20:56:08,1,0,1,0,0
2026-03-10 20:56:08,1,0,1,0,0
2026-03-10 20:56:08,1,0,1,0,0
2026-03-10 20:56:09,1,0,1,0,0
2026-03-10 20:56:09,1,0,1,0,0
2026-03-10 20:56:09,1,0,1,0,0
2026-03-10 20:56:09,1,0,1,0,0
2026-03-10 20:56:09,1,0,1,0,0
2026-03-10 20:56:09,1,0,1,0,0
2026-03-10 20:56:10,1,0,1,0,0
2026-03-10 20:56:10,1,0,1,0,0
2026-03-10 20:56:10,1,0,1,0,0
2026-03-10 20:56:10,1,0,1,0,0
2026-03-10 20:56:10,1,0,1,0,0
2026-03-10 20:56:10,1,0,1,0,0
2026-03-10 20:56:10,1,0,1,0,0
2026-03-10 20:56:11,1,0,1,0,0
2026-03-10 20:56:11,1,0,1,0,0
2026-03-10 20:56:11,1,0,1,0,0
2026-03-10 20:56:11,1,0,1,0,0
2026-03-10 20:56:11,1,0,1,0,0
2026-03-10 20:56:11,1,0,1,0,0
2026-03-10 20:56:12,1,0,1,0,0
2026-03-10 20:56:12,1,0,1,0,0
2026-03-10 20:56:12,1,0,1,0,0
2026-03-10 20:56:12,1,0,1,0,0
2026-03-10 20:56:12,1,0,1,0,0
2026-03-10 20:56:12,1,0,1,0,0
2026-03-10 20:56:13,1,0,1,0,0
2026-03-10 20:56:13,1,0,1,0,0
2026-03-10 20:56:13,1,0,1,0,0
2026-03-10 20:56:13,1,0,1,0,0
2026-03-10 20:56:13,1,0,1,0,0
2026-03-10 20:56:13,1,0,1,0,0
2026-03-10 20:56:14,1,0,1,0,0
2026-03-10 20:56:14,1,0,1,0,0
2026-03-10 20:56:14,1,0,1,0,0
2026-03-10 20:56:14,1,0,1,0,0
2026-03-10 20:56:14,1,0,1,0,0
2026-03-10 20:56:14,1,0,1,0,0
2026-03-10 20:56:15,1,0,1,0,0
2026-03-10 20:56:15,1,0,1,0,0
2026-03-10 20:56:15,1,0,1,0,0
2026-03-10 20:56:15,1,0,1,0,0
2026-03-10 20:56:15,1,0,1,0,0
2026-03-10 20:56:15,1,0,1,0,0
2026-03-10 20:56:15,1,0,1,0,0
2026-03-10 20:56:16,1,0,1,0,0
2026-03-10 20:56:16,1,0,1,0,0
2026-03-10 20:56:16,1,0,1,0,0
2026-03-10 20:56:16,1,0,1,0,0
2026-03-10 20:56:16,1,0,1,0,0
2026-03-10 20:56:17,1,0,1,0,0
2026-03-10 20:56:17,1,0,1,0,0
2026-03-10 20:56:17,1,0,1,0,0
2026-03-10 20:56:17,1,0,1,0,0
2026-03-10 20:56:17,1,0,1,0,0
2026-03-10 20:56:17,1,0,1,0,0
2026-03-10 20:56:17,1,0,1,0,0
2026-03-10 20:56:18,1,0,1,0,0
2026-03-10 20:56:18,1,0,1,0,0
2026-03-10 20:56:18,1,0,1,0,0
2026-03-10 20:56:18,1,0,1,0,0
2026-03-10 20:56:18,1,0,1,0,0
2026-03-10 20:56:18,1,0,1,0,0
2026-03-10 20:56:19,1,0,1,0,0
2026-03-10 20:56:19,1,0,1,0,0
2026-03-10 20:56:19,1,0,1,0,0
2026-03-10 20:56:19,1,0,1,0,0
2026-03-10 20:56:19,1,0,1,0,0
2026-03-10 20:56:19,1,0,1,0,0
2026-03-10 20:56:20,1,0,1,0,0
2026-03-10 20:56:20,1,0,1,0,0
2026-03-10 20:56:20,1,0,1,0,0
2026-03-10 20:56:20,1,0,1,0,0
2026-03-10 20:56:20,1,0,1,0,0
2026-03-10 20:56:20,1,0,1,0,0
2026-03-10 20:56:21,1,0,1,0,0
2026-03-10 20:56:21,1,0,1,0,0
2026-03-10 20:56:21,1,0,1,0,0
2026-03-10 20:56:21,1,0,1,0,0
2026-03-10 20:56:21,1,0,1,0,0
2026-03-10 20:56:21,1,0,1,0,0
2026-03-10 20:56:22,1,0,1,0,0
2026-03-10 20:56:22,1,0,1,0,0
2026-03-10 20:56:22,1,0,1,0,0
2026-03-10 20:56:22,1,0,1,0,0
2026-03-10 20:56:22,1,0,1,0,0
2026-03-10 20:56:22,1,0,1,0,0
2026-03-10 20:56:23,1,0,1,0,0
2026-03-10 20:56:23,1,0,1,0,0
2026-03-10 20:56:23,1,0,1,0,0
2026-03-10 20:56:23,1,0,1,0,0
2026-03-10 20:56:23,1,0,1,0,0
2026-03-10 20:56:24,1,0,1,0,0
2026-03-10 20:56:24,1,0,1,0,0
2026-03-10 20:56:24,1,0,1,0,0
2026-03-10 20:56:24,1,0,1,0,0
2026-03-10 20:56:24,1,0,1,0,0
2026-03-10 20:56:24,1,0,1,0,0
2026-03-10 20:56:25,1,0,1,0,0
2026-03-10 20:56:25,1,0,1,0,0
2026-03-10 20:56:25,1,0,1,0,0
2026-03-10 20:56:25,1,0,1,0,0
2026-03-10 20:56:25,1,0,1,0,0
2026-03-10 20:56:25,1,0,1,0,0
2026-03-10 20:56:25,1,0,1,0,0
2026-03-10 20:56:26,1,0,1,0,0
2026-03-10 20:56:26,1,0,1,0,0
2026-03-10 20:56:26,1,0,1,0,0
2026-03-10 20:56:26,1,0,1,0,0
2026-03-10 20:56:26,1,0,1,0,0
2026-03-10 20:56:26,1,0,1,0,0
2026-03-10 20:56:27,1,0,1,0,0
2026-03-10 20:56:27,1,0,1,0,0
2026-03-10 20:56:27,1,0,1,0,0
2026-03-10 20:56:27,1,0,1,0,0
2026-03-10 20:56:27,1,0,1,0,0
2026-03-10 20:56:27,1,0,1,0,0
2026-03-10 20:56:28,1,0,1,0,0
2026-03-10 20:56:28,1,0,1,0,0
2026-03-10 20:56:28,1,0,1,0,0
2026-03-10 20:56:28,1,0,1,0,0
2026-03-10 20:56:28,1,0,1,0,0
2026-03-10 20:56:28,1,0,1,0,0
2026-03-10 20:56:29,1,0,1,0,0
2026-03-10 20:56:29,1,0,1,0,0
2026-03-10 20:56:29,1,0,1,0,0
2026-03-10 20:56:29,1,0,1,0,0
2026-03-10 20:56:29,1,0,1,0,0
2026-03-10 20:56:29,1,0,1,0,0
2026-03-10 20:56:30,1,0,1,0,0
2026-03-10 20:56:30,1,0,1,0,0
2026-03-10 20:56:30,1,0,1,0,0
2026-03-10 20:56:30,1,0,1,0,0
2026-03-10 20:56:30,1,0,1,0,0
2026-03-10 20:56:30,1,0,1,0,0
2026-03-10 20:56:31,1,0,1,0,0
2026-03-10 20:56:31,1,0,1,0,0
2026-03-10 20:56:31,1,0,1,0,0
2026-03-10 20:56:31,1,0,1,0,0
2026-03-10 20:56:31,1,0,1,0,0
2026-03-10 20:56:31,1,0,1,0,0
2026-03-10 20:56:32,1,0,1,0,0
2026-03-10 20:56:32,1,0,1,0,0
2026-03-10 20:56:32,1,0,1,0,0
2026-03-10 20:56:32,1,0,1,0,0
2026-03-10 20:56:32,1,0,1,0,0
2026-03-10 20:56:32,1,0,1,0,0
2026-03-10 20:56:33,1,0,1,0,0
2026-03-10 20:56:33,1,0,1,0,0
2026-03-10 20:56:33,1,0,1,0,0
2026-03-10 20:56:33,1,0,1,0,0
2026-03-10 20:56:33,1,0,1,0,0
2026-03-10 20:56:33,1,0,1,0,0
2026-03-10 20:56:34,1,0,1,0,0
2026-03-10 20:56:34,1,0,1,0,0
2026-03-10 20:56:34,1,0,1,0,0
2026-03-10 20:56:34,1,0,1,0,0
2026-03-10 20:56:34,1,0,1,0,0
2026-03-10 20:56:35,1,0,1,0,0
2026-03-10 20:56:35,1,0,1,0,0
2026-03-10 20:56:35,1,0,1,0,0
2026-03-10 20:56:35,1,0,1,0,0
2026-03-10 20:56:35,1,0,1,0,0
2026-03-10 20:56:35,1,0,1,0,0
2026-03-10 20:56:36,1,0,1,0,0
2026-03-10 20:56:36,1,0,1,0,0
2026-03-10 20:56:36,1,0,1,0,0
2026-03-10 20:56:36,1,0,1,0,0
2026-03-10 20:56:36,1,0,1,0,0
2026-03-10 20:56:36,1,0,1,0,0
2026-03-10 20:56:37,1,0,1,0,0
2026-03-10 20:56:37,1,0,1,0,0
2026-03-10 20:56:37,1,0,1,0,0
2026-03-10 20:56:37,1,0,1,0,0
2026-03-10 20:56:37,1,0,1,0,0
2026-03-10 20:56:37,1,0,1,0,0
2026-03-10 20:56:38,1,0,1,0,0
2026-03-10 20:56:38,1,0,1,0,0
2026-03-10 20:56:38,1,0,1,0,0
2026-03-10 20:56:38,1,0,1,0,0
2026-03-10 20:56:38,1,0,1,0,0
2026-03-10 20:56:38,1,0,1,0,0
2026-03-10 20:56:39,1,0,1,0,0
2026-03-10 20:56:39,1,0,1,0,0
2026-03-10 20:56:39,1,0,1,0,0
2026-03-10 20:56:39,1,0,1,0,0
2026-03-10 20:56:39,1,0,1,0,0
2026-03-10 20:56:39,1,0,1,0,0
2026-03-10 20:56:40,1,0,1,0,0
2026-03-10 20:56:40,1,0,1,0,0
2026-03-10 20:56:40,1,0,1,0,0
2026-03-10 20:56:40,1,0,1,0,0
2026-03-10 20:56:40,1,0,1,0,0
2026-03-10 20:56:40,1,0,1,0,0
2026-03-10 20:56:41,1,0,1,0,0
2026-03-10 20:56:41,1,0,1,0,0
2026-03-10 20:56:41,1,0,1,0,0
2026-03-10 20:56:41,1,0,1,0,0
2026-03-10 20:56:41,1,0,1,0,0
2026-03-10 20:56:41,1,0,1,0,0
2026-03-10 20:56:42,1,0,1,0,0
2026-03-10 20:56:42,1,0,1,0,0
2026-03-10 20:56:42,1,0,1,0,0
2026-03-10 20:56:42,1,0,1,0,0
2026-03-10 20:56:42,1,0,1,0,0
2026-03-10 20:56:42,1,0,1,0,0
2026-03-10 20:56:43,1,0,1,0,0
2026-03-10 20:56:43,1,0,1,0,0
2026-03-10 20:56:43,1,0,1,0,0
2026-03-10 20:56:43,1,0,1,0,0
2026-03-10 20:56:43,1,0,1,0,0
2026-03-10 20:56:43,1,0,1,0,0
2026-03-10 20:56:43,1,0,1,0,0
2026-03-10 20:56:44,1,0,1,0,0
2026-03-10 20:56:44,1,0,1,0,0
2026-03-10 20:56:44,1,0,1,0,0
2026-03-10 20:56:44,1,0,1,0,0
2026-03-10 20:56:44,1,0,1,0,0
2026-03-10 20:56:44,1,0,1,0,0
2026-03-10 20:56:45,1,0,1,0,0
2026-03-10 20:56:45,1,0,1,0,0
2026-03-10 20:56:45,1,0,1,0,0
2026-03-10 20:56:45,1,0,1,0,0
2026-03-10 20:56:45,1,0,1,0,0
2026-03-10 20:56:45,1,0,1,0,0
2026-03-10 20:56:46,1,0,1,0,0
2026-03-10 20:56:46,1,0,1,0,0
2026-03-10 20:56:46,1,0,1,0,0
2026-03-10 20:56:46,1,0,1,0,0
2026-03-10 20:56:46,1,0,1,0,0
2026-03-10 20:56:46,1,0,1,0,0
2026-03-10 20:56:47,1,0,1,0,0
2026-03-10 20:56:47,1,0,1,0,0
2026-03-10 20:56:47,1,0,1,0,0
2026-03-10 20:56:47,1,0,1,0,0
2026-03-10 20:56:47,1,0,1,0,0
2026-03-10 20:56:47,1,0,1,0,0
2026-03-10 20:56:48,1,0,1,0,0
2026-03-10 20:56:48,1,0,1,0,0
2026-03-10 20:56:48,1,0,1,0,0
2026-03-10 20:56:48,1,0,1,0,0
2026-03-10 20:56:48,1,0,1,0,0
2026-03-10 20:56:48,1,0,1,0,0
2026-03-10 20:56:49,1,0,1,0,0
2026-03-10 20:56:49,1,0,1,0,0
2026-03-10 20:56:49,1,0,1,0,0
2026-03-10 20:56:49,1,0,1,0,0
2026-03-10 20:56:49,1,0,1,0,0
2026-03-10 20:56:49,1,0,1,0,0
2026-03-10 20:56:50,1,0,1,0,0
2026-03-10 20:56:50,1,0,1,0,0
2026-03-10 20:56:50,1,0,1,0,0
2026-03-10 20:56:50,1,0,1,0,0
2026-03-10 20:56:50,1,0,1,0,0
2026-03-10 20:56:50,1,0,1,0,0
2026-03-10 20:56:50,1,0,1,0,0
2026-03-10 20:56:51,1,0,1,0,0
2026-03-10 20:56:51,1,0,1,0,0
2026-03-10 20:56:51,1,0,1,0,0
2026-03-10 20:56:51,1,0,1,0,0
2026-03-10 20:56:51,1,0,1,0,0
2026-03-10 20:56:52,1,0,1,0,0
2026-03-10 20:56:52,1,0,1,0,0
2026-03-10 20:56:52,1,0,1,0,0
2026-03-10 20:56:52,1,0,1,0,0
2026-03-10 20:56:52,1,0,1,0,0
2026-03-10 20:56:52,1,0,1,0,0
2026-03-10 20:56:53,1,0,1,0,0
2026-03-10 20:56:53,1,0,1,0,0
2026-03-10 20:56:53,1,0,1,0,0
2026-03-10 20:56:53,1,0,1,0,0
2026-03-10 20:56:53,1,0,1,0,0
2026-03-10 20:56:54,1,0,1,0,0
2026-03-10 20:56:54,1,0,1,0,0
2026-03-10 20:56:54,1,0,1,0,0
2026-03-10 20:56:54,1,0,1,0,0
2026-03-10 20:56:54,1,0,1,0,0
2026-03-10 20:56:54,1,0,1,0,0
2026-03-10 20:56:55,1,0,1,0,0
2026-03-10 20:56:55,1,0,1,0,0
2026-03-10 20:56:55,1,0,1,0,0
2026-03-10 20:56:55,1,0,1,0,0
2026-03-10 20:56:55,1,0,1,0,0
2026-03-10 20:56:55,1,0,1,0,0
2026-03-10 20:56:56,1,0,1,0,0
2026-03-10 20:56:56,1,0,1,0,0
2026-03-10 20:56:56,1,0,1,0,0
2026-03-10 20:56:56,1,0,1,0,0
2026-03-10 20:56:56,1,0,1,0,0
2026-03-10 20:56:56,1,0,1,0,0
2026-03-10 20:56:57,1,0,1,0,0
2026-03-10 20:56:57,1,0,1,0,0
2026-03-10 20:56:57,1,0,1,0,0
2026-03-10 20:56:57,1,0,1,0,0
2026-03-10 20:56:57,1,0,1,0,0
2026-03-10 20:56:58,1,0,1,0,0
2026-03-10 20:56:58,1,0,1,0,0
2026-03-10 20:56:58,1,0,1,0,0
2026-03-10 20:56:58,1,0,1,0,0
2026-03-10 20:56:58,1,0,1,0,0
2026-03-10 20:56:58,1,0,1,0,0
2026-03-10 20:56:59,1,0,1,0,0
2026-03-10 20:56:59,1,0,1,0,0
2026-03-10 20:56:59,1,0,1,0,0
2026-03-10 20:56:59,1,0,1,0,0
2026-03-10 20:57:00,1,0,1,0,0
2026-03-10 20:57:00,1,0,1,0,0
2026-03-10 20:57:00,1,0,1,0,0
2026-03-10 20:57:00,1,0,1,0,0
2026-03-10 20:57:00,1,0,1,0,0
2026-03-10 20:57:00,1,0,1,0,0
2026-03-10 20:57:01,1,0,1,0,0
2026-03-10 20:57:01,1,0,1,0,0
2026-03-10 20:57:01,1,0,1,0,0
2026-03-10 20:57:01,1,0,1,0,0
2026-03-10 20:57:01,1,0,1,0,0
2026-03-10 20:57:01,1,0,1,0,0
2026-03-10 20:57:02,1,0,1,0,0
2026-03-10 20:57:02,1,0,1,0,0
2026-03-10 20:57:02,1,0,1,0,0
2026-03-10 20:57:02,1,0,1,0,0
2026-03-10 20:57:02,1,0,1,0,0
2026-03-10 20:57:02,1,0,1,0,0
2026-03-10 20:57:03,1,0,1,0,0
2026-03-10 20:57:03,1,0,1,0,0
2026-03-10 20:57:03,1,0,1,0,0
2026-03-10 20:57:03,1,0,1,0,0
2026-03-10 20:57:04,1,0,1,0,0
2026-03-10 20:57:04,1,0,1,0,0
2026-03-10 20:57:04,1,0,1,0,0
2026-03-10 20:57:04,1,0,1,0,0
2026-03-10 20:57:04,1,0,1,0,0
2026-03-10 20:57:04,1,0,1,0,0
2026-03-10 20:57:05,1,0,1,0,0
2026-03-10 20:57:05,1,0,1,0,0
2026-03-10 20:57:05,1,0,1,0,0
2026-03-10 20:57:05,1,0,1,0,0
2026-03-10 20:57:05,1,0,1,0,0
2026-03-10 20:57:06,1,0,1,0,0
2026-03-10 20:57:06,1,0,1,0,0
2026-03-10 20:57:06,1,0,1,0,0
2026-03-10 20:57:06,1,0,1,0,0
2026-03-10 20:57:06,1,0,1,0,0
2026-03-10 20:57:06,1,0,1,0,0
2026-03-10 20:57:07,1,0,1,0,0
2026-03-10 20:57:07,1,0,1,0,0
2026-03-10 20:57:07,1,0,1,0,0
2026-03-10 20:57:07,1,0,1,0,0
2026-03-10 20:57:07,1,0,1,0,0
2026-03-10 20:57:07,1,0,1,0,0
2026-03-10 20:57:08,1,0,1,0,0
2026-03-10 20:57:08,1,0,1,0,0
2026-03-10 20:57:08,1,0,1,0,0
2026-03-10 20:57:08,1,0,1,0,0
2026-03-10 20:57:08,1,0,1,0,0
2026-03-10 20:57:09,1,0,1,0,0
2026-03-10 20:57:09,1,0,1,0,0
2026-03-10 20:57:09,1,0,1,0,0
2026-03-10 20:57:09,1,0,1,0,0
2026-03-10 20:57:09,1,0,1,0,0
2026-03-10 20:57:10,1,0,1,0,0
2026-03-10 20:57:10,1,0,1,0,0
2026-03-10 20:57:10,1,0,1,0,0
2026-03-10 20:57:10,1,0,1,0,0
2026-03-10 20:57:10,1,0,1,0,0
2026-03-10 20:57:11,1,0,1,0,0
2026-03-10 20:57:11,1,0,1,0,0
2026-03-10 20:57:11,1,0,1,0,0
2026-03-10 20:57:11,1,0,1,0,0
2026-03-10 20:57:11,1,0,1,0,0
2026-03-10 20:57:12,1,0,1,0,0
2026-03-10 20:57:12,1,0,1,0,0
2026-03-10 20:57:12,1,0,1,0,0
2026-03-10 20:57:12,1,0,1,0,0
2026-03-10 20:57:12,1,0,1,0,0
2026-03-10 20:57:13,1,0,1,0,0
2026-03-10 20:57:13,1,0,1,0,0
2026-03-10 20:57:13,1,0,1,0,0
2026-03-10 20:57:13,1,0,1,0,0
2026-03-10 20:57:14,1,0,1,0,0
2026-03-10 20:57:14,1,0,1,0,0
2026-03-10 20:57:14,1,0,1,0,0
2026-03-10 20:57:14,1,0,1,0,0
2026-03-10 20:57:14,1,0,1,0,0
2026-03-10 20:57:14,1,0,1,0,0
2026-03-10 20:57:15,1,0,1,0,0
2026-03-10 20:57:15,1,0,1,0,0
2026-03-10 20:57:15,1,0,1,0,0
2026-03-10 20:57:15,1,0,1,0,0
2026-03-10 20:57:15,1,0,1,0,0
2026-03-10 20:57:16,1,0,1,0,0
2026-03-10 20:57:16,1,0,1,0,0
2026-03-10 20:57:16,1,0,1,0,0
2026-03-10 20:57:16,1,0,1,0,0
2026-03-10 20:57:16,1,0,1,0,0
2026-03-10 20:57:16,1,0,1,0,0
2026-03-10 20:57:17,1,0,1,0,0
2026-03-10 20:57:17,1,0,1,0,0
2026-03-10 20:57:17,1,0,1,0,0
2026-03-10 20:57:17,1,0,1,0,0
2026-03-10 20:57:18,1,0,1,0,0
2026-03-10 20:57:18,1,0,1,0,0
2026-03-10 20:57:18,1,0,1,0,0
2026-03-10 20:57:18,1,0,1,0,0
2026-03-10 20:57:18,1,0,1,0,0
2026-03-10 20:57:19,1,0,1,0,0
2026-03-10 20:57:19,1,0,1,0,0
2026-03-10 20:57:19,1,0,1,0,0
2026-03-10 20:57:19,1,0,1,0,0
2026-03-10 20:57:19,1,0,1,0,0
2026-03-10 20:57:20,1,0,1,0,0
2026-03-10 20:57:20,1,0,1,0,0
2026-03-10 20:57:20,1,0,1,0,0
2026-03-10 20:57:20,1,0,1,0,0
2026-03-10 20:57:20,1,0,1,0,0
2026-03-10 20:57:20,1,0,1,0,0
2026-03-10 20:57:21,1,0,1,0,0
2026-03-10 20:57:21,1,0,1,0,0
2026-03-10 20:57:21,1,0,1,0,0
2026-03-10 20:57:21,1,0,1,0,0
2026-03-10 20:57:21,1,0,1,0,0
2026-03-10 20:57:21,1,0,1,0,0
2026-03-10 20:57:22,1,0,1,0,0
2026-03-10 20:57:22,1,0,1,0,0
2026-03-10 20:57:22,1,0,1,0,0
2026-03-10 20:57:22,1,0,1,0,0
2026-03-10 20:57:22,1,0,1,0,0
2026-03-10 20:57:22,1,0,1,0,0
2026-03-10 20:57:23,1,0,1,0,0
2026-03-10 20:57:23,1,0,1,0,0
2026-03-10 20:57:23,1,0,1,0,0
2026-03-10 20:57:23,1,0,1,0,0
2026-03-10 20:57:24,1,0,1,0,0
2026-03-10 20:57:24,1,0,1,0,0
2026-03-10 20:57:24,1,0,1,0,0
2026-03-10 20:57:24,1,0,1,0,0
2026-03-10 20:57:24,1,0,1,0,0
2026-03-10 20:57:25,1,0,1,0,0
2026-03-10 20:57:25,1,0,1,0,0
2026-03-10 20:57:25,1,0,1,0,0
2026-03-10 20:57:25,1,0,1,0,0
2026-03-10 20:57:25,1,0,1,0,0
2026-03-10 20:57:26,1,0,1,0,0
2026-03-10 20:57:26,1,0,1,0,0
2026-03-10 20:57:26,1,0,1,0,0
2026-03-10 20:57:26,1,0,1,0,0
2026-03-10 20:57:26,1,0,1,0,0
2026-03-10 20:57:26,1,0,1,0,0
2026-03-10 20:57:27,1,0,1,0,0
2026-03-10 20:57:27,1,0,1,0,0
2026-03-10 20:57:27,1,0,1,0,0
2026-03-10 20:57:27,1,0,1,0,0
2026-03-10 20:57:27,1,0,1,0,0
2026-03-10 20:57:27,1,0,1,0,0
2026-03-10 20:57:28,1,0,1,0,0
2026-03-10 20:57:28,1,0,1,0,0
2026-03-10 20:57:28,1,0,1,0,0
2026-03-10 20:57:28,1,0,1,0,0
2026-03-10 20:57:28,1,0,1,0,0
2026-03-10 20:57:28,1,0,1,0,0
2026-03-10 20:57:29,1,0,1,0,0
2026-03-10 20:57:29,1,0,1,0,0
2026-03-10 20:57:29,1,0,1,0,0
2026-03-10 20:57:29,1,0,1,0,0
2026-03-10 20:57:29,1,0,1,0,0
2026-03-10 20:57:29,1,0,1,0,0
2026-03-10 20:57:30,1,0,1,0,0
2026-03-10 20:57:30,1,0,1,0,0
2026-03-10 20:57:30,1,0,1,0,0
2026-03-10 20:57:30,1,0,1,0,0
2026-03-10 20:57:30,1,0,1,0,0
2026-03-10 20:57:30,1,0,1,0,0
2026-03-10 20:57:31,1,0,1,0,0
2026-03-10 20:57:31,1,0,1,0,0
2026-03-10 20:57:31,1,0,1,0,0
2026-03-10 20:57:31,1,0,1,0,0
2026-03-10 20:57:31,1,0,1,0,0
2026-03-10 20:57:31,1,0,1,0,0
2026-03-10 20:57:32,1,0,1,0,0
2026-03-10 20:57:32,1,0,1,0,0
2026-03-10 20:57:32,1,0,1,0,0
2026-03-10 20:57:32,1,0,1,0,0
2026-03-10 20:57:32,1,0,1,0,0
2026-03-10 20:57:32,1,0,1,0,0
2026-03-10 20:57:33,1,0,1,0,0
2026-03-10 20:57:33,1,0,1,0,0
2026-03-10 20:57:33,1,0,1,0,0
2026-03-10 20:57:33,1,0,1,0,0
2026-03-10 20:57:33,1,0,1,0,0
2026-03-10 20:57:33,1,0,1,0,0
2026-03-10 20:57:34,1,0,1,0,0
2026-03-10 20:57:34,1,0,1,0,0
2026-03-10 20:57:34,1,0,1,0,0
2026-03-10 20:57:34,1,0,1,0,0
2026-03-10 20:57:34,1,0,1,0,0
2026-03-10 20:57:35,1,0,1,0,0
2026-03-10 20:57:35,1,0,1,0,0
2026-03-10 20:57:35,1,0,1,0,0
2026-03-10 20:57:35,1,0,1,0,0
2026-03-10 20:57:35,1,0,1,0,0
2026-03-10 20:57:35,1,0,1,0,0
2026-03-10 20:57:36,1,0,1,0,0
2026-03-10 20:57:36,1,0,1,0,0
2026-03-10 20:57:36,1,0,1,0,0
2026-03-10 20:57:36,1,0,1,0,0
2026-03-10 20:57:36,1,0,1,0,0
2026-03-10 20:57:37,1,0,1,0,0
2026-03-10 20:57:37,1,0,1,0,0
2026-03-10 20:57:37,1,0,1,0,0
2026-03-10 20:57:37,1,0,1,0,0
2026-03-10 20:57:38,1,0,1,0,0
2026-03-10 20:57:38,1,0,1,0,0
2026-03-10 20:57:38,1,0,1,0,0
2026-03-10 20:57:38,1,0,1,0,0
2026-03-10 20:57:38,1,0,1,0,0
2026-03-10 20:57:38,1,0,1,0,0
2026-03-10 20:57:39,1,0,1,0,0
2026-03-10 20:57:39,1,0,1,0,0
2026-03-10 20:57:39,1,0,1,0,0
2026-03-10 20:57:39,1,0,1,0,0
2026-03-10 20:57:39,1,0,1,0,0
2026-03-10 20:57:39,1,0,1,0,0
2026-03-10 20:57:40,1,0,1,0,0
2026-03-10 20:57:40,1,0,1,0,0
2026-03-10 20:57:40,1,0,1,0,0
2026-03-10 20:57:40,1,0,1,0,0
2026-03-10 20:57:40,1,0,1,0,0
2026-03-10 20:57:40,1,0,1,0,0
2026-03-10 20:57:41,1,0,1,0,0
2026-03-10 20:57:41,1,0,1,0,0
2026-03-10 20:57:41,1,0,1,0,0
2026-03-10 20:57:41,1,0,1,0,0
2026-03-10 20:57:41,1,0,1,0,0
2026-03-10 20:57:41,1,0,1,0,0
2026-03-10 20:57:42,1,0,1,0,0
2026-03-10 20:57:42,1,0,1,0,0
2026-03-10 20:57:42,1,0,1,0,0
2026-03-10 20:57:42,1,0,1,0,0
2026-03-10 20:57:43,1,0,1,0,0
2026-03-10 20:57:43,1,0,1,0,0
2026-03-10 20:57:43,1,0,1,0,0
2026-03-10 20:57:43,1,0,1,0,0
2026-03-10 20:57:43,1,0,1,0,0
2026-03-10 20:57:44,1,0,1,0,0
2026-03-10 20:57:44,1,0,1,0,0
2026-03-10 20:57:44,1,0,1,0,0
2026-03-10 20:57:44,1,0,1,0,0
2026-03-10 20:57:44,1,0,1,0,0
2026-03-10 20:57:44,1,0,1,0,0
2026-03-10 20:57:45,1,0,1,0,0
2026-03-10 20:57:45,1,0,1,0,0
2026-03-10 20:57:45,1,0,1,0,0
2026-03-10 20:57:45,1,0,1,0,0
2026-03-10 20:57:46,1,0,1,0,0
2026-03-10 20:57:46,1,0,1,0,0
2026-03-10 20:57:46,1,0,1,0,0
2026-03-10 20:57:46,1,0,1,0,0
2026-03-10 20:57:46,1,0,1,0,0
2026-03-10 20:57:46,1,0,1,0,0
2026-03-10 20:57:47,1,0,1,0,0
2026-03-10 20:57:47,1,0,1,0,0
2026-03-10 20:57:47,1,0,1,0,0
2026-03-10 20:57:47,1,0,1,0,0
2026-03-10 20:57:47,1,0,1,0,0
2026-03-10 20:57:48,1,0,1,0,0
2026-03-10 20:57:48,1,0,1,0,0
2026-03-10 20:57:48,1,0,1,0,0
2026-03-10 20:57:48,1,0,1,0,0
2026-03-10 20:57:48,1,0,1,0,0
2026-03-10 20:57:48,1,0,1,0,0
2026-03-10 20:57:48,1,0,1,0,0
2026-03-10 20:57:49,1,0,1,0,0
2026-03-10 20:57:49,1,0,1,0,0
2026-03-10 20:57:49,1,0,1,0,0
2026-03-10 20:57:49,1,0,1,0,0
2026-03-10 20:57:49,1,0,1,0,0
2026-03-10 20:57:49,1,0,1,0,0
2026-03-10 20:57:49,1,0,1,0,0
2026-03-10 20:57:50,1,0,1,0,0
2026-03-10 20:57:50,1,0,1,0,0
2026-03-16 20:52:24,0,0,0,0,0
2026-03-16 20:52:25,0,0,0,0,0
2026-03-16 20:52:25,0,0,0,0,0
2026-03-16 20:52:25,0,0,0,0,0
2026-03-16 20:52:26,0,0,0,0,0
2026-03-16 20:52:28,0,0,0,1,0
2026-03-16 20:52:35,0,0,0,1,0
2026-03-16 20:52:37,0,0,0,0,0
2026-03-16 20:52:42,0,0,0,0,0
2026-03-16 20:52:45,0,0,0,0,0
2026-03-16 20:52:50,0,0,0,0,0
2026-03-16 20:52:53,0,0,0,1,0
2026-03-16 20:53:02,0,0,0,0,0
2026-03-16 20:53:05,0,0,0,0,0
2026-03-16 20:53:07,0,0,0,1,0
2026-03-16 20:53:08,0,0,0,1,0
2026-03-16 20:53:09,0,0,0,0,0
2026-03-16 20:53:10,0,0,0,1,0
2026-03-16 20:53:11,0,0,0,0,0
2026-03-16 20:53:11,0,0,0,0,0
2026-03-16 20:53:12,0,0,0,0,0
2026-03-16 20:53:12,0,0,0,1,0
2026-03-16 20:53:14,0,0,0,0,0
2026-03-16 20:53:14,0,0,0,0,0
2026-03-16 20:53:15,0,0,0,0,0
2026-03-16 20:53:15,0,0,0,0,0
2026-03-16 20:53:17,0,0,0,0,0
2026-03-16 20:53:17,0,0,0,0,0
2026-03-16 20:53:18,0,0,0,0,0
2026-03-16 20:53:20,0,0,0,0,0
2026-03-16 20:53:21,0,0,0,1,0
2026-03-16 20:53:22,0,0,0,0,0
2026-03-16 20:53:24,0,0,0,0,0
2026-03-16 20:53:24,0,0,0,0,0
2026-03-16 20:53:25,0,0,0,1,0
2026-03-16 20:53:25,0,0,0,1,0
2026-03-16 20:53:26,0,0,0,1,0
2026-03-16 20:53:26,0,0,0,1,0
2026-03-16 20:53:27,0,0,0,1,0
2026-03-16 20:53:29,0,0,0,1,0
2026-03-16 20:53:29,0,0,0,1,0
2026-03-16 20:53:30,0,0,0,1,0
2026-03-16 20:53:32,0,0,0,1,0
2026-03-16 20:53:32,0,0,0,1,0
2026-03-16 20:53:33,0,0,0,1,0
2026-03-16 20:53:33,0,0,0,1,0
2026-03-16 20:53:34,0,0,0,1,0
2026-03-16 20:53:35,0,0,0,1,0
2026-03-16 20:53:36,0,0,0,1,0
2026-03-16 20:53:36,0,0,0,1,0
2026-03-16 20:53:37,0,0,0,1,0
2026-03-16 20:53:39,0,0,0,1,0
2026-03-16 20:53:39,0,0,0,1,0
2026-03-16 20:53:40,0,0,0,1,0
2026-03-16 20:53:40,0,0,0,1,0
2026-03-16 20:53:41,0,0,0,1,0
2026-03-16 20:53:42,0,0,0,0,0
2026-03-16 20:53:43,0,0,0,1,0
2026-03-16 20:53:43,0,0,0,1,0
2026-03-16 20:53:45,0,0,0,0,0
2026-03-16 20:53:45,0,0,0,0,0
2026-03-16 20:53:45,0,0,0,0,0
2026-03-16 20:53:46,0,0,0,0,0
2026-03-17 11:40:30,0,0,0,1,0
2026-03-17 11:40:31,0,0,0,1,0
2026-03-17 11:40:32,0,0,0,1,0
2026-03-17 11:40:32,0,0,0,1,0
2026-03-17 11:40:32,0,0,0,1,0
2026-03-17 11:40:33,0,0,0,1,0
2026-03-17 11:40:33,0,0,0,1,0
2026-03-17 11:40:34,0,0,0,1,0
2026-03-17 11:40:34,0,0,0,1,0
2026-03-17 11:40:35,0,0,0,1,0
2026-03-17 11:40:35,0,0,0,0,0
2026-03-17 11:40:36,0,0,0,0,0
2026-03-17 11:40:36,0,0,0,0,0
2026-03-17 11:40:37,0,0,0,0,0
2026-03-17 11:40:37,0,0,0,0,0
2026-03-17 11:40:37,0,0,0,0,0
2026-03-17 11:40:38,0,0,0,0,0
2026-03-17 11:40:38,0,0,0,0,0
2026-03-17 11:40:38,0,0,0,0,0
2026-03-17 11:40:39,0,0,0,0,0
2026-03-17 11:40:40,0,0,0,0,0
2026-03-17 11:40:40,0,0,0,0,0
2026-03-17 11:40:41,0,0,0,0,0
2026-03-17 11:40:41,0,0,0,0,0
2026-03-17 11:40:41,0,0,0,0,0
2026-03-17 11:40:41,0,0,0,0,0
2026-03-17 11:40:41,0,0,0,0,0
2026-03-17 11:40:41,0,0,0,0,0
2026-03-17 11:40:42,0,0,0,0,0
2026-03-17 11:40:42,0,0,0,0,0
2026-03-17 11:40:42,0,0,0,0,0
2026-03-17 11:40:42,0,0,0,0,0
2026-03-17 11:40:42,0,0,0,0,0
2026-03-17 11:40:42,0,0,0,0,0
2026-03-17 11:40:43,0,0,0,0,0
2026-03-17 11:40:43,0,0,0,0,0
2026-03-17 11:40:43,0,0,0,0,0
2026-03-17 11:40:43,0,0,0,0,0
2026-03-17 11:40:43,0,0,0,0,0
2026-03-17 11:40:43,0,0,0,0,0
2026-03-17 11:40:43,0,0,0,0,0
2026-03-17 11:40:44,0,0,0,0,0
2026-03-17 11:40:44,0,0,0,0,0
2026-03-17 11:40:44,0,0,0,0,0
2026-03-17 11:40:44,0,0,0,0,0
2026-03-17 11:40:44,0,0,0,0,0
2026-03-17 11:40:44,0,0,0,0,0
2026-03-17 11:40:44,0,0,0,0,0
2026-03-17 11:40:45,0,0,0,0,0
2026-03-17 11:40:45,0,0,0,0,0
2026-03-17 11:40:45,0,0,0,0,0
2026-03-17 11:40:45,0,0,0,0,0
2026-03-17 11:40:45,0,0,0,0,0
2026-03-17 11:40:45,0,0,0,0,0
2026-03-17 11:40:46,0,0,0,0,0
2026-03-17 11:40:46,0,0,0,0,0
2026-03-17 11:40:46,0,0,0,0,0
2026-03-17 11:40:46,0,0,0,0,0
2026-03-17 11:40:46,0,0,0,0,0
2026-03-17 11:40:46,0,0,0,0,0
2026-03-17 11:40:46,0,0,0,0,0
2026-03-17 11:40:47,0,0,0,0,0
2026-03-17 11:40:47,0,0,0,0,0
2026-03-17 11:42:53,0,0,0,0,0
2026-03-17 11:42:54,0,0,0,1,0
2026-03-17 11:42:54,0,0,0,0,0
2026-03-17 11:42:54,0,0,0,0,0
2026-03-17 11:42:55,0,0,0,0,0
2026-03-17 11:42:55,0,0,0,0,0
2026-03-17 11:42:55,0,0,0,0,0
2026-03-17 11:42:55,0,0,0,0,0
2026-03-17 11:42:56,0,0,0,0,0
2026-03-17 11:42:56,0,0,0,0,0
2026-03-17 11:42:56,0,0,0,0,0
2026-03-17 11:42:56,0,0,0,1,0
2026-03-17 11:42:57,0,0,0,0,0
2026-03-17 11:42:57,0,0,0,1,0
2026-03-17 11:42:57,0,0,0,1,0
2026-03-17 11:42:58,0,0,0,1,0
2026-03-17 11:42:58,0,0,0,0,0
2026-03-17 11:42:58,0,0,0,0,0
2026-03-17 11:42:59,0,0,0,0,0
2026-03-17 11:42:59,0,0,0,1,0
2026-03-17 11:42:59,0,0,0,1,0
2026-03-17 11:42:59,0,0,0,1,0
2026-03-17 11:42:59,0,0,0,0,0
2026-03-17 11:43:00,0,0,0,0,0
2026-03-17 11:43:00,0,0,0,0,0
2026-03-17 11:43:00,0,0,0,0,0
2026-03-17 11:43:00,0,0,0,0,0
2026-03-17 11:43:00,0,0,0,1,0
2026-03-17 11:45:03,0,0,0,1,0
2026-03-17 11:45:04,0,0,0,1,0
2026-03-17 11:45:04,0,0,0,1,0
2026-03-17 11:45:04,0,0,0,1,0
2026-03-17 11:45:06,0,0,0,1,0
2026-03-17 11:45:08,0,0,0,0,0
2026-03-17 11:45:09,0,0,0,1,0
2026-03-17 11:45:10,0,0,0,1,0
2026-03-17 11:45:10,0,0,0,0,0
2026-03-17 11:45:11,0,0,0,0,0
2026-03-17 11:45:11,0,0,0,0,0
2026-03-17 11:45:12,0,0,0,0,0
2026-03-17 11:45:12,0,0,0,1,0
2026-03-17 11:45:13,0,0,0,0,0
2026-03-17 11:45:13,0,0,0,1,0
2026-03-17 11:45:14,0,0,0,1,0
2026-03-17 11:45:14,0,0,0,1,0
2026-03-17 11:45:15,0,0,0,1,0
2026-03-17 11:45:15,0,0,0,1,0
2026-03-17 11:45:16,0,0,0,1,0
2026-03-17 11:45:16,0,0,0,0,0
2026-03-17 11:45:17,0,0,0,0,0
2026-03-17 11:45:17,0,0,0,0,0
2026-03-17 11:45:18,0,0,0,0,0
2026-03-17 11:45:18,0,0,0,0,0
2026-03-17 11:45:19,0,0,0,0,0
2026-03-17 11:45:19,0,0,0,0,0
2026-03-17 11:45:20,0,0,0,0,0
2026-03-17 11:45:20,0,0,0,0,0
2026-03-17 11:45:21,0,0,0,0,0
2026-03-17 11:45:21,0,0,0,0,0
2026-03-17 11:45:22,0,0,0,0,0
2026-03-17 11:45:22,0,0,0,0,0
2026-03-17 11:45:22,0,0,0,0,0
2026-03-17 11:45:23,0,0,0,0,0
2026-03-17 11:45:23,0,0,0,0,0
2026-03-17 11:45:24,0,0,0,0,0
2026-03-17 11:45:24,0,0,0,0,0
2026-03-17 11:45:25,0,0,0,0,0
2026-03-17 11:45:25,0,0,0,0,0
2026-03-17 11:45:26,0,0,0,1,0
2026-03-17 11:45:26,0,0,0,0,0
2026-03-17 11:45:26,0,0,0,0,0
2026-03-17 11:45:27,0,0,0,1,0
2026-03-17 11:45:27,0,0,0,0,0
2026-03-17 11:45:28,0,0,0,0,0
2026-03-17 11:45:28,0,0,0,0,0
2026-03-17 11:45:28,0,0,0,0,0
2026-03-17 11:45:29,0,0,0,0,0
2026-03-17 11:45:29,0,0,0,0,0
2026-03-17 11:45:29,0,0,0,0,0
2026-03-17 11:45:30,0,0,0,0,0
2026-03-17 11:45:30,0,0,0,0,0
2026-03-17 11:45:31,0,0,0,0,0
2026-03-17 11:45:31,0,0,0,0,0
2026-03-17 11:45:32,0,0,0,0,0
2026-03-17 11:45:32,0,0,0,0,0
2026-03-17 11:45:33,0,0,0,0,0
2026-03-17 11:45:33,0,0,0,1,0
2026-03-17 11:45:34,0,0,0,0,0
2026-03-17 11:45:35,0,0,0,0,0
2026-03-17 11:45:35,0,0,0,0,0
2026-03-17 11:45:36,0,0,0,1,0
2026-03-17 11:45:36,0,0,0,0,0
2026-03-17 11:45:36,0,0,0,0,0
2026-03-17 11:45:37,0,0,0,0,0
2026-03-17 11:45:37,0,0,0,0,0
2026-03-17 11:45:38,0,0,0,0,0
2026-03-17 11:45:38,0,0,0,0,0
2026-03-17 11:45:38,0,0,0,0,0
2026-03-17 11:45:39,0,0,0,0,0
2026-03-17 11:45:39,0,0,0,0,0
2026-03-17 11:45:39,0,0,0,0,0
2026-03-17 11:45:40,0,0,0,1,0
2026-03-17 11:45:40,0,0,0,0,0
2026-03-17 11:45:40,0,0,0,0,0
2026-03-17 11:45:41,0,0,0,0,0
2026-03-17 11:45:41,0,0,0,0,0
2026-03-17 11:45:41,0,0,0,0,0
2026-03-17 11:45:42,0,0,0,0,0
2026-03-17 11:45:42,0,0,0,0,0
2026-03-17 11:45:43,0,0,0,0,0
2026-03-17 11:45:43,0,0,0,0,0
2026-03-17 11:45:43,0,0,0,0,0
2026-03-17 11:45:43,0,0,0,0,0
2026-03-17 11:45:44,0,0,0,0,0
2026-03-17 11:45:45,0,0,0,0,0
2026-03-17 11:45:46,0,0,0,1,0
2026-03-17 11:45:46,0,0,0,0,0
2026-03-17 11:45:47,0,0,0,0,0
2026-03-17 11:45:47,0,0,0,0,0
2026-03-17 11:45:47,0,0,0,0,0
2026-03-17 11:45:48,0,0,0,0,0
2026-03-17 11:45:48,0,0,0,0,0
2026-03-17 11:45:48,0,0,0,1,0
2026-03-17 11:45:49,0,0,0,0,0
2026-03-17 11:45:49,0,0,0,0,0
2026-03-17 11:45:49,0,0,0,1,0
2026-03-17 11:45:50,0,0,0,1,0
2026-03-17 11:45:50,0,0,0,1,0
2026-03-17 11:45:50,0,0,0,1,0
2026-03-17 11:45:50,0,0,0,1,0
2026-03-17 11:45:51,0,0,0,1,0
2026-03-17 11:45:51,0,0,0,1,0
2026-03-17 11:45:51,0,0,0,1,0
2026-03-17 11:45:51,0,0,0,1,0
2026-03-17 11:45:52,0,0,0,1,0
2026-03-17 11:45:52,0,0,0,1,0
2026-03-17 11:45:52,0,0,0,1,0
2026-03-17 11:45:52,0,0,0,1,0
2026-03-17 11:45:53,0,0,0,1,0
2026-03-17 11:45:53,0,0,0,1,0
2026-03-17 11:45:53,0,0,0,1,0
2026-03-17 11:45:53,0,0,0,0,0
2026-03-17 11:45:54,0,0,0,0,0
2026-03-17 11:45:54,0,0,0,0,0
2026-03-17 11:45:54,0,0,0,0,0
2026-03-17 11:45:54,0,0,0,1,0
2026-03-17 11:45:55,0,0,0,1,0
2026-03-17 11:45:55,0,0,0,1,0
2026-03-17 11:45:55,0,0,0,1,0
2026-03-17 11:45:55,0,0,0,1,0
2026-03-17 11:45:55,0,0,0,0,0
2026-03-17 11:45:56,0,0,0,0,0
2026-03-17 11:45:56,0,0,0,0,0
2026-03-17 11:45:56,0,0,0,0,0
2026-03-17 11:45:56,0,0,0,1,0
2026-03-17 11:45:57,0,0,0,1,0
2026-03-17 11:45:57,0,0,0,1,0
2026-03-17 11:45:57,0,0,0,1,0
2026-03-17 11:45:58,0,0,0,0,0
2026-03-17 11:45:58,0,0,0,0,0
2026-03-17 11:45:58,0,0,0,0,0
2026-03-17 11:45:58,0,0,0,0,0
2026-03-17 11:45:59,0,0,0,0,0
2026-03-17 11:45:59,0,0,0,0,0
2026-03-17 11:45:59,0,0,0,1,0
2026-03-17 11:45:59,0,0,0,1,0
2026-03-17 11:46:00,0,0,0,0,0
2026-03-17 11:46:00,0,0,0,1,0
2026-03-17 11:46:00,0,0,0,1,0
2026-03-17 11:46:00,0,0,0,0,0
2026-03-17 11:46:01,0,0,0,0,0
2026-03-17 11:46:01,0,0,0,0,0
2026-03-17 11:46:01,0,0,0,1,0
2026-03-17 11:46:01,0,0,0,0,0
2026-03-17 11:46:02,0,0,0,0,0
2026-03-17 11:46:02,0,0,0,0,0
2026-03-17 11:46:02,0,0,0,0,0
2026-03-17 11:46:02,0,0,0,0,0
2026-03-17 11:46:03,0,0,0,0,0
2026-03-17 11:46:03,0,0,0,1,0
2026-03-17 11:46:03,0,0,0,0,0
2026-03-17 11:46:04,0,0,0,1,0
2026-03-17 11:46:04,0,0,0,1,0
2026-03-17 11:46:04,0,0,0,0,0
2026-03-17 11:46:04,0,0,0,1,0
2026-03-17 11:46:05,0,0,0,1,0
2026-03-17 11:46:05,0,0,0,0,0
2026-03-17 11:46:05,0,0,0,0,0
2026-03-17 11:46:05,0,0,0,0,0
2026-03-17 11:46:06,0,0,0,0,0
2026-03-17 11:46:06,0,0,0,0,0
2026-03-17 11:46:06,0,0,0,1,0
2026-03-17 11:46:06,0,0,0,0,0
2026-03-17 11:46:07,0,0,0,1,0
2026-03-17 11:46:07,0,0,0,0,0
2026-03-17 11:46:07,0,0,0,1,0
2026-03-17 11:46:07,0,0,0,0,0
2026-03-17 11:46:08,0,0,0,0,0
2026-03-17 11:46:08,0,0,0,0,0
2026-03-17 11:46:08,0,0,0,1,0
2026-03-17 11:46:08,0,0,0,1,0
2026-03-17 11:46:09,0,0,0,1,0
2026-03-17 11:46:09,0,0,0,1,0
2026-03-17 11:46:09,0,0,0,0,0
2026-03-17 11:46:09,0,0,0,0,0
2026-03-17 11:46:10,0,0,0,1,0
2026-03-17 11:46:10,0,0,0,1,0
2026-03-17 11:46:10,0,0,0,0,0
2026-03-17 11:46:11,0,0,0,0,0
2026-03-17 11:46:11,0,0,0,0,0
2026-03-17 11:46:11,0,0,0,0,0
2026-03-17 11:46:11,0,0,0,0,0
2026-03-17 11:46:12,0,0,0,0,0
2026-03-17 11:46:12,0,0,0,0,0
2026-03-17 11:46:12,0,0,0,0,0
2026-03-17 11:46:12,0,0,0,0,0
2026-03-17 11:46:13,0,0,0,0,0
2026-03-17 11:46:13,0,0,0,0,0
2026-03-17 11:46:13,0,0,0,0,0
2026-03-17 11:46:13,0,0,0,0,0
2026-03-17 11:46:14,0,0,0,0,0
2026-03-17 11:46:14,0,0,0,0,0
2026-03-17 11:46:14,0,0,0,0,0
2026-03-17 11:46:15,0,0,0,0,0
2026-03-17 11:46:15,0,0,0,0,0
2026-03-17 11:46:15,0,0,0,0,0
2026-03-17 11:46:15,0,0,0,0,0
2026-03-17 11:46:16,0,0,0,0,0
2026-03-17 11:46:16,0,0,0,0,0
2026-03-17 11:46:16,0,0,0,0,0
2026-03-17 11:46:16,0,0,0,0,0
2026-03-17 11:46:17,0,0,0,0,0
2026-03-17 11:46:17,0,0,0,0,0
2026-03-17 11:46:17,0,0,0,0,0
2026-03-17 11:46:17,0,0,0,0,0
2026-03-17 11:46:18,0,0,0,0,0
2026-03-17 11:46:18,0,0,0,0,0
2026-03-17 11:46:18,0,0,0,0,0
2026-03-17 11:46:18,0,0,0,0,0
2026-03-17 11:46:19,0,0,0,0,0
2026-03-17 11:46:19,0,0,0,0,0
2026-03-17 11:46:19,0,0,0,0,0
2026-03-17 11:46:19,0,0,0,0,0
2026-03-17 11:46:20,0,0,0,0,0
2026-03-17 11:46:20,0,0,0,0,0
2026-03-17 11:46:20,0,0,0,0,0
2026-03-17 11:46:21,0,0,0,0,0
2026-03-17 11:46:21,0,0,0,0,0
2026-03-17 11:46:21,0,0,0,0,0
2026-03-17 11:46:21,0,0,0,0,0
2026-03-17 11:46:22,0,0,0,0,0
2026-03-17 11:46:22,0,0,0,0,0
2026-03-17 11:46:22,0,0,0,0,0
2026-03-17 11:46:22,0,0,0,0,0
2026-03-17 11:46:23,0,0,0,0,0
2026-03-17 11:46:23,0,0,0,0,0
2026-03-17 11:46:23,0,0,0,0,0
2026-03-17 11:46:23,0,0,0,1,0
2026-03-17 11:46:24,0,0,0,0,0
2026-03-17 11:46:24,0,0,0,0,0
2026-03-17 11:46:24,0,0,0,1,0
2026-03-17 11:46:24,0,0,0,0,0
2026-03-17 11:46:25,0,0,0,0,0
2026-03-17 11:46:25,0,0,0,0,0
2026-03-17 11:46:25,0,0,0,0,0
2026-03-17 11:46:26,0,0,0,0,0
2026-03-17 11:46:26,0,0,0,0,0
2026-03-17 11:46:26,0,0,0,1,0
2026-03-17 11:46:26,0,0,0,0,0
2026-03-17 11:46:27,0,0,0,1,1
2026-03-17 11:46:27,0,0,0,0,1
2026-03-17 11:46:27,0,0,0,0,1
2026-03-17 11:46:27,0,0,0,0,1
2026-03-17 11:46:28,0,0,0,0,1
2026-03-17 11:46:28,0,0,0,0,1
2026-03-17 11:46:28,0,0,0,0,1
2026-03-17 11:46:28,0,0,0,0,1
2026-03-17 11:46:29,0,0,0,0,1
2026-03-17 11:46:29,1,0,1,0,1
2026-03-17 11:46:29,1,0,1,0,1
2026-03-17 11:46:30,1,0,1,0,1
2026-03-17 11:46:30,1,0,1,0,1
2026-03-17 11:46:30,1,0,1,0,1
2026-03-17 11:46:30,1,0,1,0,1
2026-03-17 11:46:31,1,0,1,0,1
2026-03-17 11:46:31,1,0,1,0,1
2026-03-17 11:46:31,1,0,1,0,1
2026-03-17 11:46:31,1,0,1,1,1
2026-03-17 11:46:32,1,0,1,0,1
2026-03-17 11:46:32,1,0,1,0,1
2026-03-17 11:46:32,1,0,1,0,1
2026-03-17 11:46:32,1,0,1,0,1
2026-03-17 11:46:33,1,0,1,0,1
2026-03-17 11:46:33,1,0,1,0,1
2026-03-17 11:46:33,1,0,1,0,1
2026-03-17 11:46:33,1,0,1,0,1
2026-03-17 11:46:34,1,0,1,0,1
2026-03-17 11:46:34,1,0,1,0,1
2026-03-17 11:46:34,1,0,1,0,1
2026-03-17 11:46:35,1,0,1,0,1
2026-03-17 11:46:35,1,0,1,0,1
2026-03-17 11:46:35,1,0,1,0,1
2026-03-17 11:46:35,1,0,1,0,1
2026-03-17 11:46:36,1,0,1,0,1
2026-03-17 11:46:36,1,0,1,0,1
2026-03-17 11:46:36,1,0,1,0,1
2026-03-17 11:46:37,1,0,1,0,1
2026-03-17 11:46:37,1,0,1,0,1
2026-03-17 11:46:37,1,0,1,0,1
2026-03-17 11:46:37,1,0,1,0,1
2026-03-17 11:46:38,1,0,1,0,0
2026-03-17 11:46:38,1,0,1,1,0
2026-03-17 11:46:38,1,0,1,1,0
2026-03-17 11:46:38,1,0,1,1,0
2026-03-17 11:46:39,1,0,1,1,0
2026-03-17 11:46:39,1,0,1,1,0
2026-03-17 11:46:39,1,0,1,1,0
2026-03-17 11:46:40,1,0,1,1,0
2026-03-17 11:46:40,1,0,1,0,0
2026-03-17 11:46:40,1,0,1,1,0
2026-03-17 11:46:40,1,0,1,0,0
2026-03-17 11:46:41,1,0,1,1,0
2026-03-17 11:46:41,1,0,1,1,0
2026-03-17 11:46:41,1,0,1,0,0
2026-03-17 11:46:41,1,0,1,0,0
2026-03-17 11:46:42,1,0,1,0,0
2026-03-17 11:46:42,1,0,1,1,0
2026-03-17 11:46:42,1,0,1,1,0
2026-03-17 11:46:42,1,0,1,1,0
2026-03-17 11:46:43,1,0,1,1,0
2026-03-17 11:46:43,1,0,1,1,0
2026-03-17 11:46:43,1,0,1,1,0
2026-03-17 11:46:43,1,0,1,1,0
2026-03-17 11:46:44,1,0,1,1,0
2026-03-17 11:46:44,1,0,1,1,0
2026-03-17 11:46:44,1,0,1,1,0
2026-03-17 11:46:45,1,0,1,1,0
2026-03-17 11:46:45,1,0,1,1,0
2026-03-17 11:46:45,1,0,1,1,0
2026-03-17 11:46:45,1,0,1,1,0
2026-03-17 11:46:46,1,0,1,1,0
2026-03-17 11:46:46,1,0,1,1,0
2026-03-17 11:46:46,1,0,1,1,0
2026-03-17 11:46:46,1,0,1,1,0
2026-03-17 11:46:47,1,0,1,1,0
2026-03-17 11:46:47,1,0,1,1,0
2026-03-17 11:46:47,1,0,1,0,0
2026-03-17 11:46:47,1,0,1,0,0
2026-03-17 11:46:48,1,0,1,0,0
2026-03-17 11:46:48,1,0,1,0,0
2026-03-17 11:46:49,1,0,1,1,0
2026-03-17 11:46:49,1,0,1,0,0
2026-03-17 11:46:49,1,0,1,1,0
2026-03-17 11:46:49,1,0,1,1,0
2026-03-17 11:46:50,1,0,1,1,0
2026-03-17 11:46:50,1,0,1,1,0
2026-03-17 11:46:50,1,0,1,1,0
2026-03-17 11:46:50,1,0,1,1,0
2026-03-17 11:46:51,1,0,1,1,0
2026-03-17 11:46:51,1,0,1,1,0
2026-03-17 11:46:51,1,0,1,1,0
2026-03-17 11:46:51,1,0,1,1,0
2026-03-17 11:46:52,1,0,1,0,0
2026-03-17 11:46:52,1,0,1,0,0
2026-03-17 11:46:52,1,0,1,1,0
2026-03-17 11:46:52,1,0,1,0,0
2026-03-17 11:46:53,1,0,1,1,0
2026-03-17 11:46:53,1,0,1,0,0
2026-03-17 11:46:53,1,0,1,0,0
2026-03-17 11:46:53,1,0,1,0,0
2026-03-17 11:46:53,1,0,1,1,0
2026-03-17 11:46:54,1,0,1,0,0
2026-03-17 11:46:54,1,0,1,0,0
2026-03-17 11:46:55,1,0,1,0,0
2026-03-17 11:46:55,1,0,1,0,0
2026-03-17 11:46:55,1,0,1,0,0
2026-03-17 11:46:55,1,0,1,1,0
2026-03-17 11:49:48,0,0,0,1,0
2026-03-17 11:49:49,0,0,0,0,0
2026-03-17 11:49:50,0,0,0,1,0
2026-03-17 11:49:50,0,0,0,1,0
2026-03-17 11:49:51,0,0,0,1,0
2026-03-17 11:49:51,0,0,0,1,0
2026-03-17 11:49:55,0,0,0,1,0
2026-03-17 11:49:57,0,0,0,0,0
2026-03-17 11:49:57,0,0,0,0,0
2026-03-17 11:49:58,0,0,0,1,0
2026-03-17 11:49:59,0,0,0,1,0
2026-03-17 11:50:00,0,0,0,1,0
2026-03-17 11:50:04,0,0,0,0,0
2026-03-17 11:50:09,0,0,0,0,0
2026-03-17 11:50:10,0,0,0,0,0
2026-03-17 11:50:12,0,0,0,0,0
2026-03-17 11:50:14,0,0,0,1,0
2026-03-17 11:50:15,0,0,0,0,0
2026-03-17 11:50:16,0,0,0,1,0
2026-03-17 11:50:17,0,0,0,1,0
2026-03-17 11:50:17,0,0,0,1,0
2026-03-17 11:50:18,0,0,0,0,0
2026-03-17 11:50:18,0,0,0,0,0
2026-03-17 11:50:19,0,0,0,0,0
2026-03-17 11:50:19,0,0,0,0,0
2026-03-17 11:50:20,0,0,0,0,0
2026-03-17 11:50:20,0,0,0,0,0
2026-03-17 11:50:21,0,0,0,0,0
2026-03-17 11:50:22,0,0,0,0,0
2026-03-17 11:50:22,0,0,0,0,0
2026-03-17 11:50:23,0,0,0,1,0
2026-03-17 11:50:24,0,0,0,0,0
2026-03-17 11:50:25,0,0,0,1,0
2026-03-17 11:50:25,0,0,0,1,0
2026-03-17 11:50:26,0,0,0,0,0
2026-03-17 11:50:26,0,0,0,0,0
2026-03-17 11:50:27,0,0,0,0,0
2026-03-17 11:50:27,0,0,0,0,0
2026-03-17 11:50:28,0,0,0,0,0
2026-03-17 11:50:28,0,0,0,0,0
2026-03-17 11:50:29,0,0,0,0,0
2026-03-17 11:50:29,0,0,0,0,0
2026-03-17 11:50:30,0,0,0,0,0
2026-03-17 11:50:31,0,0,0,1,0
2026-03-17 11:50:33,0,0,0,0,0
2026-03-17 11:50:33,0,0,0,0,0
2026-03-17 11:50:34,0,0,0,0,0
2026-03-17 11:50:34,0,0,0,0,0
2026-03-17 11:50:35,0,0,0,0,0
2026-03-17 11:50:35,0,0,0,0,0
2026-03-17 11:50:35,0,0,0,0,0
2026-03-17 11:50:36,0,0,0,1,0
2026-03-17 11:50:36,0,0,0,0,0
2026-03-17 11:50:37,0,0,0,0,0
2026-03-17 11:50:38,0,0,0,0,0
2026-03-17 11:50:38,0,0,0,0,0
2026-03-17 11:50:39,0,0,0,0,0
2026-03-17 11:50:40,0,0,0,0,0
2026-03-17 11:50:40,0,0,0,0,0
2026-03-17 11:50:41,0,0,0,0,0
2026-03-17 11:50:41,0,0,0,0,0
2026-03-17 11:50:42,0,0,0,1,0
2026-03-17 11:50:42,0,0,0,1,0
2026-03-17 11:50:43,0,0,0,1,0
2026-03-17 11:50:43,0,0,0,0,0
2026-03-17 11:50:44,0,0,0,0,0
2026-03-17 11:50:44,0,0,0,0,0
2026-03-17 11:50:44,0,0,0,0,0
2026-03-17 11:50:45,0,0,0,1,0
2026-03-17 11:50:45,0,0,0,1,0
2026-03-17 11:50:46,0,0,0,0,0
2026-03-17 11:50:47,0,0,0,0,0
2026-03-17 11:50:47,0,0,0,0,0
2026-03-17 11:50:47,0,0,0,0,0
2026-03-17 11:50:48,0,0,0,0,0
2026-03-17 11:50:48,0,0,0,0,0
2026-03-17 11:50:49,0,0,0,0,0
2026-03-17 11:50:49,0,0,0,0,0
2026-03-17 11:50:50,0,0,0,0,0
2026-03-17 11:50:50,0,0,0,1,0
2026-03-17 11:50:50,0,0,0,1,0
2026-03-17 11:50:51,0,0,0,1,0
2026-03-17 11:50:51,0,0,0,1,0
2026-03-17 11:50:52,0,0,0,1,0
2026-03-17 11:50:52,0,0,0,1,0
2026-03-17 11:50:52,0,0,0,1,0
2026-03-17 11:50:53,0,0,0,1,0
2026-03-17 11:50:53,0,0,0,1,0
2026-03-17 11:50:54,0,0,0,0,0
2026-03-17 11:50:54,0,0,0,0,0
2026-03-17 11:50:55,0,0,0,1,0
2026-03-17 11:50:55,0,0,0,0,0
2026-03-17 11:50:56,0,0,0,1,0
2026-03-17 11:50:56,0,0,0,0,0
2026-03-17 11:50:56,0,0,0,0,0
2026-03-17 11:50:57,0,0,0,0,0
2026-03-17 11:50:57,0,0,0,0,0
2026-03-17 11:50:58,0,0,0,1,0
2026-03-17 11:50:58,0,0,0,1,0
2026-03-17 11:50:58,0,0,0,0,0
2026-03-17 11:50:59,0,0,0,0,0
2026-03-17 11:50:59,0,0,0,1,0
2026-03-17 11:51:00,0,0,0,1,0
2026-03-17 11:51:00,0,0,0,0,0
2026-03-17 11:51:01,0,0,0,0,0
2026-03-17 11:51:01,0,0,0,0,0
2026-03-17 11:51:01,0,0,0,0,0
2026-03-17 11:51:02,0,0,0,0,0
2026-03-17 11:51:02,0,0,0,1,0
2026-03-17 11:51:03,0,0,0,1,0
2026-03-17 11:51:03,0,0,0,1,0
2026-03-17 11:51:03,0,0,0,1,0
2026-03-17 11:51:04,0,0,0,1,0
2026-03-17 11:51:04,0,0,0,1,0
2026-03-17 11:51:05,0,0,0,0,0
2026-03-17 11:51:05,0,0,0,1,0
2026-03-17 11:51:06,0,0,0,0,0
2026-03-17 11:51:06,0,0,0,0,0
2026-03-17 11:51:06,0,0,0,0,0
2026-03-17 11:51:07,0,0,0,0,0
2026-03-17 11:51:07,0,0,0,0,0
2026-03-17 11:51:07,0,0,0,0,0
2026-03-17 11:51:08,0,0,0,1,0
2026-03-17 11:51:08,0,0,0,0,0
2026-03-17 11:51:09,0,0,0,0,0
2026-03-17 11:51:09,0,0,0,0,0
2026-03-17 11:51:09,0,0,0,1,0
2026-03-17 11:51:10,0,0,0,1,0
2026-03-17 11:51:10,0,0,0,1,0
2026-03-17 11:51:11,0,0,0,1,0
2026-03-17 11:51:11,0,0,0,1,0
2026-03-17 11:51:11,0,0,0,0,0
2026-03-17 11:51:12,0,0,0,1,0
2026-03-17 11:51:12,0,0,0,1,0
2026-03-17 11:51:12,0,0,0,1,0
2026-03-17 11:51:13,0,0,0,1,0
2026-03-17 11:51:13,0,0,0,0,0
2026-03-17 11:51:13,0,0,0,0,0
2026-03-17 11:51:14,0,0,0,0,0
2026-03-17 11:51:14,0,0,0,1,0
2026-03-17 11:51:15,0,0,0,0,0
2026-03-17 11:51:15,0,0,0,0,0
2026-03-17 11:51:15,0,0,0,0,0
2026-03-17 11:51:15,0,0,0,0,0
2026-03-17 11:51:16,0,0,0,0,0
2026-03-17 11:51:16,0,0,0,1,0
2026-03-17 11:51:16,0,0,0,1,0
2026-03-17 11:51:16,0,0,0,1,0
2026-03-17 11:51:16,0,0,0,0,0
2026-03-17 11:51:17,0,0,0,0,0
2026-03-17 11:51:17,0,0,0,0,0
2026-03-17 11:51:17,0,0,0,0,0
2026-03-17 11:51:17,0,0,0,0,0
2026-03-17 11:51:17,0,0,0,0,0
2026-03-17 11:51:18,0,0,0,0,0
2026-03-17 11:51:18,0,0,0,0,0
2026-03-17 11:51:18,0,0,0,0,0
2026-03-17 11:51:18,0,0,0,0,0
2026-03-17 11:51:18,0,0,0,0,0
2026-03-17 11:51:18,0,0,0,0,0
2026-03-17 11:51:19,0,0,0,0,0
2026-03-17 11:51:19,0,0,0,0,0
2026-03-17 11:51:19,0,0,0,0,0
2026-03-17 11:51:19,0,0,0,0,0
2026-03-17 11:57:49,0,0,0,1,0
2026-03-17 11:57:51,0,0,0,1,0
2026-03-17 11:57:55,0,0,0,1,0
2026-03-17 11:57:56,0,0,0,1,0
2026-03-17 11:57:56,0,0,0,1,0
2026-03-17 11:57:57,0,0,0,1,0
2026-03-17 11:57:57,0,0,0,1,0
2026-03-17 11:57:58,0,0,0,1,0
2026-03-17 11:57:59,0,0,0,1,0
2026-03-17 11:58:00,0,0,0,1,0
2026-03-17 11:58:01,0,0,0,1,0
2026-03-17 11:58:02,0,0,0,1,0
2026-03-17 11:58:02,0,0,0,1,0
2026-03-17 11:58:05,0,0,0,1,0
2026-03-17 11:58:06,0,0,0,1,0
2026-03-17 11:58:07,0,0,0,1,0
2026-03-17 11:58:08,0,0,0,1,0
2026-03-17 11:58:09,0,0,0,1,0
2026-03-17 11:58:12,0,0,0,1,0
2026-03-17 11:58:13,0,0,0,1,0
2026-03-17 11:58:13,0,0,0,1,0
2026-03-17 11:58:14,0,0,0,1,0
2026-03-17 11:58:14,0,0,0,1,0
2026-03-17 11:58:14,0,0,0,1,0
2026-03-17 11:58:15,0,0,0,1,0
2026-03-17 11:58:16,0,0,0,0,0
2026-03-17 11:58:16,0,0,0,0,0
2026-03-17 11:58:17,0,0,0,1,0
2026-03-17 11:58:17,0,0,0,1,0
2026-03-17 11:58:18,0,0,0,1,0
2026-03-17 11:58:18,0,0,0,1,0
2026-03-17 11:58:19,0,0,0,0,0
2026-03-17 11:58:19,0,0,0,0,0
2026-03-17 11:58:19,0,0,0,0,0
2026-03-17 11:58:20,0,0,0,0,0
2026-03-17 11:58:21,0,0,0,0,0
2026-03-17 11:58:21,0,0,0,0,0
2026-03-17 11:58:21,0,0,0,0,0
2026-03-17 11:58:22,0,0,0,0,0
2026-03-17 11:58:23,0,0,0,0,0
2026-03-17 11:58:23,0,0,0,0,0
2026-03-17 11:58:24,0,0,0,0,0
2026-03-17 11:58:24,0,0,0,0,0
2026-03-17 11:58:25,0,0,0,1,0
2026-03-17 11:58:25,0,0,0,0,0
2026-03-17 11:58:26,0,0,0,1,0
2026-03-17 11:58:26,0,0,0,0,0
2026-03-17 11:58:27,0,0,0,0,0
2026-03-17 11:58:27,0,0,0,1,0
2026-03-17 11:58:28,0,0,0,0,0
2026-03-17 11:58:29,0,0,0,0,0
2026-03-17 11:58:30,0,0,0,0,0
2026-03-17 11:58:30,0,0,0,0,0
2026-03-17 11:58:31,0,0,0,0,0
2026-03-17 11:58:32,0,0,0,0,0
2026-03-17 11:58:33,0,0,0,1,0
2026-03-17 11:58:33,0,0,0,1,0
2026-03-17 11:58:34,0,0,0,1,0
2026-03-17 11:58:34,0,0,0,1,0
2026-03-17 11:58:35,0,0,0,1,0
2026-03-17 11:58:35,0,0,0,1,0
2026-03-17 11:58:35,0,0,0,0,0
2026-03-17 11:58:36,0,0,0,0,0
2026-03-17 11:58:36,0,0,0,0,0
2026-03-17 11:58:37,0,0,0,0,0
2026-03-17 11:58:37,0,0,0,0,0
2026-03-17 11:58:37,0,0,0,0,0
2026-03-17 11:58:38,0,0,0,0,0
2026-03-17 11:58:38,0,0,0,0,0
2026-03-17 11:58:39,0,0,0,0,0
2026-03-17 11:58:39,0,0,0,0,0
2026-03-17 11:58:40,0,0,0,0,0
2026-03-17 11:58:40,0,0,0,0,0
2026-03-17 11:58:41,0,0,0,0,0
2026-03-17 11:58:41,0,0,0,0,0
2026-03-17 11:58:41,0,0,0,0,0
2026-03-17 11:58:42,0,0,0,0,0
2026-03-17 11:58:43,0,0,0,0,0
2026-03-17 11:58:43,0,0,0,0,0
2026-03-17 11:58:43,0,0,0,0,0
2026-03-17 11:58:44,0,0,0,0,0
2026-03-17 11:58:44,0,0,0,1,0
2026-03-17 11:58:44,0,0,0,0,0
2026-03-17 11:58:45,0,0,0,0,0
2026-03-17 11:58:45,0,0,0,0,0
2026-03-17 11:58:45,0,0,0,0,0
2026-03-17 11:58:46,0,0,0,0,0
2026-03-17 11:58:46,0,0,0,1,0
2026-03-17 11:58:46,0,0,0,1,0
2026-03-17 11:58:47,0,0,0,0,0
2026-03-17 11:58:47,0,0,0,0,0
2026-03-17 11:58:47,0,0,0,1,0
2026-03-17 11:58:48,0,0,0,0,0
2026-03-17 11:58:48,0,0,0,1,0
2026-03-17 11:58:48,0,0,0,0,0
2026-03-17 11:58:49,0,0,0,1,0
2026-03-17 11:58:49,0,0,0,1,0
2026-03-17 11:58:50,0,0,0,0,0
2026-03-17 11:58:50,0,0,0,1,0
2026-03-17 11:58:50,0,0,0,0,0
2026-03-17 11:58:51,0,0,0,0,0
2026-03-17 11:58:51,0,0,0,1,0
2026-03-17 11:58:52,0,0,0,0,0
2026-03-17 11:58:52,0,0,0,0,0
2026-03-17 11:58:53,0,0,0,0,0
2026-03-17 11:58:53,0,0,0,0,0
2026-03-17 11:58:53,0,0,0,0,0
2026-03-17 11:58:54,0,0,0,1,0
2026-03-17 11:58:54,0,0,0,1,0
2026-03-17 11:58:54,0,0,0,1,0
2026-03-17 11:58:55,0,0,0,1,0
2026-03-17 11:58:55,0,0,0,0,0
2026-03-17 11:58:55,0,0,0,1,0
2026-03-17 11:58:56,0,0,0,0,0
2026-03-17 11:58:56,0,0,0,0,0
2026-03-17 11:58:57,0,0,0,1,0
2026-03-17 11:58:57,0,0,0,0,0
2026-03-17 11:58:57,0,0,0,1,0
2026-03-17 11:58:58,0,0,0,1,0
2026-03-17 11:58:58,0,0,0,1,0
2026-03-17 11:58:58,0,0,0,1,0
2026-03-17 11:58:59,0,0,0,1,0
2026-03-17 11:58:59,0,0,0,1,0
2026-03-17 11:58:59,0,0,0,0,0
2026-03-17 11:59:00,0,0,0,1,0
2026-03-17 11:59:00,0,0,0,1,0
2026-03-17 11:59:01,0,0,0,1,0
2026-03-17 11:59:01,0,0,0,1,0
2026-03-17 11:59:01,0,0,0,0,0
2026-03-17 11:59:02,0,0,0,1,0
2026-03-17 11:59:02,0,0,0,0,0
2026-03-17 11:59:03,0,0,0,1,0
2026-03-17 11:59:03,0,0,0,0,0
2026-03-17 11:59:03,0,0,0,0,0
2026-03-17 11:59:04,0,0,0,1,0
2026-03-17 11:59:04,0,0,0,1,0
2026-03-17 11:59:05,0,0,0,0,0
2026-03-17 11:59:05,0,0,0,0,0
2026-03-17 11:59:05,0,0,0,0,0
2026-03-17 11:59:06,0,0,0,1,0
2026-03-17 11:59:06,0,0,0,1,0
2026-03-17 11:59:06,0,0,0,0,0
2026-03-17 11:59:07,0,0,0,0,0
2026-03-17 11:59:07,0,0,0,0,0
2026-03-17 11:59:07,0,0,0,0,0
2026-03-17 11:59:08,0,0,0,1,0
2026-03-17 11:59:08,0,0,0,1,0
2026-03-17 11:59:08,0,0,0,0,0
2026-03-17 11:59:09,0,0,0,0,0
2026-03-17 11:59:10,0,0,0,0,0
2026-03-17 11:59:10,0,0,0,0,0
2026-03-17 11:59:10,0,0,0,1,0
2026-03-17 11:59:11,0,0,0,1,0
2026-03-17 11:59:11,0,0,0,1,0
2026-03-17 11:59:11,0,0,0,1,0
2026-03-17 11:59:12,0,0,0,1,0
2026-03-17 11:59:12,0,0,0,1,0
2026-03-17 11:59:13,0,0,0,1,0
2026-03-17 11:59:13,0,0,0,1,0
2026-03-17 11:59:14,0,0,0,1,0
2026-03-17 11:59:14,0,0,0,1,0
2026-03-17 11:59:15,0,0,0,1,0
2026-03-17 11:59:15,0,0,0,1,0
2026-03-17 11:59:16,0,0,0,1,0
2026-03-17 11:59:16,0,0,0,1,0
2026-03-17 11:59:17,0,0,0,1,0
2026-03-17 11:59:17,0,0,0,1,0
2026-03-17 11:59:17,0,0,0,1,0
2026-03-17 11:59:17,0,0,0,1,0
2026-03-17 11:59:18,0,0,0,1,0
2026-03-17 11:59:18,0,0,0,1,0
2026-03-17 11:59:18,0,0,0,1,0
2026-03-17 11:59:18,0,0,0,1,0
2026-03-17 11:59:18,0,0,0,1,0
2026-03-17 11:59:19,0,0,0,1,0
2026-03-17 11:59:19,0,0,0,1,0
2026-03-17 11:59:19,0,0,0,1,0
2026-03-17 11:59:19,0,0,0,1,0
2026-03-17 11:59:19,0,0,0,1,0
2026-03-17 11:59:20,0,0,0,1,0
2026-03-17 11:59:20,0,0,0,1,0
2026-03-17 11:59:20,0,0,0,1,0
2026-03-17 11:59:20,0,0,0,1,0
2026-03-17 11:59:20,0,0,0,1,0
2026-03-17 11:59:21,0,0,0,1,0
2026-03-17 11:59:21,0,0,0,1,0
2026-03-17 11:59:21,0,0,0,1,0
2026-03-17 11:59:21,0,0,0,1,0
2026-03-17 11:59:21,0,0,0,1,0
2026-03-17 11:59:22,0,0,0,1,0
2026-03-17 11:59:22,0,0,0,1,0
2026-03-17 11:59:22,0,0,0,1,0
2026-03-17 11:59:22,0,0,0,1,0
2026-03-17 11:59:22,0,0,0,1,0
2026-03-17 11:59:22,0,0,0,1,0
2026-03-17 11:59:23,0,0,0,1,0
2026-03-17 11:59:23,0,0,0,1,0
2026-03-17 11:59:23,0,0,0,1,0
2026-03-17 11:59:23,0,0,0,1,0
2026-03-17 11:59:23,0,0,0,1,0
2026-03-17 11:59:24,0,0,0,1,0
2026-03-17 11:59:24,0,0,0,1,0
2026-03-17 11:59:24,0,0,0,1,0
2026-03-17 11:59:24,0,0,0,1,0
2026-03-17 11:59:24,0,0,0,1,0
2026-03-17 11:59:25,0,0,0,1,0
2026-03-17 11:59:25,0,0,0,1,0
2026-03-17 11:59:25,0,0,0,1,0
2026-03-17 11:59:25,0,0,0,1,0
2026-03-17 11:59:25,0,0,0,1,0
2026-03-17 11:59:26,0,0,0,1,0
2026-03-17 11:59:26,0,0,0,1,0
2026-03-17 11:59:26,0,0,0,1,0
2026-03-17 11:59:26,0,0,0,1,0
2026-03-17 11:59:26,0,0,0,1,0
2026-03-17 11:59:27,0,0,0,1,0
2026-03-17 11:59:27,0,0,0,1,0
2026-03-17 11:59:27,0,0,0,1,0
2026-03-17 11:59:27,0,0,0,1,0
2026-03-17 11:59:27,0,0,0,1,0
2026-03-17 11:59:27,0,0,0,1,0
2026-03-17 11:59:28,0,0,0,1,0
2026-03-17 11:59:28,0,0,0,1,0
2026-03-17 11:59:28,0,0,0,1,0
2026-03-17 11:59:28,0,0,0,1,0
2026-03-17 11:59:28,0,0,0,1,0
2026-03-17 11:59:29,0,0,0,1,0
2026-03-17 11:59:29,0,0,0,1,0
2026-03-17 11:59:29,0,0,0,1,0
2026-03-17 11:59:29,0,0,0,1,0
2026-03-17 11:59:29,0,0,0,1,0
2026-03-17 11:59:29,0,0,0,1,0
2026-03-17 11:59:30,0,0,0,1,0
2026-03-17 11:59:30,0,0,0,1,0
2026-03-17 11:59:30,0,0,0,1,0
2026-03-17 11:59:30,0,0,0,1,0
2026-03-17 11:59:30,0,0,0,1,0
2026-03-17 11:59:31,0,0,0,1,0
2026-03-17 11:59:31,0,0,0,1,0
2026-03-17 11:59:31,0,0,0,1,0
2026-03-17 11:59:31,0,0,0,1,0
2026-03-17 11:59:31,0,0,0,1,0
2026-03-17 11:59:32,0,0,0,1,0
2026-03-17 11:59:32,0,0,0,1,0
2026-03-17 11:59:32,0,0,0,1,0
2026-03-17 11:59:32,0,0,0,1,0
2026-03-17 11:59:32,0,0,0,1,0
2026-03-17 11:59:33,0,0,0,1,0
2026-03-17 11:59:33,0,0,0,1,0
2026-03-17 11:59:33,0,0,0,1,0
2026-03-17 11:59:33,0,0,0,1,0
2026-03-17 11:59:33,0,0,0,1,0
2026-03-17 11:59:34,0,0,0,1,0
2026-03-17 11:59:34,0,0,0,1,0
2026-03-17 11:59:34,0,0,0,1,0
2026-03-17 11:59:34,0,0,0,1,0
2026-03-17 11:59:34,0,0,0,1,0
2026-03-17 11:59:34,0,0,0,1,0
2026-03-17 11:59:35,0,0,0,1,0
2026-03-17 11:59:35,0,0,0,1,0
2026-03-17 11:59:35,0,0,0,1,0
2026-03-17 11:59:35,0,0,0,1,0
2026-03-17 11:59:35,0,0,0,1,0
2026-03-17 11:59:36,0,0,0,1,0
2026-03-17 11:59:36,0,0,0,1,0
2026-03-17 11:59:36,0,0,0,1,0
2026-03-17 11:59:36,0,0,0,1,0
2026-03-17 11:59:36,0,0,0,1,0
2026-03-17 11:59:37,0,0,0,1,0
2026-03-17 11:59:37,0,0,0,1,0
2026-03-17 11:59:37,0,0,0,1,0
2026-03-17 11:59:37,0,0,0,1,0
2026-03-17 11:59:37,0,0,0,1,0
2026-03-17 11:59:38,0,0,0,1,0
2026-03-17 11:59:38,0,0,0,1,0
2026-03-17 11:59:38,0,0,0,1,0
2026-03-17 11:59:38,0,0,0,1,0
2026-03-17 11:59:38,0,0,0,1,0
2026-03-17 11:59:39,0,0,0,1,0
2026-03-17 11:59:39,0,0,0,0,0
2026-03-17 11:59:39,0,0,0,0,0
2026-03-17 11:59:39,0,0,0,1,0
2026-03-17 11:59:39,0,0,0,1,0
2026-03-17 11:59:40,0,0,0,1,0
2026-03-17 11:59:40,0,0,0,1,0
2026-03-17 11:59:40,0,0,0,1,0
2026-03-17 11:59:40,0,0,0,1,0
2026-03-17 11:59:41,0,0,0,1,0
2026-03-17 11:59:41,0,0,0,1,0
2026-03-17 11:59:41,0,0,0,1,0
2026-03-17 11:59:41,0,0,0,1,0
2026-03-17 11:59:41,0,0,0,1,0
2026-03-17 11:59:42,0,0,0,1,0
2026-03-17 11:59:42,0,0,0,1,0
2026-03-17 11:59:42,0,0,0,1,0
2026-03-17 11:59:42,0,0,0,1,0
2026-03-17 11:59:42,0,0,0,1,0
2026-03-17 11:59:43,0,0,0,1,0
2026-03-17 11:59:43,0,0,0,1,0
2026-03-17 11:59:43,0,0,0,1,0
2026-03-17 11:59:43,0,0,0,1,0
2026-03-17 11:59:43,0,0,0,1,0
2026-03-17 11:59:44,0,0,0,1,0
2026-03-17 11:59:44,0,0,0,1,0
2026-03-17 11:59:44,0,0,0,1,0
2026-03-17 11:59:44,0,0,0,1,0
2026-03-17 11:59:44,0,0,0,1,0
2026-03-17 11:59:44,0,0,0,0,0
2026-03-17 11:59:45,0,0,0,1,0
2026-03-17 11:59:45,0,0,0,1,0
2026-03-17 11:59:45,0,0,0,1,0
2026-03-17 11:59:45,0,0,0,1,0
2026-03-17 11:59:45,0,0,0,1,0
2026-03-17 11:59:45,0,0,0,1,0
2026-03-17 11:59:46,0,0,0,0,0
2026-03-17 11:59:46,0,0,0,1,0
2026-03-17 11:59:46,0,0,0,0,0
2026-03-17 11:59:46,0,0,0,0,0
2026-03-17 11:59:46,0,0,0,1,0
2026-03-17 11:59:46,0,0,0,1,0
2026-03-17 11:59:47,0,0,0,1,0
2026-03-17 11:59:47,0,0,0,1,0
2026-03-17 11:59:47,0,0,0,1,0
2026-03-17 11:59:47,0,0,0,1,0
2026-03-17 11:59:47,0,0,0,1,0
2026-03-17 11:59:47,0,0,0,0,0
2026-03-17 11:59:48,0,0,0,0,0
2026-03-17 11:59:48,0,0,0,0,0
2026-03-17 11:59:48,0,0,0,0,0
2026-03-17 11:59:48,0,0,0,0,0
2026-03-17 11:59:48,0,0,0,0,0
2026-03-17 11:59:48,0,0,0,0,0
2026-03-17 11:59:49,0,0,0,0,0
2026-03-17 11:59:49,0,0,0,0,0
2026-03-17 11:59:49,0,0,0,0,0
2026-03-17 11:59:49,0,0,0,0,0
2026-03-17 11:59:49,0,0,0,1,0
2026-03-17 11:59:49,0,0,0,0,0
2026-03-17 11:59:50,0,0,0,0,0
2026-03-17 11:59:50,0,0,0,0,0
2026-03-17 11:59:50,0,0,0,0,0
2026-03-17 11:59:50,0,0,0,0,0
2026-03-17 11:59:50,0,0,0,1,0
2026-03-17 11:59:50,0,0,0,0,0
2026-03-17 11:59:50,0,0,0,0,0
2026-03-17 11:59:51,0,0,0,0,0
2026-03-17 11:59:51,0,0,0,0,0
2026-03-17 11:59:51,0,0,0,0,0
2026-03-17 11:59:51,0,0,0,0,0
2026-03-17 11:59:51,0,0,0,0,0
2026-03-17 11:59:51,0,0,0,0,0
2026-03-17 11:59:52,0,0,0,0,0
2026-03-17 11:59:52,0,0,0,0,0
2026-03-17 11:59:52,0,0,0,1,0
2026-03-17 11:59:52,0,0,0,0,0
2026-03-17 11:59:52,0,0,0,1,0
2026-03-17 11:59:52,0,0,0,0,0
2026-03-17 11:59:52,0,0,0,0,0
2026-03-17 11:59:53,0,0,0,0,0
2026-03-17 11:59:53,0,0,0,0,0
2026-03-17 11:59:53,0,0,0,0,0
2026-03-17 11:59:53,0,0,0,1,0
2026-03-17 11:59:53,0,0,0,1,0
2026-03-17 11:59:53,0,0,0,1,0
2026-03-17 11:59:54,0,0,0,1,0
2026-03-17 11:59:54,0,0,0,1,0
2026-03-17 11:59:54,0,0,0,1,0
2026-03-17 11:59:54,0,0,0,1,0
2026-03-17 11:59:54,0,0,0,1,0
2026-03-17 11:59:54,0,0,0,1,0
2026-03-17 11:59:54,0,0,0,1,0
2026-03-17 11:59:55,0,0,0,1,0
2026-03-17 11:59:55,0,0,0,1,0
2026-03-17 11:59:55,0,0,0,1,0
2026-03-17 11:59:55,0,0,0,1,0
2026-03-17 11:59:55,0,0,0,1,0
2026-03-17 11:59:55,0,0,0,1,0
2026-03-17 11:59:56,0,0,0,1,0
2026-03-17 11:59:56,0,0,0,1,0
2026-03-17 11:59:56,0,0,0,1,0
2026-03-17 11:59:56,0,0,0,1,0
2026-03-17 11:59:56,0,0,0,1,0
2026-03-17 11:59:56,0,0,0,1,0
2026-03-17 11:59:56,0,0,0,1,0
2026-03-17 11:59:57,0,0,0,1,0
2026-03-17 11:59:57,0,0,0,1,0
2026-03-17 11:59:57,0,0,0,1,0
2026-03-17 11:59:57,0,0,0,1,0
2026-03-17 11:59:57,0,0,0,1,0
2026-03-17 11:59:57,0,0,0,1,0
2026-03-17 11:59:58,0,0,0,1,0
2026-03-17 11:59:58,0,0,0,1,0
2026-03-17 11:59:58,0,0,0,1,0
2026-03-17 11:59:58,0,0,0,1,0
2026-03-17 11:59:58,0,0,0,1,0
2026-03-17 11:59:58,0,0,0,1,0
2026-03-17 11:59:59,0,0,0,1,0
2026-03-17 11:59:59,0,0,0,1,0
2026-03-17 11:59:59,0,0,0,1,0
2026-03-17 11:59:59,0,0,0,1,0
2026-03-17 11:59:59,0,0,0,1,0
2026-03-17 11:59:59,0,0,0,1,0
2026-03-17 11:59:59,0,0,0,1,0
2026-03-17 12:00:00,0,0,0,1,0
2026-03-17 12:00:00,0,0,0,1,0
2026-03-17 12:00:00,0,0,0,1,0
2026-03-17 12:00:00,0,0,0,1,0
2026-03-17 12:00:00,0,0,0,1,0
2026-03-17 12:00:00,0,0,0,1,0
2026-03-17 12:00:01,0,0,0,1,0
2026-03-17 12:00:01,0,0,0,1,0
2026-03-17 12:00:01,0,0,0,1,0
2026-03-17 12:00:01,0,0,0,1,0
2026-03-17 12:00:01,0,0,0,1,0
2026-03-17 12:00:01,0,0,0,1,0
2026-03-17 12:00:01,0,0,0,1,0
2026-03-17 12:00:02,0,0,0,1,0
2026-03-17 12:00:02,0,0,0,1,0
2026-03-17 12:00:02,0,0,0,1,0
2026-03-17 12:00:02,0,0,0,1,0
2026-03-17 12:00:02,0,0,0,1,0
2026-03-17 12:00:02,0,0,0,1,0
2026-03-17 12:00:03,0,0,0,1,0
2026-03-17 12:00:03,0,0,0,1,0
2026-03-17 12:00:03,0,0,0,1,0
2026-03-17 12:00:03,0,0,0,1,0
2026-03-17 12:00:03,0,0,0,1,0
2026-03-17 12:00:03,0,0,0,1,0
2026-03-17 12:00:04,0,0,0,1,0
2026-03-17 12:00:04,0,0,0,1,0
2026-03-17 12:00:04,0,0,0,1,0
2026-03-17 12:00:04,0,0,0,1,0
2026-03-17 12:00:04,0,0,0,1,0
2026-03-17 12:00:04,0,0,0,1,0
2026-03-17 12:00:04,0,0,0,1,0
2026-03-17 12:00:05,0,0,0,1,0
2026-03-17 12:00:05,0,0,0,1,0
2026-03-17 12:00:05,0,0,0,1,0
2026-03-17 12:00:05,0,0,0,1,0
2026-03-17 12:00:05,0,0,0,1,0
2026-03-17 12:00:05,0,0,0,1,0
2026-03-17 12:00:06,0,0,0,1,0
2026-03-17 12:00:06,0,0,0,1,0
2026-03-17 12:00:06,0,0,0,1,0
2026-03-17 12:00:06,0,0,0,1,0
2026-03-17 12:00:06,0,0,0,1,0
2026-03-17 12:00:06,0,0,0,1,0
2026-03-17 12:00:07,0,0,0,1,0
2026-03-17 12:00:07,0,0,0,1,0
2026-03-17 12:00:07,0,0,0,1,0
2026-03-17 12:00:07,0,0,0,1,0
2026-03-17 12:00:07,0,0,0,1,0
2026-03-17 12:00:07,0,0,0,1,0
2026-03-17 12:00:07,0,0,0,1,0
2026-03-17 12:00:08,0,0,0,1,0
2026-03-17 12:00:08,0,0,0,1,0
2026-03-17 12:00:08,0,0,0,1,0
2026-03-17 12:00:08,0,0,0,1,0
2026-03-17 12:00:08,0,0,0,1,0
2026-03-17 12:00:08,0,0,0,1,0
2026-03-17 12:00:09,0,0,0,1,0
2026-03-17 12:00:09,0,0,0,1,0
2026-03-17 12:00:09,0,0,0,1,0
2026-03-17 12:00:09,0,0,0,1,0
2026-03-17 12:00:09,0,0,0,1,0
2026-03-17 12:00:09,0,0,0,0,0
2026-03-17 12:00:09,0,0,0,1,0
2026-03-17 12:00:10,0,0,0,0,0
2026-03-17 12:00:10,0,0,0,1,0
2026-03-17 12:00:10,0,0,0,1,0
2026-03-17 12:00:10,0,0,0,0,0
2026-03-17 12:00:10,0,0,0,0,0
2026-03-17 12:00:11,0,0,0,0,0
2026-03-17 12:00:11,0,0,0,0,0
2026-03-17 12:00:11,0,0,0,0,0
2026-03-17 12:00:11,0,0,0,1,0
2026-03-17 12:00:11,0,0,0,0,0
2026-03-17 12:00:11,0,0,0,0,0
2026-03-17 12:00:12,0,0,0,0,0
2026-03-17 12:00:12,0,0,0,1,0
2026-03-17 12:00:12,0,0,0,1,0
2026-03-17 12:00:12,0,0,0,1,0
2026-03-17 12:00:12,0,0,0,1,0
2026-03-17 12:00:12,0,0,0,1,0
2026-03-17 12:00:13,0,0,0,1,0
2026-03-17 12:00:13,0,0,0,1,0
2026-03-17 12:00:13,0,0,0,1,0
2026-03-17 12:00:13,0,0,0,0,0
2026-03-17 12:00:13,0,0,0,1,0
2026-03-17 12:00:14,0,0,0,0,0
2026-03-17 12:00:14,0,0,0,0,0
2026-03-17 12:00:14,0,0,0,1,0
2026-03-17 12:00:14,0,0,0,1,0
2026-03-17 12:00:14,0,0,0,0,0
2026-03-17 12:00:14,0,0,0,1,0
2026-03-17 12:00:15,0,0,0,0,0
2026-03-17 12:00:15,0,0,0,1,0
2026-03-17 12:00:15,0,0,0,1,0
2026-03-17 12:00:15,0,0,0,1,0
2026-03-17 12:00:15,0,0,0,0,0
2026-03-17 12:00:15,0,0,0,0,0
2026-03-17 12:00:16,0,0,0,0,0
2026-03-17 12:00:16,0,0,0,1,0
2026-03-17 12:00:16,0,0,0,0,0
2026-03-17 12:00:16,0,0,0,1,0
2026-03-17 12:00:16,0,0,0,1,0
2026-03-17 12:00:16,0,0,0,0,0
2026-03-17 12:00:17,0,0,0,0,0
2026-03-17 12:00:17,0,0,0,0,0
2026-03-17 12:00:17,0,0,0,0,0
2026-03-17 12:00:17,0,0,0,0,0
2026-03-17 12:00:17,0,0,0,0,0
2026-03-17 12:00:17,0,0,0,1,0
2026-03-17 12:00:18,0,0,0,1,0
2026-03-17 12:00:18,0,0,0,0,0
2026-03-17 12:00:18,0,0,0,1,0
2026-03-17 12:00:18,0,0,0,1,0
2026-03-17 12:00:18,0,0,0,0,0
2026-03-17 12:00:18,0,0,0,1,0
2026-03-17 12:00:19,0,0,0,0,0
2026-03-17 12:00:19,0,0,0,1,0
2026-03-17 12:00:19,0,0,0,0,0
2026-03-17 12:00:19,0,0,0,0,0
2026-03-17 12:00:19,0,0,0,1,0
2026-03-17 12:00:19,0,0,0,1,0
2026-03-17 12:00:20,0,0,0,1,0
2026-03-17 12:00:20,0,0,0,0,0
2026-03-17 12:00:20,0,0,0,1,0
2026-03-17 12:00:20,0,0,0,0,0
2026-03-17 12:00:20,0,0,0,0,0
2026-03-17 12:00:21,0,0,0,0,0
2026-03-17 12:00:21,0,0,0,0,0
2026-03-17 12:00:21,0,0,0,1,0
2026-03-17 12:00:21,0,0,0,0,0
2026-03-17 12:00:21,0,0,0,0,0
2026-03-17 12:00:22,0,0,0,1,0
2026-03-17 12:00:22,0,0,0,0,0
2026-03-17 12:00:22,0,0,0,1,0
2026-03-17 12:00:22,0,0,0,1,0
2026-03-17 12:00:22,0,0,0,0,0
2026-03-17 12:00:22,0,0,0,0,0
2026-03-17 12:00:23,0,0,0,1,0
2026-03-17 12:00:23,0,0,0,1,0
2026-03-17 12:00:23,0,0,0,0,0
2026-03-17 12:00:23,0,0,0,0,0
2026-03-17 12:00:23,0,0,0,1,0
2026-03-17 12:00:23,0,0,0,0,0
2026-03-17 12:00:24,0,0,0,0,0
2026-03-17 12:00:24,0,0,0,0,0
2026-03-17 12:00:24,0,0,0,0,0
2026-03-17 12:00:24,0,0,0,0,0
2026-03-17 12:00:24,0,0,0,0,0
2026-03-17 12:00:24,0,0,0,0,0
2026-03-17 12:00:24,0,0,0,0,0
2026-03-17 12:00:25,0,0,0,0,0
2026-03-17 12:00:25,0,0,0,0,0
2026-03-17 12:00:25,0,0,0,0,0
2026-03-17 12:00:25,0,0,0,1,0
2026-03-17 12:00:25,0,0,0,1,0
2026-03-17 12:00:25,0,0,0,1,0
2026-03-17 12:00:26,0,0,0,1,0
2026-03-17 12:00:26,0,0,0,1,0
2026-03-17 12:00:26,0,0,0,1,0
2026-03-17 12:00:26,0,0,0,1,0
2026-03-17 12:00:26,0,0,0,1,0
2026-03-17 12:00:26,0,0,0,1,0
2026-03-17 12:00:26,0,0,0,1,0
2026-03-17 12:00:27,0,0,0,1,0
2026-03-17 12:00:27,0,0,0,1,0
2026-03-17 12:00:27,0,0,0,1,0
2026-03-17 12:00:28,0,0,0,1,0
2026-03-17 12:00:28,0,0,0,1,0
2026-03-17 12:00:28,0,0,0,1,0
2026-03-17 12:00:28,0,0,0,1,0
2026-03-17 12:00:29,0,0,0,1,0
2026-03-17 12:00:29,0,0,0,1,0
2026-03-17 12:00:29,0,0,0,1,0
2026-03-17 12:00:29,0,0,0,1,0
2026-03-17 12:00:30,0,0,0,1,1
2026-03-17 12:00:30,0,0,0,1,1
2026-03-17 12:00:31,0,0,0,1,1
2026-03-17 12:00:31,0,0,0,1,1
2026-03-17 12:00:31,0,0,0,1,1
2026-03-17 12:00:31,0,0,0,1,1
2026-03-18 21:59:30,0,0,0,0,0
2026-03-18 21:59:30,0,0,0,0,0
2026-03-18 21:59:30,0,0,0,0,0
2026-03-18 21:59:30,0,0,0,0,0
2026-03-18 21:59:31,0,0,0,0,0
2026-03-18 21:59:31,0,0,0,0,0
2026-03-18 21:59:31,0,0,0,0,0
2026-03-18 21:59:32,0,0,0,0,0
2026-03-18 21:59:32,0,0,0,0,0
2026-03-18 21:59:33,0,0,0,0,0
2026-03-18 21:59:33,0,0,0,0,0
2026-03-18 21:59:33,0,0,0,0,0
2026-03-18 21:59:34,0,0,0,0,0
2026-03-18 21:59:34,0,0,0,0,0
2026-03-18 21:59:34,0,0,0,0,0
2026-03-18 21:59:35,0,0,0,0,0
2026-03-18 21:59:35,0,0,0,0,0
2026-03-18 21:59:35,0,0,0,0,0
2026-03-18 21:59:36,0,0,0,0,0
2026-03-18 21:59:36,0,0,0,0,0
2026-03-18 21:59:36,0,0,0,0,0
2026-03-18 21:59:36,0,0,0,0,0
2026-03-18 21:59:36,0,0,0,1,0
2026-03-18 21:59:37,0,0,0,1,0
2026-03-18 21:59:37,0,0,0,1,0
2026-03-18 21:59:37,0,0,0,1,0
2026-03-18 21:59:37,0,0,0,1,0
2026-03-18 21:59:37,0,0,0,1,0
2026-03-18 21:59:38,0,0,0,1,0
2026-03-18 21:59:38,0,0,0,1,0
2026-03-18 21:59:38,0,0,0,1,0
2026-03-18 21:59:39,0,0,0,1,0
2026-03-18 21:59:39,0,0,0,1,0
2026-03-18 21:59:39,0,0,0,1,0
2026-03-18 21:59:39,0,0,0,1,0
2026-03-18 21:59:39,0,0,0,1,0
2026-03-18 21:59:40,0,0,0,1,0
2026-03-18 21:59:40,0,0,0,1,0
2026-03-18 21:59:40,0,0,0,1,0
2026-03-18 21:59:40,0,0,0,1,0
2026-03-18 21:59:41,0,0,0,0,0
2026-03-18 21:59:41,0,0,0,0,0
2026-03-18 21:59:41,0,0,0,0,0
2026-03-18 21:59:41,0,0,0,0,0
2026-03-18 21:59:41,0,0,0,0,0
2026-03-18 21:59:42,0,0,0,0,0
2026-03-18 21:59:42,0,0,0,0,0
2026-03-18 21:59:42,0,0,0,0,0
2026-03-18 21:59:42,0,0,0,0,0
2026-03-18 21:59:43,0,0,0,0,0
2026-03-18 21:59:43,0,0,0,0,0
2026-03-18 21:59:43,0,0,0,0,0
2026-03-18 21:59:43,0,0,0,0,0
2026-03-18 21:59:43,0,0,0,0,0
2026-03-18 21:59:44,0,0,0,0,0
2026-03-18 21:59:44,0,0,0,1,0
2026-03-18 21:59:44,0,0,0,1,0
2026-03-18 21:59:44,0,0,0,0,0
2026-03-18 21:59:44,0,0,0,0,0
2026-03-18 21:59:45,0,0,0,0,0
2026-03-18 21:59:45,0,0,0,0,0
2026-03-18 21:59:45,0,0,0,0,0
2026-03-18 21:59:45,0,0,0,1,0
2026-03-18 21:59:45,0,0,0,1,0
2026-03-18 21:59:46,0,0,0,1,0
2026-03-18 21:59:46,0,0,0,1,0
2026-03-18 21:59:46,0,0,0,1,0
2026-03-18 21:59:46,0,0,0,1,0
2026-03-18 21:59:46,0,0,0,1,0
2026-03-18 21:59:47,0,0,0,1,0
2026-03-18 21:59:47,0,0,0,1,0
2026-03-18 21:59:47,0,0,0,1,0
2026-03-18 21:59:47,0,0,0,1,0
2026-03-18 21:59:48,0,0,0,1,0
2026-03-18 21:59:48,0,0,0,1,0
2026-03-18 21:59:48,0,0,0,1,0
2026-03-18 21:59:48,0,0,0,1,0
2026-03-18 21:59:48,0,0,0,1,0
2026-03-18 21:59:49,0,0,0,1,0
2026-03-18 21:59:49,0,0,0,1,0
2026-03-18 21:59:49,0,0,0,1,0
2026-03-18 21:59:49,0,0,0,1,0
2026-03-18 21:59:49,0,0,0,1,0
2026-03-18 21:59:50,0,0,0,1,0
2026-03-18 21:59:50,0,0,0,1,0
2026-03-18 21:59:50,0,0,0,1,0
2026-03-18 21:59:50,0,0,0,1,0
2026-03-18 21:59:50,0,0,0,1,0
2026-03-18 21:59:50,0,0,0,2,0
2026-03-18 21:59:51,0,0,0,2,0
2026-03-18 21:59:51,0,0,0,2,0
2026-03-18 21:59:51,0,0,0,2,0
2026-03-18 21:59:51,0,0,0,2,0
2026-03-18 21:59:52,0,0,0,2,0
2026-03-18 21:59:52,0,0,0,2,0
2026-03-18 21:59:52,0,0,0,2,0
2026-03-18 21:59:52,0,0,0,2,0
2026-03-18 21:59:53,0,0,0,2,0
2026-03-18 21:59:53,0,0,0,2,0
2026-03-18 21:59:53,0,0,0,2,0
2026-03-18 21:59:53,0,0,0,2,0
2026-03-18 21:59:53,0,0,0,2,0
2026-03-18 21:59:54,0,0,0,2,0
2026-03-18 21:59:54,0,0,0,2,0
2026-03-18 21:59:54,0,0,0,2,0
2026-03-18 21:59:54,0,0,0,2,0
2026-03-18 21:59:55,0,0,0,2,0
2026-03-18 21:59:55,0,0,0,2,0
2026-03-18 21:59:55,0,0,0,2,0
2026-03-18 21:59:55,0,0,0,2,0
2026-03-18 21:59:55,0,0,0,2,0
2026-03-18 21:59:55,0,0,0,2,0
2026-03-18 21:59:56,0,0,0,2,0
2026-03-18 21:59:56,0,0,0,2,0
2026-03-18 21:59:56,0,0,0,2,0
2026-03-18 21:59:56,0,0,0,2,0
2026-03-18 21:59:56,0,0,0,2,0
2026-03-18 21:59:56,0,0,0,2,0
2026-03-18 21:59:57,0,0,0,2,0
2026-03-18 21:59:57,0,0,0,2,0
2026-03-18 21:59:57,0,0,0,2,0
2026-03-18 21:59:57,0,0,0,2,0
2026-03-18 21:59:57,0,0,0,2,0
2026-03-18 21:59:57,0,0,0,2,0
2026-03-18 21:59:58,0,0,0,2,0
2026-03-18 21:59:58,0,0,0,2,0
2026-03-18 21:59:58,0,0,0,2,0
2026-03-18 21:59:58,0,0,0,2,0
2026-03-18 21:59:59,0,0,0,2,0
2026-03-18 21:59:59,0,0,0,1,0
2026-03-18 21:59:59,0,0,0,1,0
2026-03-18 21:59:59,0,0,0,1,0
2026-03-18 22:00:00,0,0,0,1,0
2026-03-18 22:00:00,0,0,0,1,0
2026-03-18 22:00:00,0,0,0,1,0
2026-03-18 22:00:00,0,0,0,1,0
2026-03-18 22:00:00,0,0,0,1,0
2026-03-18 22:00:00,0,0,0,1,0
2026-03-22 16:32:58,0,0,0,0,0
2026-03-22 16:32:58,0,0,0,0,0
2026-03-22 16:32:59,0,0,0,0,0
2026-03-22 16:32:59,0,0,0,0,0
2026-03-22 16:32:59,0,0,0,0,0
2026-03-22 16:33:00,0,0,0,0,0
2026-03-22 16:33:00,0,0,0,0,0
2026-03-22 16:33:00,0,0,0,0,0
2026-03-22 16:33:00,0,0,0,0,0
2026-03-22 16:33:01,0,0,0,0,0
2026-03-22 16:33:01,0,0,0,0,0
2026-03-22 16:33:01,0,0,0,0,0
2026-03-22 16:33:01,0,0,0,0,0
2026-03-22 16:33:02,0,0,0,0,0
2026-03-22 16:33:02,0,0,0,0,0
2026-03-22 16:33:02,0,0,0,0,0
2026-03-22 16:33:03,0,0,0,0,0
2026-03-22 16:33:03,0,0,0,0,0
2026-03-22 16:33:03,0,0,0,0,0
2026-03-22 16:33:03,0,0,0,1,0
2026-03-22 16:33:04,0,0,0,0,0
2026-03-22 16:33:04,0,0,0,0,0
2026-03-22 16:33:04,0,0,0,0,0
2026-03-22 16:33:05,0,0,0,0,0
2026-03-22 16:33:05,0,0,0,0,0
2026-03-22 16:33:05,0,0,0,0,0
2026-03-22 16:33:05,0,0,0,0,0
2026-03-22 16:33:06,0,0,0,0,0
2026-03-22 16:33:06,0,0,0,0,0
2026-03-22 16:33:06,0,0,0,0,0
2026-03-22 16:33:06,0,0,0,0,0
2026-03-22 16:33:07,0,0,0,0,0
2026-03-22 16:33:07,0,0,0,0,0
2026-03-22 16:33:07,0,0,0,0,0
2026-03-22 16:33:08,0,0,0,0,0
2026-03-22 16:33:08,0,0,0,0,0
2026-03-22 16:33:08,0,0,0,0,0
2026-03-22 16:33:08,0,0,0,0,0
2026-03-22 16:33:09,0,0,0,0,0
2026-03-22 16:33:09,0,0,0,0,0
2026-03-22 16:33:09,0,0,0,0,0
2026-03-22 16:33:09,0,0,0,0,0
2026-03-22 16:33:10,0,0,0,0,0
2026-03-22 16:33:10,0,0,0,0,0
2026-03-22 16:33:10,0,0,0,0,0
2026-03-22 16:33:10,0,0,0,0,0
2026-03-22 16:33:11,0,0,0,0,0
2026-03-22 16:33:11,0,0,0,0,0
2026-03-22 16:33:11,0,0,0,0,0
2026-03-22 16:33:11,0,0,0,0,0
2026-03-22 16:33:12,0,0,0,0,0
2026-03-22 16:33:12,0,0,0,0,0
2026-03-22 16:33:12,0,0,0,0,0
2026-03-22 16:33:12,0,0,0,0,0
2026-03-22 16:33:13,0,0,0,0,0
2026-03-22 16:33:13,0,0,0,0,0
2026-03-22 16:33:13,0,0,0,0,0
2026-03-22 16:33:14,0,0,0,0,0
2026-03-22 16:33:14,0,0,0,0,0
2026-03-22 16:33:14,0,0,0,0,0
2026-03-22 16:33:14,0,0,0,0,0
2026-03-22 16:33:15,0,0,0,0,0
2026-03-22 16:33:15,0,0,0,0,0
2026-03-22 16:33:15,0,0,0,0,0
2026-03-22 16:33:15,0,0,0,0,0
2026-03-22 16:33:16,0,0,0,0,0
2026-03-22 16:33:16,0,0,0,0,0
2026-03-22 16:33:16,0,0,0,0,0
2026-03-22 16:33:17,0,0,0,0,0
2026-03-22 16:33:17,0,0,0,0,0
2026-03-22 16:33:17,0,0,0,0,0
2026-03-22 16:33:17,0,0,0,0,0
2026-03-22 16:33:18,0,0,0,0,0
2026-03-22 16:33:18,0,0,0,0,0
2026-03-22 16:33:18,0,0,0,0,0
2026-03-22 16:33:18,0,0,0,0,0
2026-03-22 16:33:19,0,0,0,0,0
2026-03-22 16:33:19,0,0,0,0,0
2026-03-22 16:33:19,0,0,0,0,0
2026-03-22 16:33:19,0,0,0,0,0
2026-03-22 16:33:20,0,0,0,0,0
2026-03-22 16:33:20,0,0,0,0,0
2026-03-22 16:33:20,0,0,0,0,0
2026-03-22 16:33:21,0,0,0,0,0
2026-03-22 16:33:21,0,0,0,0,0
2026-03-22 16:33:21,0,0,0,0,0
2026-03-22 16:33:21,0,0,0,0,0
2026-03-22 16:33:22,0,0,0,0,0
2026-03-22 16:33:22,0,0,0,0,0
2026-03-22 16:33:22,0,0,0,0,0
2026-03-22 16:33:22,0,0,0,0,0
2026-03-22 16:33:23,0,0,0,0,0
2026-03-22 16:33:23,0,0,0,0,0
2026-03-22 16:33:23,0,0,0,0,0
2026-03-22 16:33:23,0,0,0,0,0
2026-03-22 16:33:24,0,0,0,0,0
2026-03-22 16:33:24,0,0,0,0,0
2026-03-22 16:33:24,0,0,0,0,0
2026-03-22 16:33:24,0,0,0,0,0
2026-03-22 16:33:25,0,0,0,0,0
2026-03-22 16:33:25,0,0,0,0,0
2026-03-22 16:33:25,0,0,0,0,0
2026-03-22 16:33:25,0,0,0,0,0
2026-03-22 16:33:26,0,0,0,0,0
2026-03-22 16:33:26,0,0,0,0,0
2026-03-22 16:33:26,0,0,0,0,0
2026-03-22 16:33:26,0,0,0,0,0
2026-03-22 16:33:26,0,0,0,0,0
2026-03-22 16:33:27,0,0,0,0,0
2026-03-22 16:33:27,0,0,0,0,0
2026-03-22 16:33:27,0,0,0,0,0
2026-03-22 16:33:27,0,0,0,0,0
2026-03-22 16:33:28,0,0,0,0,0
2026-03-22 16:33:28,0,0,0,0,0
2026-03-22 16:33:28,0,0,0,0,0
2026-03-22 16:33:29,0,0,0,0,0
2026-03-22 16:33:29,0,0,0,0,0
2026-03-22 16:33:29,0,0,0,0,0
2026-03-22 16:33:29,0,0,0,0,0
2026-03-22 16:33:29,0,0,0,0,0
2026-03-22 16:33:30,0,0,0,0,0
2026-03-22 16:33:30,0,0,0,0,0
2026-03-22 16:33:30,0,0,0,0,0
2026-03-22 16:33:30,0,0,0,0,0
2026-03-22 16:33:31,0,0,0,0,0
2026-03-22 16:33:31,0,0,0,0,0
2026-03-22 16:33:31,0,0,0,0,0
2026-03-22 16:33:31,0,0,0,0,0
2026-03-22 16:33:32,0,0,0,0,0
2026-03-22 16:33:32,0,0,0,0,0
2026-03-22 16:33:32,0,0,0,0,0
2026-03-22 16:33:32,0,0,0,0,0
2026-03-22 16:33:33,0,0,0,0,0
2026-03-22 16:33:33,0,0,0,0,0
2026-03-22 16:33:33,0,0,0,0,0
2026-03-22 16:33:33,0,0,0,0,0
2026-03-22 16:33:34,0,0,0,0,0
2026-03-22 16:33:34,0,0,0,0,0
2026-03-22 16:33:34,0,0,0,0,0
2026-03-22 16:33:34,0,0,0,0,0
2026-03-22 16:33:35,0,0,0,0,0
2026-03-22 16:33:35,0,0,0,0,0
2026-03-22 16:33:36,0,0,0,0,0
2026-03-22 16:33:36,0,0,0,0,0
2026-03-22 16:33:37,0,0,0,0,0
2026-03-22 16:33:37,0,0,0,0,0
2026-03-22 16:33:37,0,0,0,0,0
2026-03-22 16:33:38,0,0,0,0,0
2026-03-22 16:33:38,0,0,0,0,0
2026-03-22 16:33:38,0,0,0,0,0
2026-03-22 16:33:38,0,0,0,0,0
2026-03-22 16:33:39,0,0,0,0,0
2026-03-22 16:33:39,0,0,0,0,0
2026-03-22 16:33:40,0,0,0,0,0
2026-03-22 16:33:40,0,0,0,0,0
2026-03-22 16:33:40,0,0,0,0,0
2026-03-22 16:33:41,0,0,0,0,0
2026-03-22 16:33:41,0,0,0,0,0
2026-03-22 16:33:42,0,0,0,0,0
2026-03-22 16:33:42,0,0,0,0,0
2026-03-22 16:33:42,0,0,0,0,0
2026-03-22 16:33:43,0,0,0,0,0
2026-03-22 16:33:43,0,0,0,0,0
2026-03-22 16:33:43,0,0,0,0,0
2026-03-22 16:33:44,0,0,0,0,0
2026-03-22 16:33:44,0,0,0,0,0
2026-03-22 16:33:45,0,0,0,0,0
2026-03-22 16:33:45,0,0,0,0,0
2026-03-22 16:33:45,0,0,0,0,0
2026-03-22 16:33:46,0,0,0,0,0
2026-03-22 16:33:46,0,0,0,0,0
2026-03-22 16:33:46,0,0,0,0,0
2026-03-22 16:33:46,0,0,0,0,0
2026-03-22 16:33:47,0,0,0,0,0
2026-03-22 16:33:47,0,0,0,0,0
2026-03-22 16:33:47,0,0,0,0,0
2026-03-22 16:33:48,0,0,0,0,0
2026-03-22 16:33:48,0,0,0,0,0
2026-03-22 16:33:48,0,0,0,0,0
2026-03-22 16:33:49,0,0,0,0,0
2026-03-22 16:33:49,0,0,0,0,0
2026-03-22 16:33:49,0,0,0,0,0
2026-03-22 16:33:50,0,0,0,0,0
2026-03-22 16:33:50,0,0,0,0,0
2026-03-22 16:33:51,0,0,0,0,0
2026-03-22 16:33:51,0,0,0,0,0
2026-03-22 16:33:51,0,0,0,0,0
2026-03-22 16:33:54,0,0,0,0,0
2026-03-22 16:33:55,0,0,0,0,0
2026-03-22 16:33:56,0,0,0,0,0
2026-03-22 16:33:56,0,0,0,0,0
2026-03-22 16:33:57,0,0,0,0,0
2026-03-22 16:33:58,0,0,0,0,0
2026-03-22 16:33:58,0,0,0,0,0
2026-03-22 16:33:59,0,0,0,0,0
2026-03-22 16:34:00,0,0,0,0,0
2026-03-22 16:34:00,0,0,0,0,0
2026-03-22 16:34:01,0,0,0,0,0
2026-03-22 16:34:01,0,0,0,0,0
2026-03-22 16:34:02,0,0,0,0,0
2026-03-22 16:34:02,0,0,0,0,0
2026-03-22 16:34:02,0,0,0,0,0
2026-03-22 16:34:03,0,0,0,0,0
2026-03-22 16:34:03,0,0,0,0,0
2026-03-22 16:34:03,0,0,0,0,0
2026-03-22 16:34:04,0,0,0,0,0
2026-03-22 16:34:04,0,0,0,0,0
2026-03-22 16:34:04,0,0,0,0,0
2026-03-22 16:34:04,0,0,0,0,0
2026-03-22 16:34:05,0,0,0,0,0
2026-03-22 16:34:05,0,0,0,0,0
2026-03-22 16:34:05,0,0,0,0,0
2026-03-22 16:34:06,0,0,0,0,0
2026-03-22 16:34:06,0,0,0,0,0
2026-03-22 16:34:06,0,0,0,0,0
2026-03-22 16:34:06,0,0,0,0,0
2026-03-22 16:34:06,0,0,0,0,0
2026-03-22 16:34:07,0,0,0,0,0
2026-03-22 16:34:27,0,0,0,0,0
2026-03-22 16:34:28,0,0,0,0,0
2026-03-22 16:34:28,0,0,0,0,0
2026-03-22 16:34:28,0,0,0,0,0
2026-03-22 16:34:28,0,0,0,0,0
2026-03-22 16:36:35,0,0,0,0,0
2026-03-22 16:36:35,0,0,0,0,0
2026-03-22 16:36:35,0,0,0,0,0
2026-03-22 16:36:35,0,0,0,0,0
2026-03-22 16:36:35,0,0,0,0,0
2026-03-22 16:36:36,0,0,0,0,0
2026-03-22 16:36:36,0,0,0,0,0
2026-03-22 16:36:36,0,0,0,0,0
2026-03-22 16:36:36,0,0,0,0,0
2026-03-22 16:36:37,0,0,0,0,0
2026-03-22 16:36:37,0,0,0,0,0
2026-03-22 16:36:37,0,0,0,0,0
2026-03-22 16:36:37,0,0,0,0,0
2026-03-22 16:36:38,0,0,0,0,0
2026-03-22 16:36:38,0,0,0,0,0
2026-03-22 16:36:38,0,0,0,0,0
2026-03-22 16:36:38,0,0,0,0,0
2026-03-22 16:36:39,0,0,0,0,0
2026-03-22 16:36:39,0,0,0,0,0
2026-03-22 16:36:39,0,0,0,0,0
2026-03-22 16:36:39,0,0,0,0,0
2026-03-22 16:36:40,0,0,0,0,0
2026-03-22 16:36:40,0,0,0,0,0
2026-03-22 16:36:40,0,0,0,0,0
2026-03-22 16:36:41,0,0,0,0,0
2026-03-22 16:36:41,0,0,0,0,0
2026-03-22 16:36:41,0,0,0,0,0
2026-03-22 16:36:41,0,0,0,0,0
2026-03-22 16:36:42,0,0,0,0,0
2026-03-22 16:36:42,0,0,0,0,0
2026-03-22 16:36:42,0,0,0,0,0
2026-03-22 16:36:42,0,0,0,0,0
2026-03-22 16:36:43,0,0,0,0,0
2026-03-22 16:36:43,0,0,0,0,0
2026-03-22 16:36:43,0,0,0,0,0
2026-03-22 16:36:43,0,0,0,0,0
2026-03-22 16:36:44,0,0,0,0,0
2026-03-22 16:36:44,0,0,0,0,0
2026-03-22 16:36:44,0,0,0,0,0
2026-03-22 16:36:44,0,0,0,0,0
2026-03-22 16:36:44,0,0,0,1,0
2026-03-22 16:36:45,0,0,0,1,0
2026-03-22 16:36:45,0,0,0,1,0
2026-03-22 16:36:45,0,0,0,1,0
2026-03-22 16:36:45,0,0,0,1,0
2026-03-22 16:36:46,0,0,0,1,0
2026-03-22 16:36:46,0,0,0,1,0
2026-03-22 16:36:46,0,0,0,1,0
2026-03-22 16:36:46,0,0,0,1,0
2026-03-22 16:36:47,0,0,0,1,0
2026-03-22 16:36:47,0,0,0,1,0
2026-03-22 16:36:47,0,0,0,1,0
2026-03-22 16:36:47,0,0,0,1,0
2026-03-22 16:36:48,0,0,0,1,0
2026-03-22 16:36:48,0,0,0,1,0
2026-03-22 16:36:48,0,0,0,1,0
2026-03-22 16:36:49,0,0,0,1,0
2026-03-22 16:36:49,0,0,0,1,0
2026-03-22 16:36:49,0,0,0,1,0
2026-03-22 16:36:49,0,0,0,1,0
2026-03-22 16:36:50,0,0,0,1,0
2026-03-22 16:36:50,0,0,0,1,0
2026-03-22 16:36:50,0,0,0,1,0
2026-03-22 16:36:50,0,0,0,1,0
2026-03-22 16:36:51,0,0,0,1,0
2026-03-22 16:36:51,0,0,0,1,0
2026-03-22 16:36:51,0,0,0,1,0
2026-03-22 16:36:51,0,0,0,1,0
2026-03-22 16:36:52,0,0,0,1,0
2026-03-22 16:36:52,0,0,0,1,0
2026-03-22 16:36:52,0,0,0,1,0
2026-03-22 16:36:52,0,0,0,1,0
2026-03-22 16:36:53,0,0,0,1,0
2026-03-22 16:36:53,0,0,0,1,0
2026-03-22 16:36:53,0,0,0,1,0
2026-03-22 16:36:53,0,0,0,1,0
2026-03-22 16:36:53,0,0,0,1,0
2026-03-22 16:36:54,0,0,0,1,0
2026-03-22 16:36:54,0,0,0,1,0
2026-03-22 16:36:54,0,0,0,1,0
2026-03-22 16:36:54,0,0,0,1,0
2026-03-22 16:36:55,0,0,0,1,0
2026-03-22 16:36:55,0,0,0,1,0
2026-03-22 16:36:55,0,0,0,1,0
2026-03-22 16:36:55,0,0,0,1,0
2026-03-22 16:36:56,0,0,0,1,0
2026-03-22 16:36:56,0,0,0,1,0
2026-03-22 16:36:56,0,0,0,1,0
2026-03-22 16:36:56,0,0,0,1,0
2026-03-22 16:36:56,0,0,0,1,0
2026-03-22 16:36:57,0,0,0,1,0
2026-03-22 16:36:57,0,0,0,1,0
2026-03-22 16:36:57,0,0,0,1,0
2026-03-22 16:36:57,0,0,0,1,0
2026-03-22 16:36:58,0,0,0,1,0
2026-03-22 16:36:58,0,0,0,1,0
2026-03-22 16:36:58,0,0,0,1,0
2026-03-22 16:36:58,0,0,0,1,0
2026-03-22 16:36:59,0,0,0,1,0
2026-03-22 16:36:59,0,0,0,1,0
2026-03-22 16:36:59,1,0,1,0,1
2026-03-22 16:36:59,1,0,1,0,1
2026-03-22 16:37:00,1,0,1,0,1
2026-03-22 16:37:00,1,0,1,0,1
2026-03-22 16:37:00,1,0,1,0,1
2026-03-22 16:37:00,1,0,1,0,1
2026-03-22 16:37:01,1,0,1,0,1
2026-03-22 16:37:01,1,0,1,0,0
2026-03-22 16:37:01,1,0,1,0,0
2026-03-22 16:37:02,1,0,1,0,0
2026-03-22 16:37:02,1,0,1,0,0
2026-03-22 16:37:02,1,0,1,0,0
2026-03-22 16:37:02,1,0,1,1,0
2026-03-22 16:37:03,1,0,1,1,0
2026-03-22 16:37:03,1,0,1,1,0
2026-03-22 16:37:03,1,0,1,1,0
2026-03-22 16:37:04,1,0,1,1,0
2026-03-22 16:37:04,1,0,1,1,0
2026-03-22 16:37:04,1,0,1,1,0
2026-03-22 16:37:05,1,0,1,1,0
2026-03-22 16:37:05,1,0,1,1,0
2026-03-22 16:37:05,1,0,1,1,0
2026-03-22 16:37:06,1,0,1,1,0
2026-03-22 16:37:06,1,0,1,1,0
2026-03-22 16:37:06,1,0,1,1,0
2026-03-22 16:37:06,1,0,1,1,0
2026-03-22 16:37:06,1,0,1,1,0
2026-03-22 16:37:07,1,0,1,1,0
2026-03-22 16:37:07,1,0,1,1,0
2026-03-22 16:37:07,1,0,1,1,0
2026-03-22 16:37:07,1,0,1,1,0
2026-03-22 16:37:08,1,0,1,1,0
2026-03-22 16:37:08,1,0,1,1,0
2026-03-22 16:37:08,1,0,1,1,0
2026-03-22 16:37:08,1,0,1,0,0
2026-03-22 16:37:09,1,0,1,0,0
2026-03-22 16:37:09,1,0,1,1,0
2026-03-22 16:37:09,1,0,1,1,0
2026-03-22 16:37:10,1,0,1,1,0
2026-03-22 16:37:10,1,0,1,0,0
2026-03-22 16:37:11,1,0,1,1,0
2026-03-22 16:37:11,1,0,1,1,0
2026-03-22 16:37:11,1,0,1,1,0
2026-03-22 16:37:12,1,0,1,0,0
2026-03-22 16:37:12,1,0,1,0,0
2026-03-22 16:37:12,1,0,1,0,0
2026-03-22 16:37:12,1,0,1,0,0
2026-03-22 16:37:13,1,0,1,1,0
2026-03-22 16:37:13,1,0,1,1,0
2026-03-22 16:37:13,1,0,1,1,0
2026-03-22 16:37:13,1,0,1,0,0
2026-03-22 16:37:14,1,0,1,1,0
2026-03-22 16:37:14,1,0,1,0,0
2026-03-22 16:37:15,1,0,1,0,0
2026-03-22 16:37:15,1,0,1,0,0
2026-03-22 16:37:15,1,0,1,1,0
2026-03-22 16:37:16,1,0,1,0,0
2026-03-22 16:37:16,1,0,1,0,0
2026-03-22 16:37:16,1,0,1,1,0
2026-03-22 16:37:17,1,0,1,0,0
2026-03-22 16:37:17,1,0,1,0,0
2026-03-22 16:37:18,1,0,1,0,0
2026-03-22 16:37:18,1,0,1,0,0
2026-03-22 16:37:18,1,0,1,0,0
2026-03-22 16:37:19,1,0,1,0,0
2026-03-22 16:37:19,1,0,1,0,0
2026-03-22 16:37:19,1,0,1,1,0
2026-03-22 16:37:20,1,0,1,1,0
2026-03-22 16:37:20,1,0,1,0,0
2026-03-22 16:37:20,1,0,1,0,0
2026-03-22 16:37:20,1,0,1,0,0
2026-03-22 16:37:21,1,0,1,0,0
2026-03-22 16:37:21,1,0,1,0,0
2026-03-22 16:37:21,1,0,1,0,0
2026-03-22 16:37:21,1,0,1,0,0
2026-03-22 16:37:22,1,0,1,0,0
2026-03-22 16:37:22,1,0,1,0,0
2026-03-22 16:37:23,1,0,1,0,0
2026-03-22 16:37:23,1,0,1,0,0
2026-03-22 16:37:23,1,0,1,0,0
2026-03-22 16:37:24,1,0,1,0,0
2026-03-22 16:37:24,1,0,1,0,0
2026-03-22 16:37:24,1,0,1,0,0
2026-03-22 16:37:25,1,0,1,0,0
2026-03-22 16:37:26,1,0,1,0,0
2026-03-22 16:37:26,1,0,1,1,0
2026-03-22 16:37:26,1,0,1,0,0
2026-03-22 16:37:26,1,0,1,0,0
2026-03-22 16:37:27,1,0,1,0,0
2026-03-22 16:37:27,1,0,1,0,0
2026-03-22 16:37:27,1,0,1,1,0
2026-03-22 16:37:27,1,0,1,1,0
2026-03-22 16:37:28,1,0,1,0,0
2026-03-22 16:37:28,1,0,1,0,0
2026-03-22 16:37:28,1,0,1,0,0
2026-03-22 16:37:29,1,0,1,1,0
2026-03-22 16:37:29,1,0,1,1,0
2026-03-22 20:47:02,0,0,0,0,1
2026-03-22 20:47:02,0,0,0,1,1
2026-03-22 20:47:03,0,0,0,1,1
2026-03-22 20:47:03,0,0,0,1,1
2026-03-22 20:47:03,0,0,0,1,1
2026-03-22 20:47:04,0,0,0,1,1
2026-03-22 20:47:04,0,0,0,1,1
2026-03-22 20:47:04,0,0,0,1,1
2026-03-22 20:47:04,0,0,0,2,1
2026-03-22 20:47:05,0,0,0,2,1
2026-03-22 20:47:05,0,0,0,2,1
2026-03-22 20:47:05,0,0,0,2,1
2026-03-22 20:47:06,0,0,0,2,1
2026-03-22 20:47:06,0,0,0,2,1
2026-03-22 20:47:06,0,0,0,2,1
2026-03-22 20:47:06,0,0,0,2,1
2026-03-22 20:47:07,0,0,0,2,1
2026-03-22 20:47:07,0,0,0,2,1
2026-03-22 20:47:07,0,0,0,2,1
2026-03-22 20:47:07,0,0,0,2,1
2026-03-22 20:47:08,0,0,0,2,1
2026-03-22 20:47:08,0,0,0,2,1
2026-03-22 20:47:08,0,0,0,2,1
2026-03-22 20:47:09,0,0,0,2,1
2026-03-22 20:47:09,0,0,0,2,1
2026-03-22 20:47:09,0,0,0,2,1
2026-03-22 20:47:09,0,0,0,2,1
2026-03-22 20:47:10,0,0,0,2,1
2026-03-22 20:47:10,0,0,0,2,1
2026-03-22 20:47:10,0,0,0,2,1
2026-03-22 20:47:10,0,0,0,2,1
2026-03-22 20:47:11,0,0,0,2,1
2026-03-22 20:47:11,0,0,0,2,1
2026-03-22 20:47:11,0,0,0,2,1
2026-03-22 20:47:11,0,0,0,2,1
2026-03-22 20:47:12,0,0,0,2,1
2026-03-22 20:47:12,0,0,0,2,1
2026-03-22 20:47:12,0,0,0,2,1
2026-03-22 20:47:12,0,0,0,2,1
2026-03-22 20:47:12,0,0,0,2,1
2026-03-22 20:47:13,0,0,0,2,1
2026-03-22 20:47:13,0,0,0,2,1
2026-03-22 20:47:13,0,0,0,2,1
2026-03-22 20:47:13,0,0,0,2,1
2026-03-22 20:47:14,0,0,0,2,1
2026-03-22 20:47:14,0,0,0,2,1
2026-03-22 20:47:14,0,0,0,2,1
2026-03-22 20:47:14,0,0,0,2,1
2026-03-22 20:47:15,0,0,0,2,1
2026-03-22 20:47:15,0,0,0,2,1
2026-03-22 20:47:15,0,0,0,2,1
2026-03-22 20:47:15,0,0,0,2,1
2026-03-22 20:47:15,0,0,0,2,1
2026-03-22 20:47:16,0,0,0,2,1
2026-03-22 20:47:16,0,0,0,2,1
2026-03-22 20:47:16,0,0,0,2,1
2026-03-22 20:47:17,0,0,0,2,1
2026-03-22 20:47:17,0,0,0,2,1
2026-03-22 20:47:17,0,0,0,2,1
2026-03-22 20:51:56,0,0,0,1,1
2026-03-22 20:51:57,0,0,0,1,1
2026-03-22 20:51:57,0,0,0,1,1
2026-03-22 20:51:58,0,0,0,1,1
2026-03-22 20:51:58,0,0,0,1,1
2026-03-22 20:51:58,0,0,0,1,1
2026-03-22 20:51:59,0,0,0,1,1
2026-03-22 20:51:59,0,0,0,1,1
2026-03-22 20:52:00,0,0,0,1,1
2026-03-25 20:30:11,0,0,0,0,0
2026-03-25 20:30:12,0,0,0,0,0
2026-03-25 20:30:12,0,0,0,0,0
2026-03-25 20:30:12,0,0,0,0,0
2026-03-25 20:30:13,0,0,0,0,0
2026-03-25 20:30:13,0,0,0,0,0
2026-03-25 20:30:13,0,0,0,0,0
2026-03-25 20:30:14,0,0,0,0,0
2026-03-25 20:30:14,0,0,0,0,0
2026-03-25 20:30:15,0,0,0,0,0
2026-03-25 20:30:15,0,0,0,0,0
2026-03-25 20:30:15,0,0,0,0,0
2026-03-25 20:30:16,0,0,0,0,0
